{"type": "FeatureCollection", "features": [{"type": "Feature", "geometry": {"type": "Point", "coordinates": [25.1, 43.75]}, "properties": {"id": "gdelt-1325235358", "source": "gdelt", "event_type": "Coerce", "sub_type": "CAMEO 173", "date": "2026-09-28", "title": "Coerce — Navodari, Romania (general), Romania", "description": "", "fatalities": null, "actors": ["POLICE"], "country": "RO", "links": ["https://www.stiripesurse.ro/cazul-nordis-pagubiti-lucrari-blocuri-navodari-diicot_3923766"], "confidence": 0.8, "tone": -2.60942760942761, "goldstein": -5.0, "mentions": 10}}, {"type": "Feature", "geometry": {"type": "Point", "coordinates": [12.3281, 55.6184]}, "properties": {"id": "gdelt-1325235359", "source": "gdelt", "event_type": "Coerce", "sub_type": "CAMEO 173", "date": "2026-09-28", "title": "Coerce — Ishoj, Hovedstaden, Denmark", "description": "", "fatalities": null, "actors": ["POLICE"], "country": "DA", "links": ["https://politiken.dk/danmark/art10999526/Landsretten-d%C3%B8mmer-p%C3%A6dagog-til-forvaring-for-overgreb-p%C3%A5-b%C3%B8rn"], "confidence": 0.8, "tone": -4.41176470588235, "goldstein": -5.0, "mentions": 10}}, {"type": "Feature", "geometry": {"type": "Point", "coordinates": [20.0, 52.0]}, "properties": {"id": "gdelt-1325235360", "source": "gdelt", "event_type": "Coerce", "sub_type": "CAMEO 173", "date": "2026-09-28", "title": "Coerce — Poland", "description": "", "fatalities": null, "actors": ["PRISON"], "country": "PL", "links": ["https://www.se.pl/warszawa/zmasakrowal-swojego-ojca-daniel-skatowal-marka-glosnikiem-wczesniej-prowadzil-pasozytniczy-tryb-zycia-aa-7dbx-xdPj-q66Y.html"], "confidence": 0.8, "tone": -9.12698412698412, "goldstein": -5.0, "mentions": 10}}, {"type": "Feature", "geometry": {"type": "Point", "coordinates": [15.0, 62.0]}, "properties": {"id": "gdelt-1325235370", "source": "gdelt", "event_type": "Fight", "sub_type": "CAMEO 192", "date": "2026-09-28", "title": "Fight — Sweden", "description": "", "fatalities": null, "actors": ["ZARAGOZA"], "country": "SW", "links": ["https://www.antena3.com/noticias/sociedad/empuja-anciana-zaragoza-roban-cadena-crucifijo-oro-traga-ser-detenida_202609286aba2947d5f3ae10c736dc26.html"], "confidence": 0.4, "tone": -3.16455696202532, "goldstein": -9.5, "mentions": 2}}, {"type": "Feature", "geometry": {"type": "Point", "coordinates": [-80.0, 9.0]}, "properties": {"id": "gdelt-1325235381", "source": "gdelt", "event_type": "Coerce", "sub_type": "CAMEO 173", "date": "2026-09-28", "title": "Coerce — Panama", "description": "", "fatalities": null, "actors": ["AUTHORITIES"], "country": "PM", "links": ["https://www.prensa.com/politica/hurtos-menores-perdidas-millonarias-y-una-propuesta-que-busca-cambiar-el-juego/"], "confidence": 0.4, "tone": -7.44336569579288, "goldstein": -5.0, "mentions": 2}}, {"type": "Feature", "geometry": {"type": "Point", "coordinates": [44.3939, 33.3386]}, "properties": {"id": "gdelt-1325235389", "source": "gdelt", "event_type": "Coerce", "sub_type": "CAMEO 173", "date": "2026-09-28", "title": "Coerce — Baghdad, Baghdad, Iraq", "description": "", "fatalities": null, "actors": ["BAGHDAD"], "country": "IZ", "links": ["https://www.prensa.com/economia/irak-y-siria-amplian-rutas-para-exportar-petroleo-ante-bloqueo-del-estrecho-de-ormuz/"], "confidence": 0.8, "tone": -1.26582278481012, "goldstein": -5.0, "mentions": 10}}, {"type": "Feature", "geometry": {"type": "Point", "coordinates": [12.6167, 41.45]}, "properties": {"id": "gdelt-1325235393", "source": "gdelt", "event_type": "Fight", "sub_type": "CAMEO 190", "date": "2026-09-28", "title": "Fight — Anzio, Lazio, Italy", "description": "", "fatalities": null, "actors": ["ITALY"], "country": "IT", "links": ["https://www.zazoom.it/2026-09-28/incendio-ad-anzio-fiamme-su-piu-fronti-vicino-alle-case-abbattuti-alcuni-alberi/19732132/"], "confidence": 0.7, "tone": 1.14942528735632, "goldstein": -10.0, "mentions": 8}}, {"type": "Feature", "geometry": {"type": "Point", "coordinates": [11.3333, 46.5]}, "properties": {"id": "gdelt-1325235394", "source": "gdelt", "event_type": "Fight", "sub_type": "CAMEO 190", "date": "2026-09-28", "title": "Fight — Trentino, Trentino-Alto Adige, Italy", "description": "", "fatalities": null, "actors": ["ITALY"], "country": "IT", "links": ["https://opinione.it/editoriali/2026/09/28/giancarlo-lehner-italia-esercito-storia-guerre-prussia-unificazione/"], "confidence": 0.8, "tone": -4.56707897240723, "goldstein": -10.0, "mentions": 10}}, {"type": "Feature", "geometry": {"type": "Point", "coordinates": [15.0, 62.0]}, "properties": {"id": "gdelt-1325235412", "source": "gdelt", "event_type": "Fight", "sub_type": "CAMEO 192", "date": "2026-09-28", "title": "Fight — Sweden", "description": "", "fatalities": null, "actors": ["MEXICO"], "country": "SW", "links": ["https://www.antena3.com/noticias/sociedad/empuja-anciana-zaragoza-roban-cadena-crucifijo-oro-traga-ser-detenida_202609286aba2947d5f3ae10c736dc26.html"], "confidence": 0.5, "tone": -3.16455696202532, "goldstein": -9.5, "mentions": 4}}, {"type": "Feature", "geometry": {"type": "Point", "coordinates": [84.8864, 56.6006]}, "properties": {"id": "gdelt-1325235430", "source": "gdelt", "event_type": "Fight", "sub_type": "CAMEO 190", "date": "2026-09-28", "title": "Fight — Seversk, Tomskaya Oblast', Russia", "description": "", "fatalities": null, "actors": ["RUSSIA"], "country": "RS", "links": ["https://fondsk.ru/news/2026/09/28/specialnaya-voennaya-operaciya-vs-rf-i-sobytiya-na-ukraine-28-sentyabrya-den.html"], "confidence": 0.6000000000000001, "tone": -3.45303867403315, "goldstein": -10.0, "mentions": 6}}, {"type": "Feature", "geometry": {"type": "Point", "coordinates": [32.8644, 39.9272]}, "properties": {"id": "gdelt-1325235441", "source": "gdelt", "event_type": "Fight", "sub_type": "CAMEO 190", "date": "2026-09-28", "title": "Fight — Ankara, Ankara, Turkey", "description": "", "fatalities": null, "actors": ["TURKEY"], "country": "TU", "links": ["https://www.brasil247.com/mundo/turquia-acusa-israel-de-elevar-tensao-apos-incursao-em-al-aqsa/"], "confidence": 0.8, "tone": -3.6, "goldstein": -10.0, "mentions": 10}}, {"type": "Feature", "geometry": {"type": "Point", "coordinates": [32.3086, 46.4975]}, "properties": {"id": "gdelt-1325235443", "source": "gdelt", "event_type": "Fight", "sub_type": "CAMEO 190", "date": "2026-09-28", "title": "Fight — Dnipro, Ukraine (general), Ukraine", "description": "", "fatalities": null, "actors": ["UKRAINE"], "country": "UP", "links": ["https://regions.comments.ua/news/dnipro/prilet-v-centre-dnepra-chto-atakoval-vrag-817199.html"], "confidence": 0.7, "tone": -7.71704180064308, "goldstein": -10.0, "mentions": 8}}, {"type": "Feature", "geometry": {"type": "Point", "coordinates": [37.6156, 55.7522]}, "properties": {"id": "gdelt-1325235452", "source": "gdelt", "event_type": "Fight", "sub_type": "CAMEO 191", "date": "2026-09-28", "title": "Fight — Moscow, Moskva, Russia", "description": "", "fatalities": null, "actors": ["FARMER"], "country": "RS", "links": ["https://www.jutarnji.hr/economist/ruska-sabotaza-hibridni-napadi-europa-nato-ukrajina-15750582"], "confidence": 0.8, "tone": -6.26927029804727, "goldstein": -9.5, "mentions": 10}}, {"type": "Feature", "geometry": {"type": "Point", "coordinates": [47.5, 40.5]}, "properties": {"id": "gdelt-1325235470", "source": "gdelt", "event_type": "Fight", "sub_type": "CAMEO 190", "date": "2026-09-28", "title": "Fight — Azerbaijan", "description": "", "fatalities": null, "actors": ["AZERBAIJAN"], "country": "AJ", "links": ["https://www.adalet.az/az/posts/detail/azerbaycanlilara-qarsi-muharibe-cinayeti-toredenlere-layiqli-cezalar-verilib-bas-prokuror-1790581093"], "confidence": 0.9, "tone": -6.13509192645881, "goldstein": -10.0, "mentions": 30}}, {"type": "Feature", "geometry": {"type": "Point", "coordinates": [2.0, 46.0]}, "properties": {"id": "gdelt-1325235478", "source": "gdelt", "event_type": "Fight", "sub_type": "CAMEO 190", "date": "2026-09-28", "title": "Fight — France", "description": "", "fatalities": null, "actors": ["BRAZIL"], "country": "FR", "links": ["https://www.rtp.pt/noticias/opiniao/felisbela-lopes/brasil-e-a-batalha-pela-circulacao-de-conteudos_1768151"], "confidence": 0.8, "tone": -3.23383084577115, "goldstein": -10.0, "mentions": 10}}, {"type": "Feature", "geometry": {"type": "Point", "coordinates": [-6.24889, 53.3331]}, "properties": {"id": "gdelt-1325235504", "source": "gdelt", "event_type": "Force posture", "sub_type": "CAMEO 154", "date": "2026-09-28", "title": "Force posture — Dublin, Dublin, Ireland", "description": "", "fatalities": null, "actors": ["COMPANY"], "country": "EI", "links": ["https://www.expansion.com/expansion-empleo/emprendedores/2026/09/28/6aba26cae5fdea927a8b456f.html"], "confidence": 0.8, "tone": -0.27624309392265, "goldstein": -7.2, "mentions": 10}}, {"type": "Feature", "geometry": {"type": "Point", "coordinates": [28.0, 53.0]}, "properties": {"id": "gdelt-1325235505", "source": "gdelt", "event_type": "Fight", "sub_type": "CAMEO 190", "date": "2026-09-28", "title": "Fight — Belarus", "description": "", "fatalities": null, "actors": ["BUSINESS"], "country": "BO", "links": ["https://www.gs.by/2026/09/28/buksirnyy-teplohod-bez-ekipazha-dreyfoval-po-sozhu-v-gomele/"], "confidence": 0.8, "tone": -3.49344978165939, "goldstein": -10.0, "mentions": 10}}, {"type": "Feature", "geometry": {"type": "Point", "coordinates": [-8.0, 53.0]}, "properties": {"id": "gdelt-1325235556", "source": "gdelt", "event_type": "Force posture", "sub_type": "CAMEO 154", "date": "2026-09-28", "title": "Force posture — Ireland", "description": "", "fatalities": null, "actors": ["POLICE"], "country": "EI", "links": ["https://www.agensir.it/europa/2026/09/28/irlanda-del-nord-torna-la-tensione-a-drumcree-chiesa-cattolica-e-anglicana-la-posta-in-gioco-e-troppo-alta/"], "confidence": 0.8, "tone": -1.71184022824536, "goldstein": -7.2, "mentions": 10}}, {"type": "Feature", "geometry": {"type": "Point", "coordinates": [24.0, 56.0]}, "properties": {"id": "gdelt-1325235557", "source": "gdelt", "event_type": "Coerce", "sub_type": "CAMEO 172", "date": "2026-09-28", "title": "Coerce — Lithuania", "description": "", "fatalities": null, "actors": ["POLICE"], "country": "LH", "links": ["https://www.lrytas.lt/it/ismanyk/2026/09/28/news/sukciai-dazniau-apgauna-ne-senjorus-o-jaunima-kodel-20-meciai-tampa-lengvu-taikiniu--44216349/"], "confidence": 0.8, "tone": -5.50070521861777, "goldstein": -5.0, "mentions": 10}}, {"type": "Feature", "geometry": {"type": "Point", "coordinates": [74.8656, 31.6331]}, "properties": {"id": "gdelt-1325235558", "source": "gdelt", "event_type": "Assault", "sub_type": "CAMEO 182", "date": "2026-09-28", "title": "Assault — Amritsar, Punjab, India", "description": "", "fatalities": null, "actors": ["POLICE"], "country": "IN", "links": ["https://www.khaskhabar.com/local/punjab/punjab-chandigarh-news/news-mann-and-kejriwal-used-lpu-students-as-pawns-to-take-revenge-incited-the-protest-by-calling-in-goons-majithia-news-hindi-1-848420-KKN.html"], "confidence": 0.8, "tone": -8.08080808080807, "goldstein": -9.5, "mentions": 10}}, {"type": "Feature", "geometry": {"type": "Point", "coordinates": [18.3833, 43.85]}, "properties": {"id": "gdelt-1325235569", "source": "gdelt", "event_type": "Coerce", "sub_type": "CAMEO 173", "date": "2026-09-28", "title": "Coerce — Sarajevo, Federation of Bosnia and Herzegovina, Bosnia-Herzegovina", "description": "", "fatalities": null, "actors": ["CRIMINAL"], "country": "BK", "links": ["https://www.telegraf.rs/vesti/svet/4404677-stefan-garic-33-uhapsen-na-kipru-na-aerodrom-stigao-letom-iz-beograda-za-njim-tragao-i-interpol"], "confidence": 0.8, "tone": -8.81458966565347, "goldstein": -5.0, "mentions": 10}}, {"type": "Feature", "geometry": {"type": "Point", "coordinates": [78.4744, 17.3753]}, "properties": {"id": "gdelt-1325235570", "source": "gdelt", "event_type": "Assault", "sub_type": "CAMEO 1821", "date": "2026-09-28", "title": "Assault — Hyderabad, Andhra Pradesh, India", "description": "", "fatalities": null, "actors": ["GANG"], "country": "IN", "links": ["https://www.punjabkesari.com/india-news/hindi-cab-driver-tries-to-sexually-assault-woman-on-hyderabad-outskirts/"], "confidence": 0.8, "tone": -8.13559322033898, "goldstein": -9.0, "mentions": 10}}, {"type": "Feature", "geometry": {"type": "Point", "coordinates": [78.4744, 17.3753]}, "properties": {"id": "gdelt-1325235571", "source": "gdelt", "event_type": "Fight", "sub_type": "CAMEO 190", "date": "2026-09-28", "title": "Fight — Hyderabad, Andhra Pradesh, India", "description": "", "fatalities": null, "actors": ["GANG"], "country": "IN", "links": ["https://www.punjabkesari.com/india-news/hindi-cab-driver-tries-to-sexually-assault-woman-on-hyderabad-outskirts/"], "confidence": 0.8, "tone": -8.13559322033898, "goldstein": -10.0, "mentions": 10}}, {"type": "Feature", "geometry": {"type": "Point", "coordinates": [18.3833, 43.85]}, "properties": {"id": "gdelt-1325235572", "source": "gdelt", "event_type": "Fight", "sub_type": "CAMEO 190", "date": "2026-09-28", "title": "Fight — Sarajevo, Federation of Bosnia and Herzegovina, Bosnia-Herzegovina", "description": "", "fatalities": null, "actors": ["CRIMINAL"], "country": "BK", "links": ["https://www.telegraf.rs/vesti/svet/4404677-stefan-garic-33-uhapsen-na-kipru-na-aerodrom-stigao-letom-iz-beograda-za-njim-tragao-i-interpol"], "confidence": 0.8, "tone": -8.81458966565347, "goldstein": -10.0, "mentions": 10}}, {"type": "Feature", "geometry": {"type": "Point", "coordinates": [-68.0039, 10.1806]}, "properties": {"id": "gdelt-1325235588", "source": "gdelt", "event_type": "Coerce", "sub_type": "CAMEO 172", "date": "2026-09-28", "title": "Coerce — Valencia, Carabobo, Venezuela", "description": "", "fatalities": null, "actors": ["TOURIST"], "country": "VE", "links": ["https://www.lasprovincias.es/valencia-ciudad/ayuntamiento-impone-138-multas-apartamentos-turisticos-causas-20260928102817-nt.html"], "confidence": 0.8, "tone": -2.04498977505112, "goldstein": -5.0, "mentions": 10}}, {"type": "Feature", "geometry": {"type": "Point", "coordinates": [26.0, 51.0]}, "properties": {"id": "gdelt-1325235589", "source": "gdelt", "event_type": "Fight", "sub_type": "CAMEO 190", "date": "2026-09-28", "title": "Fight — Volyn, Ukraine (general), Ukraine", "description": "", "fatalities": null, "actors": ["SETTLEMENT"], "country": "UP", "links": ["https://www.dsnews.ua/ukr/politics/situaciya-na-fronti-na-ranok-28-veresnya-informaciya-genshtabu-28092026-468501"], "confidence": 0.4, "tone": -11.7216117216117, "goldstein": -10.0, "mentions": 2}}, {"type": "Feature", "geometry": {"type": "Point", "coordinates": [12.4833, 41.9]}, "properties": {"id": "gdelt-1325235590", "source": "gdelt", "event_type": "Fight", "sub_type": "CAMEO 190", "date": "2026-09-28", "title": "Fight — Rome, Lazio, Italy", "description": "", "fatalities": null, "actors": ["VILLAGE"], "country": "IT", "links": ["https://www.telegram.hr/zivot/drevni-zid-pronaden-tijekom-gradevinskih-radova-mogao-bi-rijesiti-nedoumicu-oko-nastanka-pariza/"], "confidence": 0.8, "tone": -1.03448275862069, "goldstein": -10.0, "mentions": 10}}, {"type": "Feature", "geometry": {"type": "Point", "coordinates": [40.9714, 56.9972]}, "properties": {"id": "gdelt-1325235591", "source": "gdelt", "event_type": "Fight", "sub_type": "CAMEO 191", "date": "2026-09-28", "title": "Fight — Ivanovo, Ivanovskaya Oblast', Russia", "description": "", "fatalities": null, "actors": ["VILLAGE"], "country": "RS", "links": ["https://161.ru/text/incidents/2026/09/28/76665574/"], "confidence": 0.8, "tone": -5.30035335689046, "goldstein": -9.5, "mentions": 10}}, {"type": "Feature", "geometry": {"type": "Point", "coordinates": [12.5833, 55.6667]}, "properties": {"id": "gdelt-1325235609", "source": "gdelt", "event_type": "Assault", "sub_type": "CAMEO 180", "date": "2026-09-28", "title": "Assault — Copenhagen, Køavn*, Denmark", "description": "", "fatalities": null, "actors": ["DENMARK"], "country": "DA", "links": ["https://www.kristeligt-dagblad.dk/mand-satte-ild-til-sig-selv-i-valby"], "confidence": 0.7, "tone": -2.4390243902439, "goldstein": -9.0, "mentions": 8}}, {"type": "Feature", "geometry": {"type": "Point", "coordinates": [10.5, 51.5]}, "properties": {"id": "gdelt-1325235611", "source": "gdelt", "event_type": "Fight", "sub_type": "CAMEO 190", "date": "2026-09-28", "title": "Fight — Germany", "description": "", "fatalities": null, "actors": ["DANISH", "DENMARK"], "country": "GM", "links": ["https://www.eldiadevalladolid.com/noticia/zb6a4d499-c448-4118-bed02a80d890d9fc/202609/la-ue-avisa-de-nuevos-intentos-de-sabotaje-de-moscu-en-europa"], "confidence": 0.5, "tone": -4.56026596246345, "goldstein": -10.0, "mentions": 4}}, {"type": "Feature", "geometry": {"type": "Point", "coordinates": [10.5, 51.5]}, "properties": {"id": "gdelt-1325235612", "source": "gdelt", "event_type": "Fight", "sub_type": "CAMEO 190", "date": "2026-09-28", "title": "Fight — Germany", "description": "", "fatalities": null, "actors": ["DANISH", "MOSCOW"], "country": "GM", "links": ["https://www.eldiadevalladolid.com/noticia/zb6a4d499-c448-4118-bed02a80d890d9fc/202609/la-ue-avisa-de-nuevos-intentos-de-sabotaje-de-moscu-en-europa"], "confidence": 0.9, "tone": -4.56026596246345, "goldstein": -10.0, "mentions": 16}}, {"type": "Feature", "geometry": {"type": "Point", "coordinates": [-61.583333, 16.25]}, "properties": {"id": "gdelt-1325235620", "source": "gdelt", "event_type": "Fight", "sub_type": "CAMEO 192", "date": "2026-09-28", "title": "Fight — Guadeloupe", "description": "", "fatalities": null, "actors": ["STUDENT"], "country": "GP", "links": ["https://www.yucatan.com.mx/merida/2026/09/28/se-inicia-la-rehabilitacion-de-la-carretera-sahcaba-huhi.html"], "confidence": 0.4, "tone": 1.61870503597122, "goldstein": -9.5, "mentions": 2}}, {"type": "Feature", "geometry": {"type": "Point", "coordinates": [-88.5, 20.7167]}, "properties": {"id": "gdelt-1325235624", "source": "gdelt", "event_type": "Fight", "sub_type": "CAMEO 192", "date": "2026-09-28", "title": "Fight — Sahcaba, YucatáMX, Mexico", "description": "", "fatalities": null, "actors": ["STUDENT", "MEXICO"], "country": "MX", "links": ["https://www.yucatan.com.mx/merida/2026/09/28/se-inicia-la-rehabilitacion-de-la-carretera-sahcaba-huhi.html"], "confidence": 0.4, "tone": 1.61870503597122, "goldstein": -9.5, "mentions": 2}}, {"type": "Feature", "geometry": {"type": "Point", "coordinates": [-61.583333, 16.25]}, "properties": {"id": "gdelt-1325235625", "source": "gdelt", "event_type": "Fight", "sub_type": "CAMEO 192", "date": "2026-09-28", "title": "Fight — Guadeloupe", "description": "", "fatalities": null, "actors": ["STUDENT", "MEXICO"], "country": "GP", "links": ["https://www.yucatan.com.mx/merida/2026/09/28/se-inicia-la-rehabilitacion-de-la-carretera-sahcaba-huhi.html"], "confidence": 0.4, "tone": 1.61870503597122, "goldstein": -9.5, "mentions": 2}}, {"type": "Feature", "geometry": {"type": "Point", "coordinates": [-61.583333, 16.25]}, "properties": {"id": "gdelt-1325235626", "source": "gdelt", "event_type": "Fight", "sub_type": "CAMEO 192", "date": "2026-09-28", "title": "Fight — Guadeloupe", "description": "", "fatalities": null, "actors": ["STUDENT", "MEXICO"], "country": "GP", "links": ["https://www.yucatan.com.mx/merida/2026/09/28/se-inicia-la-rehabilitacion-de-la-carretera-sahcaba-huhi.html"], "confidence": 0.5, "tone": 1.61870503597122, "goldstein": -9.5, "mentions": 4}}, {"type": "Feature", "geometry": {"type": "Point", "coordinates": [-5.3472, 36.168]}, "properties": {"id": "gdelt-1325235633", "source": "gdelt", "event_type": "Coerce", "sub_type": "CAMEO 173", "date": "2026-09-28", "title": "Coerce — La Linea, AndalucíSP, Spain", "description": "", "fatalities": null, "actors": ["SPAIN", "GIBRALTAR"], "country": "SP", "links": ["https://www.andaluciainformacion.es/blog/rafael-fenoy/istmo-linea-concepcion/202609280913053489991.html"], "confidence": 0.8, "tone": -1.19305856832972, "goldstein": -5.0, "mentions": 10}}, {"type": "Feature", "geometry": {"type": "Point", "coordinates": [100.0, 60.0]}, "properties": {"id": "gdelt-1325235651", "source": "gdelt", "event_type": "Force posture", "sub_type": "CAMEO 154", "date": "2026-09-28", "title": "Force posture — Russia", "description": "", "fatalities": null, "actors": ["EUROPE"], "country": "RS", "links": ["https://www.topontiki.gr/2026/09/28/tromaktiki-apili-lavrof-an-mas-epitethi-i-evropi-tha-ine-enas-diaforetikos-ke-pio-sintomos-polemos/"], "confidence": 0.8, "tone": -7.23981900452489, "goldstein": -7.2, "mentions": 10}}, {"type": "Feature", "geometry": {"type": "Point", "coordinates": [-98.5795, 39.828175]}, "properties": {"id": "gdelt-1325235652", "source": "gdelt", "event_type": "Fight", "sub_type": "CAMEO 192", "date": "2026-09-28", "title": "Fight — United States", "description": "", "fatalities": null, "actors": ["EUROPEAN"], "country": "US", "links": ["https://www.expansion.com/expansion-empleo/emprendedores/2026/09/28/6aba26cae5fdea927a8b456f.html"], "confidence": 0.8, "tone": -0.27624309392265, "goldstein": -9.5, "mentions": 10}}, {"type": "Feature", "geometry": {"type": "Point", "coordinates": [100.0, 60.0]}, "properties": {"id": "gdelt-1325235658", "source": "gdelt", "event_type": "Force posture", "sub_type": "CAMEO 154", "date": "2026-09-28", "title": "Force posture — Russia", "description": "", "fatalities": null, "actors": ["EUROPE", "RUSSIA"], "country": "RS", "links": ["https://www.topontiki.gr/2026/09/28/tromaktiki-apili-lavrof-an-mas-epitethi-i-evropi-tha-ine-enas-diaforetikos-ke-pio-sintomos-polemos/"], "confidence": 0.8, "tone": -7.23981900452489, "goldstein": -7.2, "mentions": 10}}, {"type": "Feature", "geometry": {"type": "Point", "coordinates": [-58.6725, -34.5875]}, "properties": {"id": "gdelt-1325235672", "source": "gdelt", "event_type": "Coerce", "sub_type": "CAMEO 172", "date": "2026-09-28", "title": "Coerce — Buenos Aires, Distrito Federal, Argentina", "description": "", "fatalities": null, "actors": ["UNITED KINGDOM", "ARGENTINE"], "country": "AR", "links": ["https://profile.ru/abroad/ni-dat-ni-vzyat-sankcii-v-sovremennoj-istorii-latinskoj-ameriki-1905085/"], "confidence": 0.4, "tone": -6.04395604395605, "goldstein": -5.0, "mentions": 2}}, {"type": "Feature", "geometry": {"type": "Point", "coordinates": [-58.6725, -34.5875]}, "properties": {"id": "gdelt-1325235673", "source": "gdelt", "event_type": "Coerce", "sub_type": "CAMEO 172", "date": "2026-09-28", "title": "Coerce — Buenos Aires, Distrito Federal, Argentina", "description": "", "fatalities": null, "actors": ["UNITED KINGDOM", "ARGENTINE"], "country": "AR", "links": ["https://profile.ru/abroad/ni-dat-ni-vzyat-sankcii-v-sovremennoj-istorii-latinskoj-ameriki-1905085/"], "confidence": 0.7, "tone": -6.04395604395605, "goldstein": -5.0, "mentions": 8}}, {"type": "Feature", "geometry": {"type": "Point", "coordinates": [-4.0, 54.0]}, "properties": {"id": "gdelt-1325235678", "source": "gdelt", "event_type": "Fight", "sub_type": "CAMEO 190", "date": "2026-09-28", "title": "Fight — United Kingdom", "description": "", "fatalities": null, "actors": ["UNITED KINGDOM", "MILITARY"], "country": "UK", "links": ["https://www.ukrinform.ua/rubric-world/4168694-u-es-sogodni-obgovorat-protokoli-nadzvicajnih-situacij-proti-gibridnih-atak.html"], "confidence": 0.4, "tone": -5.3921568627451, "goldstein": -10.0, "mentions": 2}}, {"type": "Feature", "geometry": {"type": "Point", "coordinates": [-4.0, 54.0]}, "properties": {"id": "gdelt-1325235679", "source": "gdelt", "event_type": "Fight", "sub_type": "CAMEO 190", "date": "2026-09-28", "title": "Fight — United Kingdom", "description": "", "fatalities": null, "actors": ["UNITED KINGDOM", "MILITARY"], "country": "UK", "links": ["https://www.ukrinform.ua/rubric-world/4168694-u-es-sogodni-obgovorat-protokoli-nadzvicajnih-situacij-proti-gibridnih-atak.html"], "confidence": 0.4, "tone": -5.3921568627451, "goldstein": -10.0, "mentions": 2}}, {"type": "Feature", "geometry": {"type": "Point", "coordinates": [-98.5795, 39.828175]}, "properties": {"id": "gdelt-1325235680", "source": "gdelt", "event_type": "Fight", "sub_type": "CAMEO 190", "date": "2026-09-28", "title": "Fight — United States", "description": "", "fatalities": null, "actors": ["UNITED KINGDOM", "MILITARY"], "country": "US", "links": ["https://www.ukrinform.ua/rubric-world/4168694-u-es-sogodni-obgovorat-protokoli-nadzvicajnih-situacij-proti-gibridnih-atak.html"], "confidence": 0.6000000000000001, "tone": -5.3921568627451, "goldstein": -10.0, "mentions": 6}}, {"type": "Feature", "geometry": {"type": "Point", "coordinates": [39.0833, 6.03333]}, "properties": {"id": "gdelt-1325235722", "source": "gdelt", "event_type": "Fight", "sub_type": "CAMEO 190", "date": "2026-09-28", "title": "Fight — Ababa, Oromiya, Ethiopia", "description": "", "fatalities": null, "actors": ["AUTHORITIES"], "country": "ET", "links": ["https://opinione.it/esteri/2026/09/28/fabio-marco-fabbri-etiopia-etnia-guerra-civile-oromo-tigrini/"], "confidence": 0.4, "tone": -2.50817884405671, "goldstein": -10.0, "mentions": 2}}, {"type": "Feature", "geometry": {"type": "Point", "coordinates": [28.9647, 41.0186]}, "properties": {"id": "gdelt-1325235732", "source": "gdelt", "event_type": "Coerce", "sub_type": "CAMEO 173", "date": "2026-09-28", "title": "Coerce — Istanbul, Istanbul, Turkey", "description": "", "fatalities": null, "actors": ["AUTHORITIES", "CRIMINAL"], "country": "TU", "links": ["https://www.haberler.com/3-sayfa/bagcilar-da-11-yil-1-ay-ve-7-yil-1-ay-aranan-iki-20277425-haberi/"], "confidence": 0.8, "tone": -8.74524714828899, "goldstein": -5.0, "mentions": 10}}, {"type": "Feature", "geometry": {"type": "Point", "coordinates": [39.0833, 6.03333]}, "properties": {"id": "gdelt-1325235735", "source": "gdelt", "event_type": "Fight", "sub_type": "CAMEO 190", "date": "2026-09-28", "title": "Fight — Ababa, Oromiya, Ethiopia", "description": "", "fatalities": null, "actors": ["AUTHORITIES", "ETHIOPIA"], "country": "ET", "links": ["https://opinione.it/esteri/2026/09/28/fabio-marco-fabbri-etiopia-etnia-guerra-civile-oromo-tigrini/"], "confidence": 0.6000000000000001, "tone": -2.50817884405671, "goldstein": -10.0, "mentions": 6}}, {"type": "Feature", "geometry": {"type": "Point", "coordinates": [39.0833, 6.03333]}, "properties": {"id": "gdelt-1325235751", "source": "gdelt", "event_type": "Fight", "sub_type": "CAMEO 190", "date": "2026-09-28", "title": "Fight — Ababa, Oromiya, Ethiopia", "description": "", "fatalities": null, "actors": ["AUTHORITIES", "MILITARY"], "country": "ET", "links": ["https://opinione.it/esteri/2026/09/28/fabio-marco-fabbri-etiopia-etnia-guerra-civile-oromo-tigrini/"], "confidence": 0.4, "tone": -2.50817884405671, "goldstein": -10.0, "mentions": 2}}, {"type": "Feature", "geometry": {"type": "Point", "coordinates": [-4.0, 54.0]}, "properties": {"id": "gdelt-1325235752", "source": "gdelt", "event_type": "Fight", "sub_type": "CAMEO 190", "date": "2026-09-28", "title": "Fight — United Kingdom", "description": "", "fatalities": null, "actors": ["AUTHORITIES", "MILITARY BASE"], "country": "UK", "links": ["https://jyllands-posten.dk/international/europa/ECE19683442/trump-siger-usa-havde-holdt-oeje-med-fem-terrormistaenkte-maend-men-det-var-en-landmand-der-slog-alarm/"], "confidence": 0.8, "tone": -7.09677419354839, "goldstein": -10.0, "mentions": 10}}, {"type": "Feature", "geometry": {"type": "Point", "coordinates": [-80.0, 9.0]}, "properties": {"id": "gdelt-1325235762", "source": "gdelt", "event_type": "Coerce", "sub_type": "CAMEO 173", "date": "2026-09-28", "title": "Coerce — Panama", "description": "", "fatalities": null, "actors": ["AUTHORITIES", "SWEDEN"], "country": "PM", "links": ["https://www.prensa.com/politica/hurtos-menores-perdidas-millonarias-y-una-propuesta-que-busca-cambiar-el-juego/"], "confidence": 0.4, "tone": -7.44336569579288, "goldstein": -5.0, "mentions": 2}}, {"type": "Feature", "geometry": {"type": "Point", "coordinates": [30.7386, 46.4639]}, "properties": {"id": "gdelt-1325235767", "source": "gdelt", "event_type": "Fight", "sub_type": "CAMEO 193", "date": "2026-09-28", "title": "Fight — Odessa, Odes'ka Oblast, Ukraine", "description": "", "fatalities": null, "actors": ["MINISTRY", "UKRAINIAN"], "country": "UP", "links": ["https://hir.ma/18-2/kijevi-telekommunikacios-kozpontokra-mert-csapasrol-tett-bejelentest-az-orosz-vedelmi-tarca/838833"], "confidence": 0.8, "tone": -0.980392156862745, "goldstein": -10.0, "mentions": 10}}, {"type": "Feature", "geometry": {"type": "Point", "coordinates": [77.5833, 12.9833]}, "properties": {"id": "gdelt-1325235816", "source": "gdelt", "event_type": "Fight", "sub_type": "CAMEO 190", "date": "2026-09-28", "title": "Fight — Bangalore, Karnataka, India", "description": "", "fatalities": null, "actors": ["MAHARASHTRA", "ADMINISTRATION"], "country": "IN", "links": ["https://www.khaskhabar.com/local/karnataka/bengaluru-news/crime-news-sit-arrests-key-accused-in-counterfeit-drug-case-from-bengaluru-airport-news-hindi-1-848418-KKN.html"], "confidence": 0.5, "tone": -5.51724137931035, "goldstein": -10.0, "mentions": 4}}, {"type": "Feature", "geometry": {"type": "Point", "coordinates": [76.0, 13.5]}, "properties": {"id": "gdelt-1325235817", "source": "gdelt", "event_type": "Fight", "sub_type": "CAMEO 190", "date": "2026-09-28", "title": "Fight — Karnataka, Karnataka, India", "description": "", "fatalities": null, "actors": ["TAMIL NADU", "ADMINISTRATION"], "country": "IN", "links": ["https://www.khaskhabar.com/local/karnataka/bengaluru-news/crime-news-sit-arrests-key-accused-in-counterfeit-drug-case-from-bengaluru-airport-news-hindi-1-848418-KKN.html"], "confidence": 0.5, "tone": -5.51724137931035, "goldstein": -10.0, "mentions": 4}}, {"type": "Feature", "geometry": {"type": "Point", "coordinates": [-98.5795, 39.828175]}, "properties": {"id": "gdelt-1325235822", "source": "gdelt", "event_type": "Fight", "sub_type": "CAMEO 190", "date": "2026-09-28", "title": "Fight — United States", "description": "", "fatalities": null, "actors": ["IRAN"], "country": "US", "links": ["https://www.haberler.com/guncel/devrim-muhafizlari-hurmuz-bogazi-nda-abd-ye-ait-20277681-haberi/"], "confidence": 0.8, "tone": 3.0, "goldstein": -10.0, "mentions": 10}}, {"type": "Feature", "geometry": {"type": "Point", "coordinates": [11.3333, 46.5]}, "properties": {"id": "gdelt-1325235843", "source": "gdelt", "event_type": "Fight", "sub_type": "CAMEO 190", "date": "2026-09-28", "title": "Fight — Trentino, Trentino-Alto Adige, Italy", "description": "", "fatalities": null, "actors": ["ITALY"], "country": "IT", "links": ["https://opinione.it/editoriali/2026/09/28/giancarlo-lehner-italia-esercito-storia-guerre-prussia-unificazione/"], "confidence": 0.7, "tone": -4.56707897240723, "goldstein": -10.0, "mentions": 8}}, {"type": "Feature", "geometry": {"type": "Point", "coordinates": [-4.0, 40.0]}, "properties": {"id": "gdelt-1325235844", "source": "gdelt", "event_type": "Fight", "sub_type": "CAMEO 190", "date": "2026-09-28", "title": "Fight — Spain", "description": "", "fatalities": null, "actors": ["ITALY"], "country": "SP", "links": ["https://opinione.it/editoriali/2026/09/28/giancarlo-lehner-italia-esercito-storia-guerre-prussia-unificazione/"], "confidence": 0.4, "tone": -4.56707897240723, "goldstein": -10.0, "mentions": 2}}, {"type": "Feature", "geometry": {"type": "Point", "coordinates": [10.5, 51.5]}, "properties": {"id": "gdelt-1325235853", "source": "gdelt", "event_type": "Fight", "sub_type": "CAMEO 192", "date": "2026-09-28", "title": "Fight — Germany", "description": "", "fatalities": null, "actors": ["JAPAN", "GERMANY"], "country": "GM", "links": ["https://www.lasprovincias.es/culturas/tv/comedia-romantica-basada-fenomeno-literario-acaba-llegar-20260924100542-nt.html"], "confidence": 0.8, "tone": 3.47003154574132, "goldstein": -9.5, "mentions": 10}}, {"type": "Feature", "geometry": {"type": "Point", "coordinates": [12.4833, 41.9]}, "properties": {"id": "gdelt-1325235867", "source": "gdelt", "event_type": "Fight", "sub_type": "CAMEO 190", "date": "2026-09-28", "title": "Fight — Rome, Lazio, Italy", "description": "", "fatalities": null, "actors": ["ATTORNEY", "ROME"], "country": "IT", "links": ["https://www.ilmessaggero.it:443/latina/omicidio_dibba_alle_9_indiziati_davanti_ai_gip-9789802.html"], "confidence": 0.7, "tone": -3.88513513513513, "goldstein": -10.0, "mentions": 8}}, {"type": "Feature", "geometry": {"type": "Point", "coordinates": [12.3281, 55.6184]}, "properties": {"id": "gdelt-1325235873", "source": "gdelt", "event_type": "Assault", "sub_type": "CAMEO 180", "date": "2026-09-28", "title": "Assault — Ishoj, Hovedstaden, Denmark", "description": "", "fatalities": null, "actors": ["HIGH COURT"], "country": "DA", "links": ["https://politiken.dk/danmark/art10999526/Landsretten-d%C3%B8mmer-p%C3%A6dagog-til-forvaring-for-overgreb-p%C3%A5-b%C3%B8rn"], "confidence": 0.8, "tone": -4.41176470588235, "goldstein": -9.0, "mentions": 10}}, {"type": "Feature", "geometry": {"type": "Point", "coordinates": [12.833333, 42.833333]}, "properties": {"id": "gdelt-1325235889", "source": "gdelt", "event_type": "Assault", "sub_type": "CAMEO 180", "date": "2026-09-28", "title": "Assault — Italy", "description": "", "fatalities": null, "actors": ["WORKER"], "country": "IT", "links": ["https://pamehellas.gr/ek-peiraia-synantisi-antiprosopeia-syndikaliston-limenergaton-amp-naytergaton-apo-alles-chores"], "confidence": 0.8, "tone": -3.05343511450382, "goldstein": -9.0, "mentions": 10}}, {"type": "Feature", "geometry": {"type": "Point", "coordinates": [53.6835, 63.5671]}, "properties": {"id": "gdelt-1325235892", "source": "gdelt", "event_type": "Coerce", "sub_type": "CAMEO 173", "date": "2026-09-28", "title": "Coerce — Ukhta, Komi, Russia", "description": "", "fatalities": null, "actors": ["EMPLOYEE", "ROSTOV"], "country": "RS", "links": ["https://www.bnkomi.ru/data/news/203878/"], "confidence": 0.7, "tone": -9.6219931271478, "goldstein": -5.0, "mentions": 8}}, {"type": "Feature", "geometry": {"type": "Point", "coordinates": [34.75, 31.5]}, "properties": {"id": "gdelt-1325235893", "source": "gdelt", "event_type": "Fight", "sub_type": "CAMEO 190", "date": "2026-09-28", "title": "Fight — Israel", "description": "", "fatalities": null, "actors": ["LEBANON"], "country": "IS", "links": ["https://www.almanar.com.lb/article/1215277/"], "confidence": 0.8, "tone": -3.7037037037037, "goldstein": -10.0, "mentions": 10}}, {"type": "Feature", "geometry": {"type": "Point", "coordinates": [28.3496, 57.8136]}, "properties": {"id": "gdelt-1325235917", "source": "gdelt", "event_type": "Coerce", "sub_type": "CAMEO 172", "date": "2026-09-28", "title": "Coerce — Pskov, Pskovskaya Oblast', Russia", "description": "", "fatalities": null, "actors": ["LATVIAN"], "country": "RS", "links": ["https://iz.ru/2174620/nikita-eliseev/zakhlebnulsia-detskii-krik-kak-vlasti-latvii-iskoreniaiut-pamiat-o-muchenikakh-salaspilsa"], "confidence": 0.4, "tone": -4.96067755595887, "goldstein": -5.0, "mentions": 2}}, {"type": "Feature", "geometry": {"type": "Point", "coordinates": [24.1, 56.95]}, "properties": {"id": "gdelt-1325235918", "source": "gdelt", "event_type": "Coerce", "sub_type": "CAMEO 172", "date": "2026-09-28", "title": "Coerce — Riga, Riga, Latvia", "description": "", "fatalities": null, "actors": ["LATVIAN"], "country": "LG", "links": ["https://iz.ru/2174620/nikita-eliseev/zakhlebnulsia-detskii-krik-kak-vlasti-latvii-iskoreniaiut-pamiat-o-muchenikakh-salaspilsa"], "confidence": 0.7, "tone": -4.96067755595887, "goldstein": -5.0, "mentions": 8}}, {"type": "Feature", "geometry": {"type": "Point", "coordinates": [15.0, 62.0]}, "properties": {"id": "gdelt-1325235939", "source": "gdelt", "event_type": "Fight", "sub_type": "CAMEO 192", "date": "2026-09-28", "title": "Fight — Sweden", "description": "", "fatalities": null, "actors": ["MEXICO", "ZARAGOZA"], "country": "SW", "links": ["https://www.antena3.com/noticias/sociedad/empuja-anciana-zaragoza-roban-cadena-crucifijo-oro-traga-ser-detenida_202609286aba2947d5f3ae10c736dc26.html"], "confidence": 0.5, "tone": -3.16455696202532, "goldstein": -9.5, "mentions": 4}}, {"type": "Feature", "geometry": {"type": "Point", "coordinates": [2.0, 46.0]}, "properties": {"id": "gdelt-1325235946", "source": "gdelt", "event_type": "Coerce", "sub_type": "CAMEO 173", "date": "2026-09-28", "title": "Coerce — France", "description": "", "fatalities": null, "actors": ["NAVY"], "country": "FR", "links": ["https://www.nicematin.com/culture/people/on-vient-de-deux-univers-differents-maria-carolina-de-bourbon-des-deux-siciles-evoque-sa-vie-aux-cotes-de-jordan-bardella-10730678"], "confidence": 0.8, "tone": 2.20588235294117, "goldstein": -5.0, "mentions": 10}}, {"type": "Feature", "geometry": {"type": "Point", "coordinates": [35.3289, 37.0017]}, "properties": {"id": "gdelt-1325235947", "source": "gdelt", "event_type": "Assault", "sub_type": "CAMEO 1822", "date": "2026-09-28", "title": "Assault — Adana, Adana, Turkey", "description": "", "fatalities": null, "actors": ["NAVAL"], "country": "TU", "links": ["https://www.turkiyegazetesi.com.tr/3-sayfa/kavgada-degil-iskence-ile-oldurulmus-haluk-tas-cinayetinde-korkunc-gercek-aglamaktan-1819118"], "confidence": 0.5, "tone": -10.2564102564103, "goldstein": -9.0, "mentions": 4}}, {"type": "Feature", "geometry": {"type": "Point", "coordinates": [32.0, 49.0]}, "properties": {"id": "gdelt-1325235948", "source": "gdelt", "event_type": "Fight", "sub_type": "CAMEO 194", "date": "2026-09-28", "title": "Fight — Ukraine", "description": "", "fatalities": null, "actors": ["COMMANDER"], "country": "UP", "links": ["https://texty.org.ua/fragments/118367/rosiyany-prospaly-spravzhnij-udar-u-mezhax-operaciyi-vivaldi-zvilnyly-shche-51-km-ponad-250-rosiyan-u-poloni/"], "confidence": 0.6000000000000001, "tone": -5.72390572390572, "goldstein": -10.0, "mentions": 6}}, {"type": "Feature", "geometry": {"type": "Point", "coordinates": [121.0, 24.0]}, "properties": {"id": "gdelt-1325235949", "source": "gdelt", "event_type": "Force posture", "sub_type": "CAMEO 154", "date": "2026-09-28", "title": "Force posture — Taiwan", "description": "", "fatalities": null, "actors": ["MILITARY", "CHINA"], "country": "TW", "links": ["https://www.bankingnews.gr/diethni/articles/901918/i-taivan-epitaxynei-tin-anaptyksi-drones-ypo-tin-piesi-tis-kinas"], "confidence": 0.9, "tone": -0.62111801242236, "goldstein": -7.2, "mentions": 20}}, {"type": "Feature", "geometry": {"type": "Point", "coordinates": [32.0, 49.0]}, "properties": {"id": "gdelt-1325235958", "source": "gdelt", "event_type": "Fight", "sub_type": "CAMEO 193", "date": "2026-09-28", "title": "Fight — Ukraine", "description": "", "fatalities": null, "actors": ["COMMANDER", "UKRAINE"], "country": "UP", "links": ["https://www.ukrinform.ua/rubric-ato/4168673-tretij-armijskij-korpus-zvilniv-nove-ridkodub-i-katerinivku-bileckij.html"], "confidence": 0.4, "tone": -4.59770114942529, "goldstein": -10.0, "mentions": 2}}, {"type": "Feature", "geometry": {"type": "Point", "coordinates": [32.0, 49.0]}, "properties": {"id": "gdelt-1325235959", "source": "gdelt", "event_type": "Fight", "sub_type": "CAMEO 194", "date": "2026-09-28", "title": "Fight — Ukraine", "description": "", "fatalities": null, "actors": ["COMMANDER", "UKRAINE"], "country": "UP", "links": ["https://texty.org.ua/fragments/118367/rosiyany-prospaly-spravzhnij-udar-u-mezhax-operaciyi-vivaldi-zvilnyly-shche-51-km-ponad-250-rosiyan-u-poloni/"], "confidence": 0.5, "tone": -5.72390572390572, "goldstein": -10.0, "mentions": 4}}, {"type": "Feature", "geometry": {"type": "Point", "coordinates": [32.0, 49.0]}, "properties": {"id": "gdelt-1325235961", "source": "gdelt", "event_type": "Fight", "sub_type": "CAMEO 190", "date": "2026-09-28", "title": "Fight — Ukraine", "description": "", "fatalities": null, "actors": ["COMMANDER", "UKRAINIAN"], "country": "UP", "links": ["https://www.ukrinform.ua/rubric-ato/4168673-tretij-armijskij-korpus-zvilniv-nove-ridkodub-i-katerinivku-bileckij.html"], "confidence": 0.6000000000000001, "tone": -4.59770114942529, "goldstein": -10.0, "mentions": 6}}, {"type": "Feature", "geometry": {"type": "Point", "coordinates": [32.0, 49.0]}, "properties": {"id": "gdelt-1325235962", "source": "gdelt", "event_type": "Fight", "sub_type": "CAMEO 193", "date": "2026-09-28", "title": "Fight — Ukraine", "description": "", "fatalities": null, "actors": ["COMMANDER", "UKRAINIAN"], "country": "UP", "links": ["https://www.ukrinform.ua/rubric-ato/4168673-tretij-armijskij-korpus-zvilniv-nove-ridkodub-i-katerinivku-bileckij.html"], "confidence": 0.7, "tone": -4.59770114942529, "goldstein": -10.0, "mentions": 8}}, {"type": "Feature", "geometry": {"type": "Point", "coordinates": [22.0, 41.833333]}, "properties": {"id": "gdelt-1325235968", "source": "gdelt", "event_type": "Fight", "sub_type": "CAMEO 191", "date": "2026-09-28", "title": "Fight — Macedonia", "description": "", "fatalities": null, "actors": ["MACEDONIAN"], "country": "MK", "links": ["https://novamakedonija.com.mk/makedonija/politika/ne-ja-gradime-drzhavata-za-brisel-tuku-za-sebe/"], "confidence": 0.8, "tone": -0.73529411764705, "goldstein": -9.5, "mentions": 10}}, {"type": "Feature", "geometry": {"type": "Point", "coordinates": [4.3, 52.0833]}, "properties": {"id": "gdelt-1325235978", "source": "gdelt", "event_type": "Assault", "sub_type": "CAMEO 186", "date": "2026-09-28", "title": "Assault — The Hague, Zuid-Holland, Netherlands", "description": "", "fatalities": null, "actors": ["THE HAGUE", "ALBANIA"], "country": "NL", "links": ["http://www.sot.com.al/e-turpshme-rama-nuk-e-permend-nje-here-kosoven-ne-fjalimin-ne-okb-i5185686"], "confidence": 0.8, "tone": -1.0351966873706, "goldstein": -10.0, "mentions": 10}}, {"type": "Feature", "geometry": {"type": "Point", "coordinates": [85.3167, 27.7167]}, "properties": {"id": "gdelt-1325235985", "source": "gdelt", "event_type": "Fight", "sub_type": "CAMEO 191", "date": "2026-09-28", "title": "Fight — Kathmandu, Bagmati, Nepal", "description": "", "fatalities": null, "actors": ["PALPA"], "country": "NP", "links": ["https://www.ratopati.com/story/595539/mps-in-the-national-assembly-draw-the-governments-attention-demanding-immediate-relief-and-reconstruction-for-flood-victims"], "confidence": 0.8, "tone": -6.66666666666663, "goldstein": -9.5, "mentions": 10}}, {"type": "Feature", "geometry": {"type": "Point", "coordinates": [11.9667, 57.7167]}, "properties": {"id": "gdelt-1325235990", "source": "gdelt", "event_type": "Protest", "sub_type": "CAMEO 141", "date": "2026-09-28", "title": "Protest — Gothenburg, Vastra Gotalands Lan, Sweden", "description": "", "fatalities": null, "actors": ["PROTESTER"], "country": "SW", "links": ["https://www.mediacongo.net/article-actualite-167842_suede_un_homme_arrete_apres_avoir_asperge_de_rouge_un_drapeau_israelien_au_salon_du_livre_de_goteborg.html"], "confidence": 0.8, "tone": -2.45614035087719, "goldstein": -6.5, "mentions": 10}}, {"type": "Feature", "geometry": {"type": "Point", "coordinates": [-48.5667, -27.5833]}, "properties": {"id": "gdelt-1325235994", "source": "gdelt", "event_type": "Fight", "sub_type": "CAMEO 193", "date": "2026-09-28", "title": "Fight — Florianopolis, Santa Catarina, Brazil", "description": "", "fatalities": null, "actors": ["PRISONER", "POLICE"], "country": "BR", "links": ["https://www.turkiyegazetesi.com.tr/dunya/boyle-firar-gorulmedi-demir-parmakliklarin-arasindan-siyrildi-donup-ayakkabisini-bile-1819104"], "confidence": 0.8, "tone": -4.76190476190476, "goldstein": -10.0, "mentions": 10}}, {"type": "Feature", "geometry": {"type": "Point", "coordinates": [30.5167, 50.4333]}, "properties": {"id": "gdelt-1325235998", "source": "gdelt", "event_type": "Assault", "sub_type": "CAMEO 180", "date": "2026-09-28", "title": "Assault — Kiev, Ukraine (general), Ukraine", "description": "", "fatalities": null, "actors": ["PALAU"], "country": "UP", "links": ["https://www.punjabkesari.com/world-news/ukraine-ke-kai-kshetron-mein-russia-ne-machai-tabahi-odessa-mein-palau-jhande-wale-jahaj-ko-banaya-nishana-keev-mein-do-ki-maut/"], "confidence": 0.8, "tone": -8.99470899470904, "goldstein": -9.0, "mentions": 10}}, {"type": "Feature", "geometry": {"type": "Point", "coordinates": [13.4, 52.5167]}, "properties": {"id": "gdelt-1325236030", "source": "gdelt", "event_type": "Assault", "sub_type": "CAMEO 180", "date": "2026-09-28", "title": "Assault — Berlin, Berlin, Germany", "description": "", "fatalities": null, "actors": ["RUSSIA"], "country": "GM", "links": ["https://www.topontiki.gr/2026/09/28/tromaktiki-apili-lavrof-an-mas-epitethi-i-evropi-tha-ine-enas-diaforetikos-ke-pio-sintomos-polemos/"], "confidence": 0.5, "tone": -7.23981900452489, "goldstein": -9.0, "mentions": 4}}, {"type": "Feature", "geometry": {"type": "Point", "coordinates": [38.5, 48.5]}, "properties": {"id": "gdelt-1325236031", "source": "gdelt", "event_type": "Fight", "sub_type": "CAMEO 190", "date": "2026-09-28", "title": "Fight — Donbass, Ukraine (general), Ukraine", "description": "", "fatalities": null, "actors": ["RUSSIA"], "country": "UP", "links": ["https://fondsk.ru/news/2026/09/28/specialnaya-voennaya-operaciya-vs-rf-i-sobytiya-na-ukraine-28-sentyabrya-den.html"], "confidence": 0.35, "tone": -3.45303867403315, "goldstein": -10.0, "mentions": 1}}, {"type": "Feature", "geometry": {"type": "Point", "coordinates": [38.5, 48.5]}, "properties": {"id": "gdelt-1325236032", "source": "gdelt", "event_type": "Fight", "sub_type": "CAMEO 190", "date": "2026-09-28", "title": "Fight — Donbass, Ukraine (general), Ukraine", "description": "", "fatalities": null, "actors": ["RUSSIA"], "country": "UP", "links": ["https://fondsk.ru/news/2026/09/28/specialnaya-voennaya-operaciya-vs-rf-i-sobytiya-na-ukraine-28-sentyabrya-den.html"], "confidence": 0.35, "tone": -3.45303867403315, "goldstein": -10.0, "mentions": 1}}, {"type": "Feature", "geometry": {"type": "Point", "coordinates": [13.4, 52.5167]}, "properties": {"id": "gdelt-1325236033", "source": "gdelt", "event_type": "Fight", "sub_type": "CAMEO 190", "date": "2026-09-28", "title": "Fight — Berlin, Berlin, Germany", "description": "", "fatalities": null, "actors": ["RUSSIA"], "country": "GM", "links": ["https://www.topontiki.gr/2026/09/28/tromaktiki-apili-lavrof-an-mas-epitethi-i-evropi-tha-ine-enas-diaforetikos-ke-pio-sintomos-polemos/"], "confidence": 0.4, "tone": -7.23981900452489, "goldstein": -10.0, "mentions": 2}}, {"type": "Feature", "geometry": {"type": "Point", "coordinates": [37.6156, 55.7522]}, "properties": {"id": "gdelt-1325236042", "source": "gdelt", "event_type": "Force posture", "sub_type": "CAMEO 154", "date": "2026-09-28", "title": "Force posture — Moscow, Moskva, Russia", "description": "", "fatalities": null, "actors": ["RUSSIAN", "EUROPEAN"], "country": "RS", "links": ["https://www.inewsgr.com/27/lavrof-an-i-evropi-epitethei-o-polemos-tha-einai-diaforetikos-kai-syntomos.htm"], "confidence": 0.8, "tone": -5.81196581196581, "goldstein": -7.2, "mentions": 10}}, {"type": "Feature", "geometry": {"type": "Point", "coordinates": [100.0, 60.0]}, "properties": {"id": "gdelt-1325236050", "source": "gdelt", "event_type": "Fight", "sub_type": "CAMEO 190", "date": "2026-09-28", "title": "Fight — Russia", "description": "", "fatalities": null, "actors": ["RUSSIAN", "ARMY"], "country": "RS", "links": ["https://ru.apa.az/evropa/cislo-postradavsix-v-rezultate-ataki-rossiiskoi-armii-na-xarkov-dostiglo-35-obnovleno-674855"], "confidence": 0.9, "tone": -5.0, "goldstein": -10.0, "mentions": 16}}, {"type": "Feature", "geometry": {"type": "Point", "coordinates": [37.6156, 55.7522]}, "properties": {"id": "gdelt-1325236053", "source": "gdelt", "event_type": "Fight", "sub_type": "CAMEO 190", "date": "2026-09-28", "title": "Fight — Moscow, Moskva, Russia", "description": "", "fatalities": null, "actors": ["RUSSIAN", "RUSSIA"], "country": "RS", "links": ["https://tsn.ua/ukrayina/putin-maye-namir-zmusyty-ukrayinu-do-kapituliatsiyi-analityky-isw-nazvaly-termin-ta-nazvaly-tryvozni-oznaky-3176867.html"], "confidence": 0.4, "tone": -6.28019323671498, "goldstein": -10.0, "mentions": 2}}, {"type": "Feature", "geometry": {"type": "Point", "coordinates": [37.6156, 55.7522]}, "properties": {"id": "gdelt-1325236058", "source": "gdelt", "event_type": "Fight", "sub_type": "CAMEO 190", "date": "2026-09-28", "title": "Fight — Moscow, Moskva, Russia", "description": "", "fatalities": null, "actors": ["RUSSIAN", "UKRAINE"], "country": "RS", "links": ["https://www.inewsgr.com/27/lavrof-an-i-evropi-epitethei-o-polemos-tha-einai-diaforetikos-kai-syntomos.htm"], "confidence": 0.35, "tone": -5.81196581196581, "goldstein": -10.0, "mentions": 1}}, {"type": "Feature", "geometry": {"type": "Point", "coordinates": [37.6156, 55.7522]}, "properties": {"id": "gdelt-1325236064", "source": "gdelt", "event_type": "Fight", "sub_type": "CAMEO 190", "date": "2026-09-28", "title": "Fight — Moscow, Moskva, Russia", "description": "", "fatalities": null, "actors": ["RUSSIAN"], "country": "RS", "links": ["https://tsn.ua/ukrayina/putin-maye-namir-zmusyty-ukrayinu-do-kapituliatsiyi-analityky-isw-nazvaly-termin-ta-nazvaly-tryvozni-oznaky-3176867.html"], "confidence": 0.6000000000000001, "tone": -6.28019323671498, "goldstein": -10.0, "mentions": 6}}, {"type": "Feature", "geometry": {"type": "Point", "coordinates": [100.0, 60.0]}, "properties": {"id": "gdelt-1325236065", "source": "gdelt", "event_type": "Fight", "sub_type": "CAMEO 190", "date": "2026-09-28", "title": "Fight — Russia", "description": "", "fatalities": null, "actors": ["RUSSIAN", "RUSSIA"], "country": "RS", "links": ["https://www.stiripesurse.ro/rusia-a-atacat-in-ucraina-centre-de-date-si-infrastructuri-energetice-si-portuare_3923761"], "confidence": 0.5, "tone": -2.77777777777777, "goldstein": -10.0, "mentions": 4}}, {"type": "Feature", "geometry": {"type": "Point", "coordinates": [30.0606, -1.95361]}, "properties": {"id": "gdelt-1325236066", "source": "gdelt", "event_type": "Coerce", "sub_type": "CAMEO 173", "date": "2026-09-28", "title": "Coerce — Kigali, (RW09), Rwanda", "description": "", "fatalities": null, "actors": ["RWANDA", "CRIMINAL"], "country": "RW", "links": ["https://www.mediacongo.net/article-actualite-167839_ingerence_politique_le_rwanda_denonce_le_retour_du_general_sylvain_ekenge_comme_porte_parole_des_fardc_de_quoi_kigali_a_peur.html"], "confidence": 0.8, "tone": -3.00429184549356, "goldstein": -5.0, "mentions": 10}}, {"type": "Feature", "geometry": {"type": "Point", "coordinates": [35.113, 37.1091]}, "properties": {"id": "gdelt-1325236093", "source": "gdelt", "event_type": "Assault", "sub_type": "CAMEO 1822", "date": "2026-09-28", "title": "Assault — Salbas, Adana, Turkey", "description": "", "fatalities": null, "actors": ["ADANA"], "country": "TU", "links": ["https://www.haber7.com/adana/3663276-adanada-iskenceyle-olduruldugu-ortaya-cikan-halukun-ailesi-adalet-ariyor"], "confidence": 0.4, "tone": -4.14746543778802, "goldstein": -9.0, "mentions": 2}}, {"type": "Feature", "geometry": {"type": "Point", "coordinates": [38.3522, 38.1712]}, "properties": {"id": "gdelt-1325236094", "source": "gdelt", "event_type": "Assault", "sub_type": "CAMEO 1822", "date": "2026-09-28", "title": "Assault — Mahmutlar, Malatya, Turkey", "description": "", "fatalities": null, "actors": ["ADANA"], "country": "TU", "links": ["https://www.haber7.com/adana/3663276-adanada-iskenceyle-olduruldugu-ortaya-cikan-halukun-ailesi-adalet-ariyor"], "confidence": 0.6000000000000001, "tone": -4.14746543778802, "goldstein": -9.0, "mentions": 6}}, {"type": "Feature", "geometry": {"type": "Point", "coordinates": [70.6483, 32.9555]}, "properties": {"id": "gdelt-1325236104", "source": "gdelt", "event_type": "Fight", "sub_type": "CAMEO 195", "date": "2026-09-28", "title": "Fight — Ismail Khan, North-West Frontier, Pakistan", "description": "", "fatalities": null, "actors": ["TERRORIST", "ISMAIL KHAN"], "country": "PK", "links": ["https://www.shorouknews.com/news/view.aspx?cdate=28092026&id=aabef386-3a2c-45e4-8c5a-08cabfeb6b01"], "confidence": 0.6000000000000001, "tone": -8.39160839160839, "goldstein": -10.0, "mentions": 6}}, {"type": "Feature", "geometry": {"type": "Point", "coordinates": [70.6483, 32.9555]}, "properties": {"id": "gdelt-1325236105", "source": "gdelt", "event_type": "Fight", "sub_type": "CAMEO 195", "date": "2026-09-28", "title": "Fight — Ismail Khan, North-West Frontier, Pakistan", "description": "", "fatalities": null, "actors": ["TERRORIST", "PAKISTAN"], "country": "PK", "links": ["https://www.shorouknews.com/news/view.aspx?cdate=28092026&id=aabef386-3a2c-45e4-8c5a-08cabfeb6b01"], "confidence": 0.5, "tone": -8.39160839160839, "goldstein": -10.0, "mentions": 4}}, {"type": "Feature", "geometry": {"type": "Point", "coordinates": [30.5167, 50.4333]}, "properties": {"id": "gdelt-1325236113", "source": "gdelt", "event_type": "Fight", "sub_type": "CAMEO 190", "date": "2026-09-28", "title": "Fight — Kiev, Ukraine (general), Ukraine", "description": "", "fatalities": null, "actors": ["UKRAINE"], "country": "UP", "links": ["https://kyiv.tsn.ua/kyiv/kryvavyy-udar-dronamy-po-kyyivshchyni-ruynuvannia-u-piaty-rayonakh-ye-zahybli-ta-poraneni-3176780.html"], "confidence": 0.4, "tone": -9.90990990990995, "goldstein": -10.0, "mentions": 2}}, {"type": "Feature", "geometry": {"type": "Point", "coordinates": [36.2527, 49.9808]}, "properties": {"id": "gdelt-1325236115", "source": "gdelt", "event_type": "Fight", "sub_type": "CAMEO 195", "date": "2026-09-28", "title": "Fight — Kharkiv, Kharkivs'ka Oblast', Ukraine", "description": "", "fatalities": null, "actors": ["KHARKIV"], "country": "UP", "links": ["https://www.dsnews.ua/ukr/politics/vorog-atakuvav-kijivshchinu-troye-zagiblih-ta-8-poranenih-28092026-468499"], "confidence": 0.9, "tone": -8.62462271665795, "goldstein": -10.0, "mentions": 23}}, {"type": "Feature", "geometry": {"type": "Point", "coordinates": [36.2527, 49.9808]}, "properties": {"id": "gdelt-1325236116", "source": "gdelt", "event_type": "Fight", "sub_type": "CAMEO 195", "date": "2026-09-28", "title": "Fight — Kharkiv, Kharkivs'ka Oblast', Ukraine", "description": "", "fatalities": null, "actors": ["KHARKIV"], "country": "UP", "links": ["https://www.dsnews.ua/ukr/politics/vorog-atakuvav-kijivshchinu-troye-zagiblih-ta-8-poranenih-28092026-468499"], "confidence": 0.35, "tone": -9.85915492957745, "goldstein": -10.0, "mentions": 1}}, {"type": "Feature", "geometry": {"type": "Point", "coordinates": [30.7386, 46.4639]}, "properties": {"id": "gdelt-1325236117", "source": "gdelt", "event_type": "Fight", "sub_type": "CAMEO 195", "date": "2026-09-28", "title": "Fight — Odessa, Odes'ka Oblast, Ukraine", "description": "", "fatalities": null, "actors": ["UKRAINE"], "country": "UP", "links": ["https://www.adalet.az/az/posts/detail/zelenski-rusiyanin-hucumunda-azerbaycan-vetendasi-olub-1790580064"], "confidence": 0.8, "tone": -8.0, "goldstein": -10.0, "mentions": 10}}, {"type": "Feature", "geometry": {"type": "Point", "coordinates": [26.0, 51.0]}, "properties": {"id": "gdelt-1325236120", "source": "gdelt", "event_type": "Fight", "sub_type": "CAMEO 190", "date": "2026-09-28", "title": "Fight — Volyn, Ukraine (general), Ukraine", "description": "", "fatalities": null, "actors": ["UKRAINE", "SETTLEMENT"], "country": "UP", "links": ["https://www.dsnews.ua/ukr/politics/situaciya-na-fronti-na-ranok-28-veresnya-informaciya-genshtabu-28092026-468501"], "confidence": 0.6000000000000001, "tone": -11.7216117216117, "goldstein": -10.0, "mentions": 6}}, {"type": "Feature", "geometry": {"type": "Point", "coordinates": [30.5167, 50.4333]}, "properties": {"id": "gdelt-1325236131", "source": "gdelt", "event_type": "Assault", "sub_type": "CAMEO 180", "date": "2026-09-28", "title": "Assault — Kiev, Ukraine (general), Ukraine", "description": "", "fatalities": null, "actors": ["UKRAINE", "MEDIA"], "country": "UP", "links": ["https://www.punjabkesari.com/world-news/ukraine-ke-kai-kshetron-mein-russia-ne-machai-tabahi-odessa-mein-palau-jhande-wale-jahaj-ko-banaya-nishana-keev-mein-do-ki-maut/"], "confidence": 0.8, "tone": -8.99470899470904, "goldstein": -9.0, "mentions": 10}}, {"type": "Feature", "geometry": {"type": "Point", "coordinates": [32.0, 49.0]}, "properties": {"id": "gdelt-1325236144", "source": "gdelt", "event_type": "Fight", "sub_type": "CAMEO 190", "date": "2026-09-28", "title": "Fight — Ukraine", "description": "", "fatalities": null, "actors": ["UKRAINIAN", "UKRAINE"], "country": "UP", "links": ["https://tsn.ua/ukrayina/operatsiia-vivaldi-zvilneno-shche-kilka-naselenykh-punktiv-biletskyy-zaiavyv-pro-perelamnyy-moment-3176858.html"], "confidence": 0.4, "tone": -5.50964187327824, "goldstein": -10.0, "mentions": 2}}, {"type": "Feature", "geometry": {"type": "Point", "coordinates": [32.0, 49.0]}, "properties": {"id": "gdelt-1325236145", "source": "gdelt", "event_type": "Fight", "sub_type": "CAMEO 193", "date": "2026-09-28", "title": "Fight — Ukraine", "description": "", "fatalities": null, "actors": ["UKRAINIAN", "UKRAINE"], "country": "UP", "links": ["https://war.obozrevatel.com/section-war/news-vykorystaly-yak-zhyvyy-shchyt-okupanty-na-kharkivshchyni-vykraly-tsyvilnykh-i-pohnaly-yikh-cherez-hazovu-trubu-do-rosiyi-khartiya-28-09-2026.html"], "confidence": 0.4, "tone": -2.85087719298245, "goldstein": -10.0, "mentions": 2}}, {"type": "Feature", "geometry": {"type": "Point", "coordinates": [32.0, 49.0]}, "properties": {"id": "gdelt-1325236149", "source": "gdelt", "event_type": "Fight", "sub_type": "CAMEO 190", "date": "2026-09-28", "title": "Fight — Ukraine", "description": "", "fatalities": null, "actors": ["UKRAINIAN"], "country": "UP", "links": ["https://tsn.ua/ukrayina/operatsiia-vivaldi-zvilneno-shche-kilka-naselenykh-punktiv-biletskyy-zaiavyv-pro-perelamnyy-moment-3176858.html"], "confidence": 0.6000000000000001, "tone": -5.50964187327824, "goldstein": -10.0, "mentions": 6}}, {"type": "Feature", "geometry": {"type": "Point", "coordinates": [32.0, 49.0]}, "properties": {"id": "gdelt-1325236150", "source": "gdelt", "event_type": "Fight", "sub_type": "CAMEO 193", "date": "2026-09-28", "title": "Fight — Ukraine", "description": "", "fatalities": null, "actors": ["UKRAINIAN"], "country": "UP", "links": ["https://war.obozrevatel.com/section-war/news-vykorystaly-yak-zhyvyy-shchyt-okupanty-na-kharkivshchyni-vykraly-tsyvilnykh-i-pohnaly-yikh-cherez-hazovu-trubu-do-rosiyi-khartiya-28-09-2026.html"], "confidence": 0.6000000000000001, "tone": -2.85087719298245, "goldstein": -10.0, "mentions": 6}}, {"type": "Feature", "geometry": {"type": "Point", "coordinates": [-55.0, -10.0]}, "properties": {"id": "gdelt-1325236180", "source": "gdelt", "event_type": "Assault", "sub_type": "CAMEO 1822", "date": "2026-09-28", "title": "Assault — Brazil", "description": "", "fatalities": null, "actors": ["WASHINGTON", "PRISONER"], "country": "BR", "links": ["https://profile.ru/abroad/ni-dat-ni-vzyat-sankcii-v-sovremennoj-istorii-latinskoj-ameriki-1905085/"], "confidence": 0.7, "tone": -6.04395604395605, "goldstein": -9.0, "mentions": 8}}, {"type": "Feature", "geometry": {"type": "Point", "coordinates": [-55.0, -10.0]}, "properties": {"id": "gdelt-1325236181", "source": "gdelt", "event_type": "Assault", "sub_type": "CAMEO 1822", "date": "2026-09-28", "title": "Assault — Brazil", "description": "", "fatalities": null, "actors": ["WASHINGTON", "PRISONER"], "country": "BR", "links": ["https://profile.ru/abroad/ni-dat-ni-vzyat-sankcii-v-sovremennoj-istorii-latinskoj-ameriki-1905085/"], "confidence": 0.4, "tone": -6.04395604395605, "goldstein": -9.0, "mentions": 2}}, {"type": "Feature", "geometry": {"type": "Point", "coordinates": [25.4288, 49.196]}, "properties": {"id": "gdelt-1325236191", "source": "gdelt", "event_type": "Assault", "sub_type": "CAMEO 180", "date": "2026-09-28", "title": "Assault — Dobropole, Ternopil's'ka Oblast', Ukraine", "description": "", "fatalities": null, "actors": ["SLAVIC"], "country": "UP", "links": ["https://www.ukrinform.ua/rubric-ato/4168640-na-fronti-za-dobu-stalis-229-zitknen-najbilse-na-kostantinivskomu-napramku.html"], "confidence": 0.4, "tone": -9.2250922509225, "goldstein": -9.0, "mentions": 2}}, {"type": "Feature", "geometry": {"type": "Point", "coordinates": [26.0, 51.0]}, "properties": {"id": "gdelt-1325236192", "source": "gdelt", "event_type": "Assault", "sub_type": "CAMEO 180", "date": "2026-09-28", "title": "Assault — Volyn, Ukraine (general), Ukraine", "description": "", "fatalities": null, "actors": ["SLAVIC", "SETTLEMENT"], "country": "UP", "links": ["https://www.dsnews.ua/ukr/politics/situaciya-na-fronti-na-ranok-28-veresnya-informaciya-genshtabu-28092026-468501"], "confidence": 0.4, "tone": -11.7216117216117, "goldstein": -9.0, "mentions": 2}}, {"type": "Feature", "geometry": {"type": "Point", "coordinates": [25.4288, 49.196]}, "properties": {"id": "gdelt-1325236193", "source": "gdelt", "event_type": "Assault", "sub_type": "CAMEO 180", "date": "2026-09-28", "title": "Assault — Dobropole, Ternopil's'ka Oblast', Ukraine", "description": "", "fatalities": null, "actors": ["SLAVIC", "RUSSIA"], "country": "UP", "links": ["https://www.ukrinform.ua/rubric-ato/4168640-na-fronti-za-dobu-stalis-229-zitknen-najbilse-na-kostantinivskomu-napramku.html"], "confidence": 0.7, "tone": -9.2250922509225, "goldstein": -9.0, "mentions": 8}}, {"type": "Feature", "geometry": {"type": "Point", "coordinates": [84.0, 28.0]}, "properties": {"id": "gdelt-1325237170", "source": "gdelt", "event_type": "Coerce", "sub_type": "CAMEO 173", "date": "2026-09-28", "title": "Coerce — Nepal", "description": "", "fatalities": null, "actors": ["POLICE"], "country": "NP", "links": ["https://www.karobardaily.com/news/421293"], "confidence": 0.8, "tone": -7.05882352941176, "goldstein": -5.0, "mentions": 10}}, {"type": "Feature", "geometry": {"type": "Point", "coordinates": [77.5, 34.5]}, "properties": {"id": "gdelt-1325237171", "source": "gdelt", "event_type": "Fight", "sub_type": "CAMEO 190", "date": "2026-09-28", "title": "Fight — Ladakh, Jammu and Kashmir, India", "description": "", "fatalities": null, "actors": ["POLICE"], "country": "IN", "links": ["https://www.tarunbharat.com/wangchuk-sets-october-2-deadline-for-the-government/"], "confidence": 0.8, "tone": -3.89105058365759, "goldstein": -10.0, "mentions": 10}}, {"type": "Feature", "geometry": {"type": "Point", "coordinates": [-55.0, -10.0]}, "properties": {"id": "gdelt-1325237172", "source": "gdelt", "event_type": "Fight", "sub_type": "CAMEO 190", "date": "2026-09-28", "title": "Fight — Brazil", "description": "", "fatalities": null, "actors": ["PRISON"], "country": "BR", "links": ["https://noticiasdatv.uol.com.br/noticia/novelas/conselho-de-mendiga-em-avenida-brasil-2-carminha-segue-os-passos-de-lucinda-157083"], "confidence": 0.8, "tone": -3.78151260504202, "goldstein": -10.0, "mentions": 10}}, {"type": "Feature", "geometry": {"type": "Point", "coordinates": [22.8, 38.5833]}, "properties": {"id": "gdelt-1325237206", "source": "gdelt", "event_type": "Fight", "sub_type": "CAMEO 190", "date": "2026-09-28", "title": "Fight — Profitis Ilias, Perifereia Stereas Elladas, Greece", "description": "", "fatalities": null, "actors": ["GREEK"], "country": "GR", "links": ["https://www.newsbomb.gr/ellada/story/1766213/i-agnosti-maxi-ellinon-kai-giougkoslavon-sto-kaimaktsalan-to-1948"], "confidence": 0.8, "tone": -5.70221752903907, "goldstein": -10.0, "mentions": 10}}, {"type": "Feature", "geometry": {"type": "Point", "coordinates": [2.33333, 48.8667]}, "properties": {"id": "gdelt-1325237257", "source": "gdelt", "event_type": "Coerce", "sub_type": "CAMEO 174", "date": "2026-09-28", "title": "Coerce — Paris, France (general), France", "description": "", "fatalities": null, "actors": ["UKRAINE"], "country": "FR", "links": ["https://www.15min.lt/naujiena/aktualu/pasaulis/popiezius-leonas-xiv-atvyko-i-prancuzijos-pasienio-miesta-kalbeti-apie-vieninga-europa-57-2772860"], "confidence": 0.4, "tone": -0.601202404809611, "goldstein": -5.0, "mentions": 2}}, {"type": "Feature", "geometry": {"type": "Point", "coordinates": [10.0, 56.0]}, "properties": {"id": "gdelt-1325237268", "source": "gdelt", "event_type": "Coerce", "sub_type": "CAMEO 173", "date": "2026-09-28", "title": "Coerce — Denmark", "description": "", "fatalities": null, "actors": ["DUBAI", "DENMARK"], "country": "DA", "links": ["https://nra.lv/latvija/530906-sirijas-pilsonis-ar-kriminalu-pagatni-iegulda-riga-waterfront-projekta.htm"], "confidence": 0.8, "tone": -1.59857904085258, "goldstein": -5.0, "mentions": 10}}, {"type": "Feature", "geometry": {"type": "Point", "coordinates": [139.751, 35.685]}, "properties": {"id": "gdelt-1325237271", "source": "gdelt", "event_type": "Fight", "sub_type": "CAMEO 192", "date": "2026-09-28", "title": "Fight — Tokyo, Tokyo, Japan", "description": "", "fatalities": null, "actors": ["AUSTRALIA"], "country": "JA", "links": ["https://www.ilpost.it/2024/08/30/amerigo-vespucci-villaggio-italia-nave-scuola/?homepagePosition=10.1&referrerPost=3689607"], "confidence": 0.4, "tone": 1.22324159021407, "goldstein": -9.5, "mentions": 2}}, {"type": "Feature", "geometry": {"type": "Point", "coordinates": [135.0, -25.0]}, "properties": {"id": "gdelt-1325237272", "source": "gdelt", "event_type": "Fight", "sub_type": "CAMEO 192", "date": "2026-09-28", "title": "Fight — Australia", "description": "", "fatalities": null, "actors": ["AUSTRALIA"], "country": "AS", "links": ["https://www.ilpost.it/2024/08/30/amerigo-vespucci-villaggio-italia-nave-scuola/?homepagePosition=10.1&referrerPost=3689607"], "confidence": 0.7, "tone": 1.22324159021407, "goldstein": -9.5, "mentions": 8}}, {"type": "Feature", "geometry": {"type": "Point", "coordinates": [90.2, 24.6833]}, "properties": {"id": "gdelt-1325237283", "source": "gdelt", "event_type": "Protest", "sub_type": "CAMEO 145", "date": "2026-09-28", "title": "Protest — Mirpur, Bangladesh (general), Bangladesh", "description": "", "fatalities": null, "actors": ["BANGLADESH"], "country": "BG", "links": ["https://www.dailynayadiganta.com/post/other/1056876"], "confidence": 0.8, "tone": -7.17846460618145, "goldstein": -7.5, "mentions": 10}}, {"type": "Feature", "geometry": {"type": "Point", "coordinates": [90.2, 24.6833]}, "properties": {"id": "gdelt-1325237284", "source": "gdelt", "event_type": "Coerce", "sub_type": "CAMEO 1712", "date": "2026-09-28", "title": "Coerce — Mirpur, Bangladesh (general), Bangladesh", "description": "", "fatalities": null, "actors": ["KISHOREGANJ"], "country": "BG", "links": ["https://www.dailynayadiganta.com/post/other/1056906"], "confidence": 0.9, "tone": -7.629864728292, "goldstein": -9.2, "mentions": 12}}, {"type": "Feature", "geometry": {"type": "Point", "coordinates": [-10.0, 11.0]}, "properties": {"id": "gdelt-1325237285", "source": "gdelt", "event_type": "Coerce", "sub_type": "CAMEO 1712", "date": "2026-09-28", "title": "Coerce — Guinea", "description": "", "fatalities": null, "actors": ["BANGLADESH"], "country": "GV", "links": ["https://www.dailynayadiganta.com/post/other/1056876"], "confidence": 0.7, "tone": -7.17846460618145, "goldstein": -9.2, "mentions": 8}}, {"type": "Feature", "geometry": {"type": "Point", "coordinates": [90.2, 24.6833]}, "properties": {"id": "gdelt-1325237286", "source": "gdelt", "event_type": "Assault", "sub_type": "CAMEO 180", "date": "2026-09-28", "title": "Assault — Mirpur, Bangladesh (general), Bangladesh", "description": "", "fatalities": null, "actors": ["BANGLADESH"], "country": "BG", "links": ["https://www.dailynayadiganta.com/post/other/1056876"], "confidence": 0.5, "tone": -7.17846460618145, "goldstein": -9.0, "mentions": 4}}, {"type": "Feature", "geometry": {"type": "Point", "coordinates": [6.93333, 58.95]}, "properties": {"id": "gdelt-1325237315", "source": "gdelt", "event_type": "Coerce", "sub_type": "CAMEO 173", "date": "2026-09-28", "title": "Coerce — Fidjeland, Vest-Agder, Norway", "description": "", "fatalities": null, "actors": ["COMPANY"], "country": "NO", "links": ["https://www.digi.no/telekom/storeier-er-kritisk-til-telenors-risikovurderinger-i-myanmar/5707528"], "confidence": 0.8, "tone": -5.00490677134446, "goldstein": -5.0, "mentions": 10}}, {"type": "Feature", "geometry": {"type": "Point", "coordinates": [15.0, 62.0]}, "properties": {"id": "gdelt-1325237316", "source": "gdelt", "event_type": "Coerce", "sub_type": "CAMEO 172", "date": "2026-09-28", "title": "Coerce — Sweden", "description": "", "fatalities": null, "actors": ["BANK", "BRAZILIAN"], "country": "SW", "links": ["https://www.privataaffarer.se/placeringar/aktier/pareto-evolution-paverkas-av-brasilianskt-forbud/"], "confidence": 0.7, "tone": -2.3696682464455, "goldstein": -5.0, "mentions": 8}}, {"type": "Feature", "geometry": {"type": "Point", "coordinates": [10.0, 56.0]}, "properties": {"id": "gdelt-1325237318", "source": "gdelt", "event_type": "Coerce", "sub_type": "CAMEO 173", "date": "2026-09-28", "title": "Coerce — Denmark", "description": "", "fatalities": null, "actors": ["INVESTOR", "DENMARK"], "country": "DA", "links": ["https://rus.delfi.lv/biznes/37448553/biznes/120136129/ltv-investorom-proekta-riga-waterfront-stal-osuzhdennyy-v-danii-grazhdanin-sirii"], "confidence": 0.6000000000000001, "tone": -1.985559566787, "goldstein": -5.0, "mentions": 6}}, {"type": "Feature", "geometry": {"type": "Point", "coordinates": [38.0, 35.0]}, "properties": {"id": "gdelt-1325237319", "source": "gdelt", "event_type": "Coerce", "sub_type": "CAMEO 173", "date": "2026-09-28", "title": "Coerce — Syria", "description": "", "fatalities": null, "actors": ["INVESTOR", "DENMARK"], "country": "SY", "links": ["https://rus.delfi.lv/biznes/37448553/biznes/120136129/ltv-investorom-proekta-riga-waterfront-stal-osuzhdennyy-v-danii-grazhdanin-sirii"], "confidence": 0.5, "tone": -1.985559566787, "goldstein": -5.0, "mentions": 4}}, {"type": "Feature", "geometry": {"type": "Point", "coordinates": [24.0306, 57.0617]}, "properties": {"id": "gdelt-1325237329", "source": "gdelt", "event_type": "Coerce", "sub_type": "CAMEO 173", "date": "2026-09-28", "title": "Coerce — Daugava, Latvia (general), Latvia", "description": "", "fatalities": null, "actors": ["INVESTOR", "SYRIA"], "country": "LG", "links": ["https://nra.lv/latvija/530906-sirijas-pilsonis-ar-kriminalu-pagatni-iegulda-riga-waterfront-projekta.htm"], "confidence": 0.8, "tone": -1.59857904085258, "goldstein": -5.0, "mentions": 10}}, {"type": "Feature", "geometry": {"type": "Point", "coordinates": [135.95, 33.5833]}, "properties": {"id": "gdelt-1325237341", "source": "gdelt", "event_type": "Fight", "sub_type": "CAMEO 193", "date": "2026-09-28", "title": "Fight — Taiji, Wakayama, Japan", "description": "", "fatalities": null, "actors": ["CHILE"], "country": "JA", "links": ["https://www.newspim.com/news/view/20260928001038"], "confidence": 0.6000000000000001, "tone": 1.11561866125761, "goldstein": -10.0, "mentions": 6}}, {"type": "Feature", "geometry": {"type": "Point", "coordinates": [-70.6667, -33.45]}, "properties": {"id": "gdelt-1325237342", "source": "gdelt", "event_type": "Fight", "sub_type": "CAMEO 193", "date": "2026-09-28", "title": "Fight — Santiago, Regióetropolitana, Chile", "description": "", "fatalities": null, "actors": ["CHILE"], "country": "CI", "links": ["https://www.newspim.com/news/view/20260928001038"], "confidence": 0.4, "tone": 1.11561866125761, "goldstein": -10.0, "mentions": 2}}, {"type": "Feature", "geometry": {"type": "Point", "coordinates": [2.33333, 48.8667]}, "properties": {"id": "gdelt-1325237354", "source": "gdelt", "event_type": "Coerce", "sub_type": "CAMEO 174", "date": "2026-09-28", "title": "Coerce — Paris, France (general), France", "description": "", "fatalities": null, "actors": ["THE POPE", "UKRAINE"], "country": "FR", "links": ["https://www.15min.lt/naujiena/aktualu/pasaulis/popiezius-leonas-xiv-atvyko-i-prancuzijos-pasienio-miesta-kalbeti-apie-vieninga-europa-57-2772860"], "confidence": 0.7, "tone": -0.601202404809611, "goldstein": -5.0, "mentions": 8}}, {"type": "Feature", "geometry": {"type": "Point", "coordinates": [-5.93333, 54.5833]}, "properties": {"id": "gdelt-1325237366", "source": "gdelt", "event_type": "Fight", "sub_type": "CAMEO 190", "date": "2026-09-28", "title": "Fight — Belfast, Belfast, United Kingdom", "description": "", "fatalities": null, "actors": ["POLICE"], "country": "UK", "links": ["https://www.15min.lt/naujiena/aktualu/pasaulis/protestantu-eitynes-per-kataliku-rajona-siaures-airijoje-kaip-kilo-didziule-itampa-57-2772800"], "confidence": 0.4, "tone": -2.19123505976096, "goldstein": -10.0, "mentions": 2}}, {"type": "Feature", "geometry": {"type": "Point", "coordinates": [-5.93333, 54.5833]}, "properties": {"id": "gdelt-1325237367", "source": "gdelt", "event_type": "Fight", "sub_type": "CAMEO 190", "date": "2026-09-28", "title": "Fight — Belfast, Belfast, United Kingdom", "description": "", "fatalities": null, "actors": ["POLICE"], "country": "UK", "links": ["https://www.15min.lt/naujiena/aktualu/pasaulis/protestantu-eitynes-per-kataliku-rajona-siaures-airijoje-kaip-kilo-didziule-itampa-57-2772800"], "confidence": 0.6000000000000001, "tone": -2.19123505976096, "goldstein": -10.0, "mentions": 6}}, {"type": "Feature", "geometry": {"type": "Point", "coordinates": [-8.0, 53.0]}, "properties": {"id": "gdelt-1325237368", "source": "gdelt", "event_type": "Fight", "sub_type": "CAMEO 190", "date": "2026-09-28", "title": "Fight — Ireland", "description": "", "fatalities": null, "actors": ["POLICE"], "country": "EI", "links": ["https://www.15min.lt/naujiena/aktualu/pasaulis/protestantu-eitynes-per-kataliku-rajona-siaures-airijoje-kaip-kilo-didziule-itampa-57-2772800"], "confidence": 0.4, "tone": -2.19123505976096, "goldstein": -10.0, "mentions": 2}}, {"type": "Feature", "geometry": {"type": "Point", "coordinates": [105.0, 35.0]}, "properties": {"id": "gdelt-1325237369", "source": "gdelt", "event_type": "Fight", "sub_type": "CAMEO 193", "date": "2026-09-28", "title": "Fight — China", "description": "", "fatalities": null, "actors": ["POLICEMAN"], "country": "CH", "links": ["https://www.zazoom.it/2026-09-28/al-centro-commerciale-del-gargano-arriva-il-pokemon-festival-una-settimana-tra-tornei-scambi-e-sfide/19732239/"], "confidence": 0.6000000000000001, "tone": 0.24813895781637, "goldstein": -10.0, "mentions": 6}}, {"type": "Feature", "geometry": {"type": "Point", "coordinates": [105.0, 35.0]}, "properties": {"id": "gdelt-1325237370", "source": "gdelt", "event_type": "Fight", "sub_type": "CAMEO 193", "date": "2026-09-28", "title": "Fight — China", "description": "", "fatalities": null, "actors": ["POLICEMAN"], "country": "CH", "links": ["https://www.zazoom.it/2026-09-28/al-centro-commerciale-del-gargano-arriva-il-pokemon-festival-una-settimana-tra-tornei-scambi-e-sfide/19732239/"], "confidence": 0.4, "tone": 0.24813895781637, "goldstein": -10.0, "mentions": 2}}, {"type": "Feature", "geometry": {"type": "Point", "coordinates": [10.0, 56.0]}, "properties": {"id": "gdelt-1325237371", "source": "gdelt", "event_type": "Fight", "sub_type": "CAMEO 193", "date": "2026-09-28", "title": "Fight — Denmark", "description": "", "fatalities": null, "actors": ["POLICEMAN"], "country": "DA", "links": ["https://www.zazoom.it/2026-09-28/al-centro-commerciale-del-gargano-arriva-il-pokemon-festival-una-settimana-tra-tornei-scambi-e-sfide/19732239/"], "confidence": 0.4, "tone": 0.24813895781637, "goldstein": -10.0, "mentions": 2}}, {"type": "Feature", "geometry": {"type": "Point", "coordinates": [2.33333, 48.8667]}, "properties": {"id": "gdelt-1325237379", "source": "gdelt", "event_type": "Coerce", "sub_type": "CAMEO 173", "date": "2026-09-28", "title": "Coerce — Paris, France (general), France", "description": "", "fatalities": null, "actors": ["POLICE", "PARIS"], "country": "FR", "links": ["https://www.politika.rs/scc/clanak/788989/francuska-pojacava-bezbednost-u-skolama-zbog-blokada-i-protesta"], "confidence": 0.8, "tone": -4.80480480480481, "goldstein": -5.0, "mentions": 10}}, {"type": "Feature", "geometry": {"type": "Point", "coordinates": [84.0, 28.0]}, "properties": {"id": "gdelt-1325237383", "source": "gdelt", "event_type": "Coerce", "sub_type": "CAMEO 173", "date": "2026-09-28", "title": "Coerce — Nepal", "description": "", "fatalities": null, "actors": ["POLICE", "NEPAL"], "country": "NP", "links": ["https://www.karobardaily.com/news/421293"], "confidence": 0.8, "tone": -7.05882352941176, "goldstein": -5.0, "mentions": 10}}, {"type": "Feature", "geometry": {"type": "Point", "coordinates": [90.2, 24.6833]}, "properties": {"id": "gdelt-1325237388", "source": "gdelt", "event_type": "Coerce", "sub_type": "CAMEO 1712", "date": "2026-09-28", "title": "Coerce — Mirpur, Bangladesh (general), Bangladesh", "description": "", "fatalities": null, "actors": ["GANG"], "country": "BG", "links": ["https://www.dailynayadiganta.com/post/other/1056876"], "confidence": 0.7, "tone": -7.17846460618145, "goldstein": -9.2, "mentions": 8}}, {"type": "Feature", "geometry": {"type": "Point", "coordinates": [37.6156, 55.7522]}, "properties": {"id": "gdelt-1325237400", "source": "gdelt", "event_type": "Assault", "sub_type": "CAMEO 180", "date": "2026-09-28", "title": "Assault — Moscow, Moskva, Russia", "description": "", "fatalities": null, "actors": ["CIVILIAN"], "country": "RS", "links": ["https://www.dailynayadiganta.com/post/europe/1056969"], "confidence": 0.8, "tone": -9.06432748538015, "goldstein": -9.0, "mentions": 10}}, {"type": "Feature", "geometry": {"type": "Point", "coordinates": [12.4833, 41.9]}, "properties": {"id": "gdelt-1325237401", "source": "gdelt", "event_type": "Fight", "sub_type": "CAMEO 193", "date": "2026-09-28", "title": "Fight — Rome, Lazio, Italy", "description": "", "fatalities": null, "actors": ["VILLAGE"], "country": "IT", "links": ["https://www.prealpina.it/news/italia-esteri/552870/la-contadina-che-ha-dato-l-allarme-sulla-base-raf-e-stata-pura-fortuna.html"], "confidence": 0.8, "tone": -2.82485875706215, "goldstein": -10.0, "mentions": 10}}, {"type": "Feature", "geometry": {"type": "Point", "coordinates": [34.3333, 31.4167]}, "properties": {"id": "gdelt-1325237405", "source": "gdelt", "event_type": "Fight", "sub_type": "CAMEO 190", "date": "2026-09-28", "title": "Fight — Gaza City, Israel (general), Israel", "description": "", "fatalities": null, "actors": ["NEIGHBORHOOD", "ISRAEL"], "country": "IS", "links": ["https://alfajertv.com/news/palnews/743189.html"], "confidence": 0.4, "tone": -9.91379310344826, "goldstein": -10.0, "mentions": 2}}, {"type": "Feature", "geometry": {"type": "Point", "coordinates": [34.3333, 31.4167]}, "properties": {"id": "gdelt-1325237406", "source": "gdelt", "event_type": "Fight", "sub_type": "CAMEO 190", "date": "2026-09-28", "title": "Fight — Gaza City, Israel (general), Israel", "description": "", "fatalities": null, "actors": ["NEIGHBORHOOD", "ISRAEL"], "country": "IS", "links": ["https://alfajertv.com/news/palnews/743189.html"], "confidence": 0.4, "tone": -9.91379310344826, "goldstein": -10.0, "mentions": 2}}, {"type": "Feature", "geometry": {"type": "Point", "coordinates": [12.4833, 41.9]}, "properties": {"id": "gdelt-1325237407", "source": "gdelt", "event_type": "Fight", "sub_type": "CAMEO 192", "date": "2026-09-28", "title": "Fight — Rome, Lazio, Italy", "description": "", "fatalities": null, "actors": ["IMMIGRANT", "ROME"], "country": "IT", "links": ["https://www.larena.it/territorio-veronese/citta/inaugurazione-nuovo-centro-pastorale-immigrazione-via-lussino-1.13137031"], "confidence": 0.8, "tone": 2.79069767441861, "goldstein": -9.5, "mentions": 10}}, {"type": "Feature", "geometry": {"type": "Point", "coordinates": [37.6156, 55.7522]}, "properties": {"id": "gdelt-1325237408", "source": "gdelt", "event_type": "Assault", "sub_type": "CAMEO 180", "date": "2026-09-28", "title": "Assault — Moscow, Moskva, Russia", "description": "", "fatalities": null, "actors": ["POPULATION", "ARMY"], "country": "RS", "links": ["https://www.interfax.ru/russia/1118872"], "confidence": 0.8, "tone": -2.41935483870968, "goldstein": -9.0, "mentions": 10}}, {"type": "Feature", "geometry": {"type": "Point", "coordinates": [34.3333, 31.4167]}, "properties": {"id": "gdelt-1325237409", "source": "gdelt", "event_type": "Fight", "sub_type": "CAMEO 190", "date": "2026-09-28", "title": "Fight — Gaza City, Israel (general), Israel", "description": "", "fatalities": null, "actors": ["NEIGHBORHOOD", "GAZA"], "country": "IS", "links": ["https://alfajertv.com/news/palnews/743189.html"], "confidence": 0.5, "tone": -9.91379310344826, "goldstein": -10.0, "mentions": 4}}, {"type": "Feature", "geometry": {"type": "Point", "coordinates": [10.5, 51.5]}, "properties": {"id": "gdelt-1325237416", "source": "gdelt", "event_type": "Fight", "sub_type": "CAMEO 192", "date": "2026-09-28", "title": "Fight — Germany", "description": "", "fatalities": null, "actors": ["GERMAN", "PUBLISHER"], "country": "GM", "links": ["https://www.realtid.se/juridik/storbyraer-saljer-ai-innehav-forlagen-tar-over/"], "confidence": 0.8, "tone": 2.56410256410256, "goldstein": -9.5, "mentions": 10}}, {"type": "Feature", "geometry": {"type": "Point", "coordinates": [10.0, 56.0]}, "properties": {"id": "gdelt-1325237422", "source": "gdelt", "event_type": "Coerce", "sub_type": "CAMEO 173", "date": "2026-09-28", "title": "Coerce — Denmark", "description": "", "fatalities": null, "actors": ["DENMARK", "SYRIA"], "country": "DA", "links": ["https://nra.lv/latvija/530906-sirijas-pilsonis-ar-kriminalu-pagatni-iegulda-riga-waterfront-projekta.htm"], "confidence": 0.4, "tone": -1.59857904085258, "goldstein": -5.0, "mentions": 2}}, {"type": "Feature", "geometry": {"type": "Point", "coordinates": [10.0, 56.0]}, "properties": {"id": "gdelt-1325237423", "source": "gdelt", "event_type": "Coerce", "sub_type": "CAMEO 173", "date": "2026-09-28", "title": "Coerce — Denmark", "description": "", "fatalities": null, "actors": ["DENMARK", "SYRIA"], "country": "DA", "links": ["https://nra.lv/latvija/530906-sirijas-pilsonis-ar-kriminalu-pagatni-iegulda-riga-waterfront-projekta.htm"], "confidence": 0.7, "tone": -1.59857904085258, "goldstein": -5.0, "mentions": 8}}, {"type": "Feature", "geometry": {"type": "Point", "coordinates": [31.33, 30.0934]}, "properties": {"id": "gdelt-1325237445", "source": "gdelt", "event_type": "Coerce", "sub_type": "CAMEO 1721", "date": "2026-09-28", "title": "Coerce — Mustashfa Kliyubatra, Al Qahirah, Egypt", "description": "", "fatalities": null, "actors": ["EGYPT"], "country": "EG", "links": ["https://www.fj-p.com/434961/%D9%81%D9%8A-%D8%B8%D9%84-%D8%AA%D8%B9%D8%AF%D8%AF-%D8%A7%D9%84%D9%85%D9%86%D8%A7%D8%B5%D8%A8-%D9%88%D8%A7%D9%84%D9%85%D9%83%D8%A7%D9%81%D8%A2%D8%AA-%D9%83%D9%8A%D9%81-%D9%8A%D8%B3%D8%AA%D8%AD%D9%88/"], "confidence": 0.4, "tone": 0.80226521944313, "goldstein": -5.0, "mentions": 2}}, {"type": "Feature", "geometry": {"type": "Point", "coordinates": [34.3333, 31.4167]}, "properties": {"id": "gdelt-1325237449", "source": "gdelt", "event_type": "Fight", "sub_type": "CAMEO 193", "date": "2026-09-28", "title": "Fight — Gaza City, Israel (general), Israel", "description": "", "fatalities": null, "actors": ["EGYPTIAN", "ISRAELI"], "country": "IS", "links": ["https://alfajertv.com/news/palnews/743189.html"], "confidence": 0.7, "tone": -9.91379310344826, "goldstein": -10.0, "mentions": 8}}, {"type": "Feature", "geometry": {"type": "Point", "coordinates": [34.3063, 31.3402]}, "properties": {"id": "gdelt-1325237450", "source": "gdelt", "event_type": "Fight", "sub_type": "CAMEO 193", "date": "2026-09-28", "title": "Fight — Khan Yunis, Gaza Strip (general), Gaza Strip", "description": "", "fatalities": null, "actors": ["EGYPTIAN", "ISRAELI"], "country": "GZ", "links": ["https://alfajertv.com/news/palnews/743189.html"], "confidence": 0.4, "tone": -9.91379310344826, "goldstein": -10.0, "mentions": 2}}, {"type": "Feature", "geometry": {"type": "Point", "coordinates": [26.0, 64.0]}, "properties": {"id": "gdelt-1325237473", "source": "gdelt", "event_type": "Protest", "sub_type": "CAMEO 141", "date": "2026-09-28", "title": "Protest — Finland", "description": "", "fatalities": null, "actors": ["FINLAND"], "country": "FI", "links": ["https://www.iltalehti.fi/politiikka/a/ed646196-b9b3-4f52-955b-6b7b619f7a3a"], "confidence": 0.8, "tone": 9.6153846153846, "goldstein": -6.5, "mentions": 10}}, {"type": "Feature", "geometry": {"type": "Point", "coordinates": [2.33333, 48.8667]}, "properties": {"id": "gdelt-1325237478", "source": "gdelt", "event_type": "Force posture", "sub_type": "CAMEO 150", "date": "2026-09-28", "title": "Force posture — Paris, France (general), France", "description": "", "fatalities": null, "actors": ["FRENCH", "SCHOOL"], "country": "FR", "links": ["https://www.politika.rs/scc/clanak/788989/francuska-pojacava-bezbednost-u-skolama-zbog-blokada-i-protesta"], "confidence": 0.8, "tone": -4.80480480480481, "goldstein": -7.2, "mentions": 10}}, {"type": "Feature", "geometry": {"type": "Point", "coordinates": [-5.93333, 54.5833]}, "properties": {"id": "gdelt-1325237483", "source": "gdelt", "event_type": "Protest", "sub_type": "CAMEO 141", "date": "2026-09-28", "title": "Protest — Belfast, Belfast, United Kingdom", "description": "", "fatalities": null, "actors": ["UNITED KINGDOM"], "country": "UK", "links": ["https://www.15min.lt/naujiena/aktualu/pasaulis/protestantu-eitynes-per-kataliku-rajona-siaures-airijoje-kaip-kilo-didziule-itampa-57-2772800"], "confidence": 0.6000000000000001, "tone": -2.19123505976096, "goldstein": -6.5, "mentions": 6}}, {"type": "Feature", "geometry": {"type": "Point", "coordinates": [-8.0, 53.0]}, "properties": {"id": "gdelt-1325237484", "source": "gdelt", "event_type": "Protest", "sub_type": "CAMEO 141", "date": "2026-09-28", "title": "Protest — Ireland", "description": "", "fatalities": null, "actors": ["UNITED KINGDOM"], "country": "EI", "links": ["https://www.15min.lt/naujiena/aktualu/pasaulis/protestantu-eitynes-per-kataliku-rajona-siaures-airijoje-kaip-kilo-didziule-itampa-57-2772800"], "confidence": 0.4, "tone": -2.19123505976096, "goldstein": -6.5, "mentions": 2}}, {"type": "Feature", "geometry": {"type": "Point", "coordinates": [139.751, 35.685]}, "properties": {"id": "gdelt-1325237486", "source": "gdelt", "event_type": "Fight", "sub_type": "CAMEO 192", "date": "2026-09-28", "title": "Fight — Tokyo, Tokyo, Japan", "description": "", "fatalities": null, "actors": ["LONDON", "TOKYO"], "country": "JA", "links": ["https://www.elcomercio.es/deportes/tenis/copa-davis/alcaraz-jodar-comprometen-copa-davis-20260928102103-ntrc.html"], "confidence": 0.8, "tone": -0.61601642710472, "goldstein": -9.5, "mentions": 10}}, {"type": "Feature", "geometry": {"type": "Point", "coordinates": [-5.93333, 54.5833]}, "properties": {"id": "gdelt-1325237487", "source": "gdelt", "event_type": "Coerce", "sub_type": "CAMEO 172", "date": "2026-09-28", "title": "Coerce — Belfast, Belfast, United Kingdom", "description": "", "fatalities": null, "actors": ["UNITED KINGDOM", "COURT JUDGE"], "country": "UK", "links": ["https://www.15min.lt/naujiena/aktualu/pasaulis/protestantu-eitynes-per-kataliku-rajona-siaures-airijoje-kaip-kilo-didziule-itampa-57-2772800"], "confidence": 0.6000000000000001, "tone": -2.19123505976096, "goldstein": -5.0, "mentions": 6}}, {"type": "Feature", "geometry": {"type": "Point", "coordinates": [-55.0, -10.0]}, "properties": {"id": "gdelt-1325237532", "source": "gdelt", "event_type": "Fight", "sub_type": "CAMEO 190", "date": "2026-09-28", "title": "Fight — Brazil", "description": "", "fatalities": null, "actors": ["GOVERNMENT"], "country": "BR", "links": ["https://www.elmundo.es/comunidad-valenciana/alicante/2026/09/28/6aba235fe4d4d82b368b457c.html"], "confidence": 0.8, "tone": -6.2874251497006, "goldstein": -10.0, "mentions": 10}}, {"type": "Feature", "geometry": {"type": "Point", "coordinates": [22.8, 38.5833]}, "properties": {"id": "gdelt-1325237598", "source": "gdelt", "event_type": "Fight", "sub_type": "CAMEO 190", "date": "2026-09-28", "title": "Fight — Profitis Ilias, Perifereia Stereas Elladas, Greece", "description": "", "fatalities": null, "actors": ["GREEK"], "country": "GR", "links": ["https://www.newsbomb.gr/ellada/story/1766213/i-agnosti-maxi-ellinon-kai-giougkoslavon-sto-kaimaktsalan-to-1948"], "confidence": 0.8, "tone": -5.70221752903907, "goldstein": -10.0, "mentions": 10}}, {"type": "Feature", "geometry": {"type": "Point", "coordinates": [3.05056, 36.7631]}, "properties": {"id": "gdelt-1325237627", "source": "gdelt", "event_type": "Coerce", "sub_type": "CAMEO 173", "date": "2026-09-28", "title": "Coerce — Algiers, Alger, Algeria", "description": "", "fatalities": null, "actors": ["OPEC", "ALGERIA"], "country": "AG", "links": ["https://www.lnr-dz.com/2026/09/28/laccord-dalger-une-etape-importante/"], "confidence": 0.8, "tone": 2.21914008321775, "goldstein": -5.0, "mentions": 10}}, {"type": "Feature", "geometry": {"type": "Point", "coordinates": [30.5167, 50.4333]}, "properties": {"id": "gdelt-1325237634", "source": "gdelt", "event_type": "Fight", "sub_type": "CAMEO 194", "date": "2026-09-28", "title": "Fight — Kyiv, Kyyiv, Misto, Ukraine", "description": "", "fatalities": null, "actors": ["EUROPEAN UNION", "UKRAINE"], "country": "UP", "links": ["https://news.liga.net/ua/war/news/kallas-zaklykala-krainy-yes-peredaty-ukraini-rakety-do-patriot-iz-vlasnykh-arsenaliv"], "confidence": 0.8, "tone": -0.8695652173913, "goldstein": -10.0, "mentions": 10}}, {"type": "Feature", "geometry": {"type": "Point", "coordinates": [34.3333, 31.4167]}, "properties": {"id": "gdelt-1325237635", "source": "gdelt", "event_type": "Coerce", "sub_type": "CAMEO 173", "date": "2026-09-28", "title": "Coerce — Gaza, Israel (general), Israel", "description": "", "fatalities": null, "actors": ["INTERNATIONAL CRIMINAL COURT"], "country": "IS", "links": ["https://palinfo.com/news/opinion_articles/%D9%81%D9%8A-%D9%8A%D9%88%D9%85-%D8%A7%D9%84%D8%AA%D8%B6%D8%A7%D9%85%D9%86-%D9%85%D8%B9-%D8%A7%D9%84%D8%B5%D8%AD%D9%81%D9%8A-%D8%A7%D9%84%D9%81%D9%84%D8%B3%D8%B7%D9%8A%D9%86%D9%8A-%D8%A3%D9%8A%D9%86/"], "confidence": 0.8, "tone": -0.99378881987577, "goldstein": -5.0, "mentions": 10}}, {"type": "Feature", "geometry": {"type": "Point", "coordinates": [34.3333, 31.4167]}, "properties": {"id": "gdelt-1325237636", "source": "gdelt", "event_type": "Fight", "sub_type": "CAMEO 190", "date": "2026-09-28", "title": "Fight — Gaza, Israel (general), Israel", "description": "", "fatalities": null, "actors": ["INTERNATIONAL CRIMINAL COURT"], "country": "IS", "links": ["https://palinfo.com/news/opinion_articles/%D9%81%D9%8A-%D9%8A%D9%88%D9%85-%D8%A7%D9%84%D8%AA%D8%B6%D8%A7%D9%85%D9%86-%D9%85%D8%B9-%D8%A7%D9%84%D8%B5%D8%AD%D9%81%D9%8A-%D8%A7%D9%84%D9%81%D9%84%D8%B3%D8%B7%D9%8A%D9%86%D9%8A-%D8%A3%D9%8A%D9%86/"], "confidence": 0.8, "tone": -0.99378881987577, "goldstein": -10.0, "mentions": 10}}, {"type": "Feature", "geometry": {"type": "Point", "coordinates": [37.6156, 55.7522]}, "properties": {"id": "gdelt-1325237644", "source": "gdelt", "event_type": "Assault", "sub_type": "CAMEO 180", "date": "2026-09-28", "title": "Assault — Moscow, Moskva, Russia", "description": "", "fatalities": null, "actors": ["NATO", "RUSSIA"], "country": "RS", "links": ["https://www.dailynayadiganta.com/post/europe/1056968"], "confidence": 0.8, "tone": -1.31004366812227, "goldstein": -9.0, "mentions": 10}}, {"type": "Feature", "geometry": {"type": "Point", "coordinates": [34.75, 31.5]}, "properties": {"id": "gdelt-1325237662", "source": "gdelt", "event_type": "Assault", "sub_type": "CAMEO 180", "date": "2026-09-28", "title": "Assault — Israel", "description": "", "fatalities": null, "actors": ["IRAN", "ISRAEL"], "country": "IS", "links": ["https://www.naftemporiki.gr/kosmos/2167384/wsj-o-tramp-metatopizei-ti-syzitisi-apo-ta-stena-toy-ormoyz-ti-zitaei-gia-na-xekinisoyn-oi-synomilies-ipa-kai-iran/"], "confidence": 0.7, "tone": -2.96127562642369, "goldstein": -9.0, "mentions": 8}}, {"type": "Feature", "geometry": {"type": "Point", "coordinates": [53.0, 32.0]}, "properties": {"id": "gdelt-1325237664", "source": "gdelt", "event_type": "Fight", "sub_type": "CAMEO 190", "date": "2026-09-28", "title": "Fight — Iran", "description": "", "fatalities": null, "actors": ["IRAN", "AIR FORCE"], "country": "IR", "links": ["https://www.interfax.ru/world/1118870"], "confidence": 0.8, "tone": -5.43478260869566, "goldstein": -10.0, "mentions": 10}}, {"type": "Feature", "geometry": {"type": "Point", "coordinates": [53.0, 32.0]}, "properties": {"id": "gdelt-1325237666", "source": "gdelt", "event_type": "Fight", "sub_type": "CAMEO 190", "date": "2026-09-28", "title": "Fight — Iran", "description": "", "fatalities": null, "actors": ["IRAN", "MOSCOW"], "country": "IR", "links": ["https://www.interfax.ru/world/1118870"], "confidence": 0.8, "tone": -5.43478260869566, "goldstein": -10.0, "mentions": 10}}, {"type": "Feature", "geometry": {"type": "Point", "coordinates": [34.75, 31.5]}, "properties": {"id": "gdelt-1325237690", "source": "gdelt", "event_type": "Fight", "sub_type": "CAMEO 190", "date": "2026-09-28", "title": "Fight — Israel", "description": "", "fatalities": null, "actors": ["ISRAEL", "GOVERNMENT"], "country": "IS", "links": ["https://www.liputan6.com/global/read/8301284/menteri-israel-serukan-perang-di-tepi-barat"], "confidence": 0.5, "tone": -8.03858520900321, "goldstein": -10.0, "mentions": 4}}, {"type": "Feature", "geometry": {"type": "Point", "coordinates": [35.2333, 31.7667]}, "properties": {"id": "gdelt-1325237692", "source": "gdelt", "event_type": "Fight", "sub_type": "CAMEO 190", "date": "2026-09-28", "title": "Fight — Jerusalem, Israel (general), Israel", "description": "", "fatalities": null, "actors": ["JERUSALEM", "ISRAELI"], "country": "IS", "links": ["https://www.alanba.com.kw/1378298"], "confidence": 0.7, "tone": -3.72492836676218, "goldstein": -10.0, "mentions": 8}}, {"type": "Feature", "geometry": {"type": "Point", "coordinates": [34.75, 31.5]}, "properties": {"id": "gdelt-1325237705", "source": "gdelt", "event_type": "Assault", "sub_type": "CAMEO 180", "date": "2026-09-28", "title": "Assault — Israel", "description": "", "fatalities": null, "actors": ["ISRAELI"], "country": "IS", "links": ["https://alhourriah.org/article/172156"], "confidence": 0.6000000000000001, "tone": -5.55555555555555, "goldstein": -9.0, "mentions": 6}}, {"type": "Feature", "geometry": {"type": "Point", "coordinates": [34.75, 31.5]}, "properties": {"id": "gdelt-1325237708", "source": "gdelt", "event_type": "Assault", "sub_type": "CAMEO 180", "date": "2026-09-28", "title": "Assault — Israel", "description": "", "fatalities": null, "actors": ["ISRAELI", "ISRAEL"], "country": "IS", "links": ["https://alhourriah.org/article/172156"], "confidence": 0.4, "tone": -5.55555555555555, "goldstein": -9.0, "mentions": 2}}, {"type": "Feature", "geometry": {"type": "Point", "coordinates": [34.3333, 31.4167]}, "properties": {"id": "gdelt-1325237709", "source": "gdelt", "event_type": "Fight", "sub_type": "CAMEO 190", "date": "2026-09-28", "title": "Fight — Gaza, Israel (general), Israel", "description": "", "fatalities": null, "actors": ["ISRAELI", "PALESTINIAN"], "country": "IS", "links": ["https://www.alquds.com/ar/posts/259530"], "confidence": 0.7, "tone": -4.22180214240705, "goldstein": -10.0, "mentions": 8}}, {"type": "Feature", "geometry": {"type": "Point", "coordinates": [10.0, 62.0]}, "properties": {"id": "gdelt-1325237733", "source": "gdelt", "event_type": "Protest", "sub_type": "CAMEO 141", "date": "2026-09-28", "title": "Protest — Norway", "description": "", "fatalities": null, "actors": ["PROSECUTOR"], "country": "NO", "links": ["https://www.digi.no/it-bransjen/krever-fett-betalt-selv-om-700-millioners-kontrakten-glapp/5706127"], "confidence": 0.8, "tone": -3.53634577603144, "goldstein": -6.5, "mentions": 10}}, {"type": "Feature", "geometry": {"type": "Point", "coordinates": [-5.93333, 54.5833]}, "properties": {"id": "gdelt-1325237734", "source": "gdelt", "event_type": "Coerce", "sub_type": "CAMEO 172", "date": "2026-09-28", "title": "Coerce — Belfast, Belfast, United Kingdom", "description": "", "fatalities": null, "actors": ["COURT JUDGE"], "country": "UK", "links": ["https://www.15min.lt/naujiena/aktualu/pasaulis/protestantu-eitynes-per-kataliku-rajona-siaures-airijoje-kaip-kilo-didziule-itampa-57-2772800"], "confidence": 0.4, "tone": -2.19123505976096, "goldstein": -5.0, "mentions": 2}}, {"type": "Feature", "geometry": {"type": "Point", "coordinates": [12.3493, 55.6759]}, "properties": {"id": "gdelt-1325237735", "source": "gdelt", "event_type": "Coerce", "sub_type": "CAMEO 173", "date": "2026-09-28", "title": "Coerce — Herstedvester, Hovedstaden, Denmark", "description": "", "fatalities": null, "actors": ["DISTRICT COURT"], "country": "DA", "links": ["https://ekstrabladet.dk/krimi/voldtog-flere-boern-forvaring-til-klubpaedagog/11303121"], "confidence": 0.8, "tone": -8.3116883116883, "goldstein": -5.0, "mentions": 10}}, {"type": "Feature", "geometry": {"type": "Point", "coordinates": [137.015, 50.552]}, "properties": {"id": "gdelt-1325237741", "source": "gdelt", "event_type": "Coerce", "sub_type": "CAMEO 173", "date": "2026-09-28", "title": "Coerce — Komsomolsk, Khabarovskiy Kray, Russia", "description": "", "fatalities": null, "actors": ["DISTRICT COURT", "PRISON"], "country": "RS", "links": ["https://russian.rt.com/russia/news/1688081-podrostok-podzhog-na-azs"], "confidence": 0.8, "tone": -12.1951219512195, "goldstein": -5.0, "mentions": 10}}, {"type": "Feature", "geometry": {"type": "Point", "coordinates": [12.4833, 41.9]}, "properties": {"id": "gdelt-1325237746", "source": "gdelt", "event_type": "Coerce", "sub_type": "CAMEO 173", "date": "2026-09-28", "title": "Coerce — Rome, Lazio, Italy", "description": "", "fatalities": null, "actors": ["JUDGE", "ROME"], "country": "IT", "links": ["https://www.ansa.it/lazio/notizie/2026/09/28/regeni-giudici-in-camera-di-consiglio-sentenza-attesa-per-le-18_54be1fc9-3a77-4cc6-bf49-80b304ca2cb6.html"], "confidence": 0.8, "tone": -4.54545454545454, "goldstein": -5.0, "mentions": 10}}, {"type": "Feature", "geometry": {"type": "Point", "coordinates": [127.0, 40.0]}, "properties": {"id": "gdelt-1325237756", "source": "gdelt", "event_type": "Force posture", "sub_type": "CAMEO 154", "date": "2026-09-28", "title": "Force posture — North Korea", "description": "", "fatalities": null, "actors": ["SOUTH KOREA", "UKRAINE"], "country": "KN", "links": ["https://frognews.bg/politika/budanov-posledstviiata-uchastieto-koreia-vav-voinata-ukraina-shte-nekontroliruemi.html"], "confidence": 0.5, "tone": -3.4920634920635, "goldstein": -7.2, "mentions": 4}}, {"type": "Feature", "geometry": {"type": "Point", "coordinates": [32.0, 49.0]}, "properties": {"id": "gdelt-1325237757", "source": "gdelt", "event_type": "Fight", "sub_type": "CAMEO 190", "date": "2026-09-28", "title": "Fight — Ukraine", "description": "", "fatalities": null, "actors": ["SOUTH KOREA", "UKRAINE"], "country": "UP", "links": ["https://frognews.bg/politika/budanov-posledstviiata-uchastieto-koreia-vav-voinata-ukraina-shte-nekontroliruemi.html"], "confidence": 0.4, "tone": -3.4920634920635, "goldstein": -10.0, "mentions": 2}}, {"type": "Feature", "geometry": {"type": "Point", "coordinates": [26.0833, 56.0333]}, "properties": {"id": "gdelt-1325237793", "source": "gdelt", "event_type": "Fight", "sub_type": "CAMEO 193", "date": "2026-09-28", "title": "Fight — Ilze, Ilukstes Novads, Latvia", "description": "", "fatalities": null, "actors": ["LATVIA"], "country": "LG", "links": ["https://nra.lv/tautaruna/slavenibas/530505-ilzes-kuzules-skrastinas-un-artura-skrastina-berni-parcelusies-uz-zviedriju.htm"], "confidence": 0.4, "tone": 1.75438596491228, "goldstein": -10.0, "mentions": 2}}, {"type": "Feature", "geometry": {"type": "Point", "coordinates": [12.2061, 56.0568]}, "properties": {"id": "gdelt-1325237796", "source": "gdelt", "event_type": "Assault", "sub_type": "CAMEO 180", "date": "2026-09-28", "title": "Assault — Valby, Hovedstaden, Denmark", "description": "", "fatalities": null, "actors": ["MALE"], "country": "DA", "links": ["https://www.bt.dk/krimi/mand-satte-ild-til-sig-selv-hos-integrationsstyrelse"], "confidence": 0.8, "tone": -4.63576158940397, "goldstein": -9.0, "mentions": 10}}, {"type": "Feature", "geometry": {"type": "Point", "coordinates": [-106.237, 34.8375]}, "properties": {"id": "gdelt-1325237805", "source": "gdelt", "event_type": "Assault", "sub_type": "CAMEO 180", "date": "2026-09-28", "title": "Assault — New Mexico, United States", "description": "", "fatalities": null, "actors": ["WEB SITE"], "country": "US", "links": ["https://nedd.tiscali.cz/rekni-ok-agenti-openai-behem-utoku-oslovovali-cizi-umele-inteligence-770232"], "confidence": 0.8, "tone": -1.59066808059385, "goldstein": -9.0, "mentions": 10}}, {"type": "Feature", "geometry": {"type": "Point", "coordinates": [34.75, 31.5]}, "properties": {"id": "gdelt-1325237813", "source": "gdelt", "event_type": "Fight", "sub_type": "CAMEO 190", "date": "2026-09-28", "title": "Fight — Israel", "description": "", "fatalities": null, "actors": ["NEWSPAPER", "PRIME MINISTER"], "country": "IS", "links": ["https://www.inn.co.il/news/707213"], "confidence": 0.8, "tone": -5.0, "goldstein": -10.0, "mentions": 10}}, {"type": "Feature", "geometry": {"type": "Point", "coordinates": [24.1, 56.95]}, "properties": {"id": "gdelt-1325237814", "source": "gdelt", "event_type": "Protest", "sub_type": "CAMEO 141", "date": "2026-09-28", "title": "Protest — Riga, Riga, Latvia", "description": "", "fatalities": null, "actors": ["WEBSITE", "RUSSIAN"], "country": "LG", "links": ["https://rus.delfi.lv/57860/latvia/120136146/pered-vyborami-v-seym-aktiviziruyutsya-prokremlevskie-seti-agitiruyut-za-konkretnuyu-politicheskuyu-silu"], "confidence": 0.7, "tone": 0.26954177897574, "goldstein": -6.5, "mentions": 8}}, {"type": "Feature", "geometry": {"type": "Point", "coordinates": [24.1, 56.95]}, "properties": {"id": "gdelt-1325237815", "source": "gdelt", "event_type": "Protest", "sub_type": "CAMEO 141", "date": "2026-09-28", "title": "Protest — Riga, Riga, Latvia", "description": "", "fatalities": null, "actors": ["WEBSITE", "RUSSIAN"], "country": "LG", "links": ["https://rus.delfi.lv/57860/latvia/120136146/pered-vyborami-v-seym-aktiviziruyutsya-prokremlevskie-seti-agitiruyut-za-konkretnuyu-politicheskuyu-silu"], "confidence": 0.4, "tone": 0.26954177897574, "goldstein": -6.5, "mentions": 2}}, {"type": "Feature", "geometry": {"type": "Point", "coordinates": [5.75, 52.5]}, "properties": {"id": "gdelt-1325237823", "source": "gdelt", "event_type": "Coerce", "sub_type": "CAMEO 174", "date": "2026-09-28", "title": "Coerce — Netherlands", "description": "", "fatalities": null, "actors": ["ARMED FORCES"], "country": "NL", "links": ["https://www.nporadio1.nl/nieuws/stand-nl/63f078c8-1e98-4ee0-a534-d1aca34962e1/stand-nl-er-moeten-meer-vrouwen-in-het-leger"], "confidence": 0.8, "tone": -0.47732696897375, "goldstein": -5.0, "mentions": 10}}, {"type": "Feature", "geometry": {"type": "Point", "coordinates": [60.6125, 56.8575]}, "properties": {"id": "gdelt-1325237824", "source": "gdelt", "event_type": "Fight", "sub_type": "CAMEO 190", "date": "2026-09-28", "title": "Fight — Sverdlovsk, Sverdlovskaya Oblast', Russia", "description": "", "fatalities": null, "actors": ["MILITARY"], "country": "RS", "links": ["https://www.nakanune.ru/news/2026/9/28/22888529/"], "confidence": 0.8, "tone": -0.43859649122807, "goldstein": -10.0, "mentions": 10}}, {"type": "Feature", "geometry": {"type": "Point", "coordinates": [116.388, 39.9289]}, "properties": {"id": "gdelt-1325237825", "source": "gdelt", "event_type": "Force posture", "sub_type": "CAMEO 150", "date": "2026-09-28", "title": "Force posture — Beijing, Beijing, China", "description": "", "fatalities": null, "actors": ["MILITARY", "BEIJING"], "country": "CH", "links": ["https://executivedigest.sapo.pt/investimento-comercio-e-diplomacia-colocam-portugal-entre-os-paises-mais-expostos-a-china/"], "confidence": 0.7, "tone": 0.0, "goldstein": -7.2, "mentions": 8}}, {"type": "Feature", "geometry": {"type": "Point", "coordinates": [34.3333, 31.4167]}, "properties": {"id": "gdelt-1325237826", "source": "gdelt", "event_type": "Fight", "sub_type": "CAMEO 190", "date": "2026-09-28", "title": "Fight — Gaza City, Israel (general), Israel", "description": "", "fatalities": null, "actors": ["ARMY", "ISRAEL"], "country": "IS", "links": ["https://alfajertv.com/news/palnews/743189.html"], "confidence": 0.6000000000000001, "tone": -9.91379310344826, "goldstein": -10.0, "mentions": 6}}, {"type": "Feature", "geometry": {"type": "Point", "coordinates": [-77.0364, 38.8951]}, "properties": {"id": "gdelt-1325237827", "source": "gdelt", "event_type": "Fight", "sub_type": "CAMEO 190", "date": "2026-09-28", "title": "Fight — Washington, District of Columbia, United States", "description": "", "fatalities": null, "actors": ["MILITARY", "ISLAMIC"], "country": "US", "links": ["https://ziare.com/razboi-irak/americani-retragere-trupe-bagdad-ziua-independentei-2037968"], "confidence": 0.8, "tone": -4.21686746987952, "goldstein": -10.0, "mentions": 10}}, {"type": "Feature", "geometry": {"type": "Point", "coordinates": [34.3333, 31.4167]}, "properties": {"id": "gdelt-1325237828", "source": "gdelt", "event_type": "Fight", "sub_type": "CAMEO 190", "date": "2026-09-28", "title": "Fight — Gaza City, Israel (general), Israel", "description": "", "fatalities": null, "actors": ["ARMY", "GAZA"], "country": "IS", "links": ["https://alfajertv.com/news/palnews/743189.html"], "confidence": 0.5, "tone": -9.91379310344826, "goldstein": -10.0, "mentions": 4}}, {"type": "Feature", "geometry": {"type": "Point", "coordinates": [71.4278, 51.1811]}, "properties": {"id": "gdelt-1325237834", "source": "gdelt", "event_type": "Force posture", "sub_type": "CAMEO 150", "date": "2026-09-28", "title": "Force posture — Astana, Gorod Astana, Kazakhstan", "description": "", "fatalities": null, "actors": ["MILITARY"], "country": "KZ", "links": ["https://www.15min.lt/naujiena/aktualu/pasaulis/per-pratybas-nuskendo-14-kazachstano-juru-pestininku-nusirito-gynybos-ministro-galva-57-2772824"], "confidence": 0.8, "tone": 0.94339622641509, "goldstein": -7.2, "mentions": 10}}, {"type": "Feature", "geometry": {"type": "Point", "coordinates": [21.4333, 42.0]}, "properties": {"id": "gdelt-1325237836", "source": "gdelt", "event_type": "Fight", "sub_type": "CAMEO 193", "date": "2026-09-28", "title": "Fight — Skopje, Macedonia (general), Macedonia", "description": "", "fatalities": null, "actors": ["SKOPJE"], "country": "MK", "links": ["https://tvkoha.tv/vdekja-e-13-vjecarit-ne-cair-zeri-kunder-dhunes-kerkon-pergjegjesi-nga-institucionet/"], "confidence": 0.8, "tone": -4.9645390070922, "goldstein": -10.0, "mentions": 10}}, {"type": "Feature", "geometry": {"type": "Point", "coordinates": [29.9192, 31.1981]}, "properties": {"id": "gdelt-1325237846", "source": "gdelt", "event_type": "Coerce", "sub_type": "CAMEO 1721", "date": "2026-09-28", "title": "Coerce — Alexandria, Al Iskandariyah, Egypt", "description": "", "fatalities": null, "actors": ["ISLAM"], "country": "EG", "links": ["https://www.fj-p.com/434961/%D9%81%D9%8A-%D8%B8%D9%84-%D8%AA%D8%B9%D8%AF%D8%AF-%D8%A7%D9%84%D9%85%D9%86%D8%A7%D8%B5%D8%A8-%D9%88%D8%A7%D9%84%D9%85%D9%83%D8%A7%D9%81%D8%A2%D8%AA-%D9%83%D9%8A%D9%81-%D9%8A%D8%B3%D8%AA%D8%AD%D9%88/"], "confidence": 0.6000000000000001, "tone": 0.80226521944313, "goldstein": -5.0, "mentions": 6}}, {"type": "Feature", "geometry": {"type": "Point", "coordinates": [29.9192, 31.1981]}, "properties": {"id": "gdelt-1325237847", "source": "gdelt", "event_type": "Coerce", "sub_type": "CAMEO 1721", "date": "2026-09-28", "title": "Coerce — Alexandria, Al Iskandariyah, Egypt", "description": "", "fatalities": null, "actors": ["ISLAM", "EGYPT"], "country": "EG", "links": ["https://www.fj-p.com/434961/%D9%81%D9%8A-%D8%B8%D9%84-%D8%AA%D8%B9%D8%AF%D8%AF-%D8%A7%D9%84%D9%85%D9%86%D8%A7%D8%B5%D8%A8-%D9%88%D8%A7%D9%84%D9%85%D9%83%D8%A7%D9%81%D8%A2%D8%AA-%D9%83%D9%8A%D9%81-%D9%8A%D8%B3%D8%AA%D8%AD%D9%88/"], "confidence": 0.4, "tone": 0.80226521944313, "goldstein": -5.0, "mentions": 2}}, {"type": "Feature", "geometry": {"type": "Point", "coordinates": [4.91667, 52.35]}, "properties": {"id": "gdelt-1325237861", "source": "gdelt", "event_type": "Fight", "sub_type": "CAMEO 193", "date": "2026-09-28", "title": "Fight — Amsterdam, Noord-Holland, Netherlands", "description": "", "fatalities": null, "actors": ["AMSTERDAM", "MALE"], "country": "NL", "links": ["https://drimble.nl/regio/noord-holland/amsterdam/108128068/verdachte-37-dodelijke-schietpartij-amsterdam-vandaag-voorgeleid.html"], "confidence": 0.9, "tone": -9.85915492957746, "goldstein": -10.0, "mentions": 20}}, {"type": "Feature", "geometry": {"type": "Point", "coordinates": [21.0, 44.0]}, "properties": {"id": "gdelt-1325237877", "source": "gdelt", "event_type": "Coerce", "sub_type": "CAMEO 1712", "date": "2026-09-28", "title": "Coerce — Serbia", "description": "", "fatalities": null, "actors": ["ACTIVIST"], "country": "RI", "links": ["https://www.021.rs/info/srbija/456435/psg-o-aboliciji-aktivista-nije-milost-vec-panican-izlazak-iz-laznog-procesa"], "confidence": 0.8, "tone": -6.64556962025317, "goldstein": -9.2, "mentions": 10}}, {"type": "Feature", "geometry": {"type": "Point", "coordinates": [34.3333, 31.4167]}, "properties": {"id": "gdelt-1325237878", "source": "gdelt", "event_type": "Protest", "sub_type": "CAMEO 140", "date": "2026-09-28", "title": "Protest — Gaza, Israel (general), Israel", "description": "", "fatalities": null, "actors": ["PROTESTER", "POLICE"], "country": "IS", "links": ["https://www.alquds.co.uk/%D8%A7%D9%84%D8%BA%D8%A7%D8%B1%D8%AF%D9%8A%D8%A7%D9%86-%D9%88%D8%B2%D9%8A%D8%B1-%D8%AE%D8%A7%D8%B1%D8%AC%D9%8A%D8%A9-%D8%A8%D8%B1%D9%8A%D8%B7%D8%A7%D9%86%D9%8A%D8%A7-%D8%B3%D9%8A%D8%B9%D8%AA%D8%B1/"], "confidence": 0.8, "tone": -1.31147540983606, "goldstein": -6.5, "mentions": 10}}, {"type": "Feature", "geometry": {"type": "Point", "coordinates": [127.0, 40.0]}, "properties": {"id": "gdelt-1325237897", "source": "gdelt", "event_type": "Force posture", "sub_type": "CAMEO 154", "date": "2026-09-28", "title": "Force posture — North Korea", "description": "", "fatalities": null, "actors": ["NORTH KOREA", "RUSSIAN"], "country": "KN", "links": ["https://www.dw.com/id/korsel-tuntut-maaf-ukraina-soal-tawanan-perang-korea-utara/a-79452439"], "confidence": 0.8, "tone": -4.75504322766571, "goldstein": -7.2, "mentions": 10}}, {"type": "Feature", "geometry": {"type": "Point", "coordinates": [100.0, 60.0]}, "properties": {"id": "gdelt-1325237898", "source": "gdelt", "event_type": "Fight", "sub_type": "CAMEO 193", "date": "2026-09-28", "title": "Fight — Russia", "description": "", "fatalities": null, "actors": ["PYONGYANG", "RUSSIA"], "country": "RS", "links": ["https://www.segye.com:443/newsView/20260928511959"], "confidence": 0.8, "tone": -0.77519379844962, "goldstein": -10.0, "mentions": 10}}, {"type": "Feature", "geometry": {"type": "Point", "coordinates": [100.0, 60.0]}, "properties": {"id": "gdelt-1325237899", "source": "gdelt", "event_type": "Fight", "sub_type": "CAMEO 193", "date": "2026-09-28", "title": "Fight — Russia", "description": "", "fatalities": null, "actors": ["PYONGYANG", "RUSSIA"], "country": "RS", "links": ["https://www.segye.com:443/newsView/20260928511959"], "confidence": 0.8, "tone": -0.77519379844962, "goldstein": -10.0, "mentions": 10}}, {"type": "Feature", "geometry": {"type": "Point", "coordinates": [127.0, 40.0]}, "properties": {"id": "gdelt-1325237902", "source": "gdelt", "event_type": "Force posture", "sub_type": "CAMEO 154", "date": "2026-09-28", "title": "Force posture — North Korea", "description": "", "fatalities": null, "actors": ["NORTH KOREA", "UKRAINE"], "country": "KN", "links": ["https://frognews.bg/politika/budanov-posledstviiata-uchastieto-koreia-vav-voinata-ukraina-shte-nekontroliruemi.html"], "confidence": 0.6000000000000001, "tone": -3.4920634920635, "goldstein": -7.2, "mentions": 6}}, {"type": "Feature", "geometry": {"type": "Point", "coordinates": [32.0, 49.0]}, "properties": {"id": "gdelt-1325237903", "source": "gdelt", "event_type": "Fight", "sub_type": "CAMEO 190", "date": "2026-09-28", "title": "Fight — Ukraine", "description": "", "fatalities": null, "actors": ["NORTH KOREA", "UKRAINE"], "country": "UP", "links": ["https://frognews.bg/politika/budanov-posledstviiata-uchastieto-koreia-vav-voinata-ukraina-shte-nekontroliruemi.html"], "confidence": 0.6000000000000001, "tone": -3.4920634920635, "goldstein": -10.0, "mentions": 6}}, {"type": "Feature", "geometry": {"type": "Point", "coordinates": [30.5167, 50.4333]}, "properties": {"id": "gdelt-1325237905", "source": "gdelt", "event_type": "Fight", "sub_type": "CAMEO 192", "date": "2026-09-28", "title": "Fight — Kiev, Ukraine (general), Ukraine", "description": "", "fatalities": null, "actors": ["NORTH KOREAN", "UKRAINIAN"], "country": "UP", "links": ["https://www.analisidifesa.it/2026/09/la-crisi-diplomatica-tra-kiev-e-seul-per-due-prigionieri-nordcoreani/"], "confidence": 0.8, "tone": -1.6260162601626, "goldstein": -9.5, "mentions": 10}}, {"type": "Feature", "geometry": {"type": "Point", "coordinates": [34.75, 31.5]}, "properties": {"id": "gdelt-1325237915", "source": "gdelt", "event_type": "Fight", "sub_type": "CAMEO 190", "date": "2026-09-28", "title": "Fight — Israel", "description": "", "fatalities": null, "actors": ["PALESTINE", "ISRAEL"], "country": "IS", "links": ["https://www.liputan6.com/global/read/8301284/menteri-israel-serukan-perang-di-tepi-barat"], "confidence": 0.6000000000000001, "tone": -8.03858520900321, "goldstein": -10.0, "mentions": 6}}, {"type": "Feature", "geometry": {"type": "Point", "coordinates": [34.3333, 31.4167]}, "properties": {"id": "gdelt-1325237929", "source": "gdelt", "event_type": "Assault", "sub_type": "CAMEO 180", "date": "2026-09-28", "title": "Assault — Gaza, Israel (general), Israel", "description": "", "fatalities": null, "actors": ["HAMAS", "ISRAEL"], "country": "IS", "links": ["https://www.hurriyet.com.tr/dunya/netanyahunun-gizli-telefon-gorusmesi-ortaya-cikti-israil-basbakanina-vatana-ihanet-suclamasi-43321876"], "confidence": 0.8, "tone": -5.46378653113088, "goldstein": -9.0, "mentions": 10}}, {"type": "Feature", "geometry": {"type": "Point", "coordinates": [2.47864, 48.8388]}, "properties": {"id": "gdelt-1325237959", "source": "gdelt", "event_type": "Assault", "sub_type": "CAMEO 180", "date": "2026-09-28", "title": "Assault — Nogent, France (general), France", "description": "", "fatalities": null, "actors": ["RUSSIAN"], "country": "FR", "links": ["https://echo.msk.ru/istoriya/okkupatsiya-frantsii-posle-pobedy-nad-napoleonom-chto-tvorila-russkaya-armiya/"], "confidence": 0.4, "tone": -7.90734824281147, "goldstein": -9.0, "mentions": 2}}, {"type": "Feature", "geometry": {"type": "Point", "coordinates": [2.47864, 48.8388]}, "properties": {"id": "gdelt-1325237960", "source": "gdelt", "event_type": "Assault", "sub_type": "CAMEO 180", "date": "2026-09-28", "title": "Assault — Nogent, France (general), France", "description": "", "fatalities": null, "actors": ["RUSSIAN"], "country": "FR", "links": ["https://echo.msk.ru/istoriya/okkupatsiya-frantsii-posle-pobedy-nad-napoleonom-chto-tvorila-russkaya-armiya/"], "confidence": 0.7, "tone": -7.90734824281147, "goldstein": -9.0, "mentions": 8}}, {"type": "Feature", "geometry": {"type": "Point", "coordinates": [20.511, 54.7065]}, "properties": {"id": "gdelt-1325237961", "source": "gdelt", "event_type": "Fight", "sub_type": "CAMEO 190", "date": "2026-09-28", "title": "Fight — Kaliningrad, Kaliningradskaya Oblast', Russia", "description": "", "fatalities": null, "actors": ["RUSSIA"], "country": "RS", "links": ["https://nra.lv/neatkariga/pasaule/530900-maskava-alkst-atriebes-eiropai.htm"], "confidence": 0.4, "tone": -3.93915756630265, "goldstein": -10.0, "mentions": 2}}, {"type": "Feature", "geometry": {"type": "Point", "coordinates": [100.0, 60.0]}, "properties": {"id": "gdelt-1325237963", "source": "gdelt", "event_type": "Coerce", "sub_type": "CAMEO 172", "date": "2026-09-28", "title": "Coerce — Russia", "description": "", "fatalities": null, "actors": ["RUSSIAN", "GERMAN"], "country": "RS", "links": ["https://russian.rt.com/world/news/1688090-specsluzhby-frg-posolstvo"], "confidence": 0.8, "tone": 0.0, "goldstein": -5.0, "mentions": 10}}, {"type": "Feature", "geometry": {"type": "Point", "coordinates": [13.333333, 47.333333]}, "properties": {"id": "gdelt-1325237967", "source": "gdelt", "event_type": "Fight", "sub_type": "CAMEO 192", "date": "2026-09-28", "title": "Fight — Austria", "description": "", "fatalities": null, "actors": ["RUSSIAN", "PARIS"], "country": "AU", "links": ["https://echo.msk.ru/istoriya/okkupatsiya-frantsii-posle-pobedy-nad-napoleonom-chto-tvorila-russkaya-armiya/"], "confidence": 0.4, "tone": -7.90734824281147, "goldstein": -9.5, "mentions": 2}}, {"type": "Feature", "geometry": {"type": "Point", "coordinates": [37.6156, 55.7522]}, "properties": {"id": "gdelt-1325237968", "source": "gdelt", "event_type": "Fight", "sub_type": "CAMEO 192", "date": "2026-09-28", "title": "Fight — Moscow, Moskva, Russia", "description": "", "fatalities": null, "actors": ["RUSSIAN", "PARIS"], "country": "RS", "links": ["https://echo.msk.ru/istoriya/okkupatsiya-frantsii-posle-pobedy-nad-napoleonom-chto-tvorila-russkaya-armiya/"], "confidence": 0.7, "tone": -7.90734824281147, "goldstein": -9.5, "mentions": 8}}, {"type": "Feature", "geometry": {"type": "Point", "coordinates": [34.0, 45.0]}, "properties": {"id": "gdelt-1325237975", "source": "gdelt", "event_type": "Fight", "sub_type": "CAMEO 190", "date": "2026-09-28", "title": "Fight — Crimea, Krym, Avtonomna Respublika, Ukraine", "description": "", "fatalities": null, "actors": ["RUSSIA", "UKRAINE"], "country": "UP", "links": ["https://www.shorouknews.com/news/view.aspx?cdate=28092026&id=4e35647a-1467-44cb-b3d2-800ad12aabe5"], "confidence": 0.4, "tone": -3.03030303030303, "goldstein": -10.0, "mentions": 2}}, {"type": "Feature", "geometry": {"type": "Point", "coordinates": [100.0, 60.0]}, "properties": {"id": "gdelt-1325237976", "source": "gdelt", "event_type": "Fight", "sub_type": "CAMEO 192", "date": "2026-09-28", "title": "Fight — Russia", "description": "", "fatalities": null, "actors": ["RUSSIAN", "UKRAINE"], "country": "RS", "links": ["https://russian.rt.com/ussr/news/1688091-ulanovo-kontrol-sumskaya-oblast"], "confidence": 0.9, "tone": -1.36986301369863, "goldstein": -9.5, "mentions": 12}}, {"type": "Feature", "geometry": {"type": "Point", "coordinates": [100.0, 60.0]}, "properties": {"id": "gdelt-1325237977", "source": "gdelt", "event_type": "Fight", "sub_type": "CAMEO 192", "date": "2026-09-28", "title": "Fight — Russia", "description": "", "fatalities": null, "actors": ["RUSSIA", "UKRAINE"], "country": "RS", "links": ["https://russian.rt.com/ussr/news/1688091-ulanovo-kontrol-sumskaya-oblast"], "confidence": 0.6000000000000001, "tone": -1.36986301369863, "goldstein": -9.5, "mentions": 6}}, {"type": "Feature", "geometry": {"type": "Point", "coordinates": [100.0, 60.0]}, "properties": {"id": "gdelt-1325237978", "source": "gdelt", "event_type": "Fight", "sub_type": "CAMEO 195", "date": "2026-09-28", "title": "Fight — Russia", "description": "", "fatalities": null, "actors": ["RUSSIAN", "UKRAINE"], "country": "RS", "links": ["https://russian.rt.com/ussr/news/1688100-pvo-bespilotniki-vsu"], "confidence": 0.8, "tone": -4.59770114942529, "goldstein": -10.0, "mentions": 10}}, {"type": "Feature", "geometry": {"type": "Point", "coordinates": [30.5167, 50.4333]}, "properties": {"id": "gdelt-1325237985", "source": "gdelt", "event_type": "Fight", "sub_type": "CAMEO 190", "date": "2026-09-28", "title": "Fight — Kiev, Ukraine (general), Ukraine", "description": "", "fatalities": null, "actors": ["RUSSIAN", "RUSSIA"], "country": "UP", "links": ["https://www.zazoom.it/2026-09-28/lucraina-spinge-sullai-in-guerra-spectr-studia-i-dati-dei-droni-e-anticipa-le-mosse-dellesercito-russo/19732254/"], "confidence": 0.4, "tone": -3.67965367965368, "goldstein": -10.0, "mentions": 2}}, {"type": "Feature", "geometry": {"type": "Point", "coordinates": [30.5167, 50.4333]}, "properties": {"id": "gdelt-1325237988", "source": "gdelt", "event_type": "Fight", "sub_type": "CAMEO 190", "date": "2026-09-28", "title": "Fight — Kiev, Ukraine (general), Ukraine", "description": "", "fatalities": null, "actors": ["RUSSIAN", "UKRAINIAN"], "country": "UP", "links": ["https://www.zazoom.it/2026-09-28/lucraina-spinge-sullai-in-guerra-spectr-studia-i-dati-dei-droni-e-anticipa-le-mosse-dellesercito-russo/19732254/"], "confidence": 0.6000000000000001, "tone": -3.67965367965368, "goldstein": -10.0, "mentions": 6}}, {"type": "Feature", "geometry": {"type": "Point", "coordinates": [30.5167, 50.4333]}, "properties": {"id": "gdelt-1325237989", "source": "gdelt", "event_type": "Fight", "sub_type": "CAMEO 190", "date": "2026-09-28", "title": "Fight — Kiev, Ukraine (general), Ukraine", "description": "", "fatalities": null, "actors": ["RUSSIAN", "UKRAINE"], "country": "UP", "links": ["https://www.zazoom.it/2026-09-28/lucraina-spinge-sullai-in-guerra-spectr-studia-i-dati-dei-droni-e-anticipa-le-mosse-dellesercito-russo/19732254/"], "confidence": 0.4, "tone": -3.67965367965368, "goldstein": -10.0, "mentions": 2}}, {"type": "Feature", "geometry": {"type": "Point", "coordinates": [31.25, 30.05]}, "properties": {"id": "gdelt-1325237997", "source": "gdelt", "event_type": "Fight", "sub_type": "CAMEO 190", "date": "2026-09-28", "title": "Fight — Cairo, Al Qahirah, Egypt", "description": "", "fatalities": null, "actors": ["SETTLER"], "country": "EG", "links": ["https://www.dostor.org/5718938"], "confidence": 0.9, "tone": -6.875, "goldstein": -10.0, "mentions": 20}}, {"type": "Feature", "geometry": {"type": "Point", "coordinates": [32.0, 49.0]}, "properties": {"id": "gdelt-1325238003", "source": "gdelt", "event_type": "Fight", "sub_type": "CAMEO 190", "date": "2026-09-28", "title": "Fight — Ukraine", "description": "", "fatalities": null, "actors": ["INTELLIGENCE"], "country": "UP", "links": ["https://www.rbc.ua/rus/news/ukrayinskiy-mavik-iz-dalnistyu-30-km-vyriy-1790584651.html"], "confidence": 0.8, "tone": 0.33003300330033, "goldstein": -10.0, "mentions": 10}}, {"type": "Feature", "geometry": {"type": "Point", "coordinates": [22.4203, 39.6372]}, "properties": {"id": "gdelt-1325238029", "source": "gdelt", "event_type": "Fight", "sub_type": "CAMEO 193", "date": "2026-09-28", "title": "Fight — Larissa, Perifereia Thessalias, Greece", "description": "", "fatalities": null, "actors": ["TURKEY"], "country": "GR", "links": ["https://hellenicnews.com/2026/09/28/charakopoulos-timi-stous-50-sfagiasthentes-souloutzovalides/"], "confidence": 0.35, "tone": -8.01282051282051, "goldstein": -10.0, "mentions": 1}}, {"type": "Feature", "geometry": {"type": "Point", "coordinates": [22.4203, 39.6372]}, "properties": {"id": "gdelt-1325238030", "source": "gdelt", "event_type": "Fight", "sub_type": "CAMEO 193", "date": "2026-09-28", "title": "Fight — Larissa, Perifereia Thessalias, Greece", "description": "", "fatalities": null, "actors": ["TURKEY"], "country": "GR", "links": ["https://hellenicnews.com/2026/09/28/charakopoulos-timi-stous-50-sfagiasthentes-souloutzovalides/"], "confidence": 0.55, "tone": -8.01282051282051, "goldstein": -10.0, "mentions": 5}}, {"type": "Feature", "geometry": {"type": "Point", "coordinates": [32.0, 49.0]}, "properties": {"id": "gdelt-1325238045", "source": "gdelt", "event_type": "Assault", "sub_type": "CAMEO 180", "date": "2026-09-28", "title": "Assault — Ukraine", "description": "", "fatalities": null, "actors": ["FIGHTER"], "country": "UP", "links": ["https://lb.ua/society/2026/09/28/769472_tretiy_armiyskiy_korpus_zayaviv.html"], "confidence": 0.4, "tone": -5.28169014084507, "goldstein": -9.0, "mentions": 2}}, {"type": "Feature", "geometry": {"type": "Point", "coordinates": [-77.0364, 38.8951]}, "properties": {"id": "gdelt-1325238046", "source": "gdelt", "event_type": "Assault", "sub_type": "CAMEO 181", "date": "2026-09-28", "title": "Assault — Washington, District of Columbia, United States", "description": "", "fatalities": null, "actors": ["ARMED GROUP"], "country": "US", "links": ["https://www.rtve.es/play/noticias/20250803/asalto-tren-pelham-123-denzel-washington-john-travolta/16683402.shtml"], "confidence": 0.8, "tone": -4.28134556574923, "goldstein": -9.0, "mentions": 10}}, {"type": "Feature", "geometry": {"type": "Point", "coordinates": [32.0, 49.0]}, "properties": {"id": "gdelt-1325238048", "source": "gdelt", "event_type": "Fight", "sub_type": "CAMEO 190", "date": "2026-09-28", "title": "Fight — Ukraine", "description": "", "fatalities": null, "actors": ["FIGHTER", "ARMY"], "country": "UP", "links": ["https://lb.ua/society/2026/09/28/769472_tretiy_armiyskiy_korpus_zayaviv.html"], "confidence": 0.8, "tone": -5.28169014084507, "goldstein": -10.0, "mentions": 10}}, {"type": "Feature", "geometry": {"type": "Point", "coordinates": [35.25, 31.666667]}, "properties": {"id": "gdelt-1325238049", "source": "gdelt", "event_type": "Mass violence", "sub_type": "CAMEO 203", "date": "2026-09-28", "title": "Mass violence — West Bank", "description": "", "fatalities": null, "actors": ["TERRORIST", "WEST BANK"], "country": "WE", "links": ["https://www.alquds.co.uk/%D8%A7%D9%84%D8%BA%D8%A7%D8%B1%D8%AF%D9%8A%D8%A7%D9%86-%D9%88%D8%B2%D9%8A%D8%B1-%D8%AE%D8%A7%D8%B1%D8%AC%D9%8A%D8%A9-%D8%A8%D8%B1%D9%8A%D8%B7%D8%A7%D9%86%D9%8A%D8%A7-%D8%B3%D9%8A%D8%B9%D8%AA%D8%B1/"], "confidence": 0.8, "tone": -1.31147540983606, "goldstein": -10.0, "mentions": 10}}, {"type": "Feature", "geometry": {"type": "Point", "coordinates": [30.5167, 50.4333]}, "properties": {"id": "gdelt-1325238055", "source": "gdelt", "event_type": "Fight", "sub_type": "CAMEO 195", "date": "2026-09-28", "title": "Fight — Kyiv, Kyyiv, Misto, Ukraine", "description": "", "fatalities": null, "actors": ["UKRAINE", "POPULATION"], "country": "UP", "links": ["https://news.liga.net/ua/war/news/kallas-zaklykala-krainy-yes-peredaty-ukraini-rakety-do-patriot-iz-vlasnykh-arsenaliv"], "confidence": 0.8, "tone": -0.8695652173913, "goldstein": -10.0, "mentions": 10}}, {"type": "Feature", "geometry": {"type": "Point", "coordinates": [30.0452, 51.133]}, "properties": {"id": "gdelt-1325238056", "source": "gdelt", "event_type": "Fight", "sub_type": "CAMEO 190", "date": "2026-09-28", "title": "Fight — Terekhov, Kyyivs'ka Oblast', Ukraine", "description": "", "fatalities": null, "actors": ["KHARKIV", "MAYOR"], "country": "UP", "links": ["https://lb.ua/society/2026/09/28/769422_desyatki_meshkantsiv.html"], "confidence": 0.7, "tone": -10.4166666666666, "goldstein": -10.0, "mentions": 8}}, {"type": "Feature", "geometry": {"type": "Point", "coordinates": [30.5167, 50.4333]}, "properties": {"id": "gdelt-1325238057", "source": "gdelt", "event_type": "Fight", "sub_type": "CAMEO 194", "date": "2026-09-28", "title": "Fight — Kyiv, Kyyiv, Misto, Ukraine", "description": "", "fatalities": null, "actors": ["UKRAINE", "EUROPEAN UNION"], "country": "UP", "links": ["https://news.liga.net/ua/war/news/kallas-zaklykala-krainy-yes-peredaty-ukraini-rakety-do-patriot-iz-vlasnykh-arsenaliv"], "confidence": 0.8, "tone": -0.8695652173913, "goldstein": -10.0, "mentions": 10}}, {"type": "Feature", "geometry": {"type": "Point", "coordinates": [30.5167, 50.4333]}, "properties": {"id": "gdelt-1325238066", "source": "gdelt", "event_type": "Assault", "sub_type": "CAMEO 181", "date": "2026-09-28", "title": "Assault — Kiev, Ukraine (general), Ukraine", "description": "", "fatalities": null, "actors": ["UKRAINIAN", "RUSSIAN"], "country": "UP", "links": ["https://www.analisidifesa.it/2026/09/la-crisi-diplomatica-tra-kiev-e-seul-per-due-prigionieri-nordcoreani/"], "confidence": 0.8, "tone": -1.6260162601626, "goldstein": -9.0, "mentions": 10}}, {"type": "Feature", "geometry": {"type": "Point", "coordinates": [30.5167, 50.4333]}, "properties": {"id": "gdelt-1325238069", "source": "gdelt", "event_type": "Fight", "sub_type": "CAMEO 190", "date": "2026-09-28", "title": "Fight — Kiev, Ukraine (general), Ukraine", "description": "", "fatalities": null, "actors": ["KIEV", "UKRAINE"], "country": "UP", "links": ["https://www.dailynayadiganta.com/post/europe/1056969"], "confidence": 0.4, "tone": -9.06432748538015, "goldstein": -10.0, "mentions": 2}}, {"type": "Feature", "geometry": {"type": "Point", "coordinates": [51.5148, 35.75]}, "properties": {"id": "gdelt-1325238105", "source": "gdelt", "event_type": "Assault", "sub_type": "CAMEO 180", "date": "2026-09-28", "title": "Assault — Tehran, Tehran, Iran", "description": "", "fatalities": null, "actors": ["YEMEN", "QATAR"], "country": "IR", "links": ["https://www.newsyemen.net/news106210.html"], "confidence": 0.8, "tone": -1.8359853121175, "goldstein": -9.0, "mentions": 10}}, {"type": "Feature", "geometry": {"type": "Point", "coordinates": [77.2167, 28.6667]}, "properties": {"id": "gdelt-1325239325", "source": "gdelt", "event_type": "Assault", "sub_type": "CAMEO 1821", "date": "2026-08-29", "title": "Assault — Delhi, Delhi, India", "description": "", "fatalities": null, "actors": ["GANG"], "country": "IN", "links": ["https://www.tothemaonline.com/Article/474225/efhbes-epesan-thymata-omadikoy-biasmoy-se-parka-kai-lewforeia-%E2%80%93-orgh-sthn-india-"], "confidence": 0.8, "tone": -6.36363636363637, "goldstein": -9.0, "mentions": 10}}, {"type": "Feature", "geometry": {"type": "Point", "coordinates": [55.28, 25.2522]}, "properties": {"id": "gdelt-1325239332", "source": "gdelt", "event_type": "Coerce", "sub_type": "CAMEO 173", "date": "2026-09-28", "title": "Coerce — Dubai, Dubayy, United Arab Emirates", "description": "", "fatalities": null, "actors": ["DUBAI"], "country": "AE", "links": ["https://www.voici.fr/celebrites/vous-ne-pouvez-pas-savoir-marine-el-himer-pousse-un-coup-de-gueule-bouleversee-par-l-arrestation-de-sa-jumelle-oceane-a-dubai-829572"], "confidence": 0.8, "tone": -5.51876379690949, "goldstein": -5.0, "mentions": 10}}, {"type": "Feature", "geometry": {"type": "Point", "coordinates": [44.5136, 40.1811]}, "properties": {"id": "gdelt-1325239348", "source": "gdelt", "event_type": "Fight", "sub_type": "CAMEO 190", "date": "2026-09-28", "title": "Fight — Yerevan, Yerevan*, Armenia", "description": "", "fatalities": null, "actors": ["CRIMINAL"], "country": "AM", "links": ["https://arminfo.info/full_news.php?id=104522"], "confidence": 0.8, "tone": -4.57142857142858, "goldstein": -10.0, "mentions": 10}}, {"type": "Feature", "geometry": {"type": "Point", "coordinates": [21.0, 44.0]}, "properties": {"id": "gdelt-1325239374", "source": "gdelt", "event_type": "Protest", "sub_type": "CAMEO 141", "date": "2026-09-28", "title": "Protest — Serbia", "description": "", "fatalities": null, "actors": ["PRIME MINISTER"], "country": "RI", "links": ["https://tr.euronews.com/2026/09/28/sirbistan-cumhurbaskani-aleksandar-vucic-erken-secimlerde-basbakan-adayi-olmak-icin-istifa"], "confidence": 0.8, "tone": -2.57801899592945, "goldstein": -6.5, "mentions": 10}}, {"type": "Feature", "geometry": {"type": "Point", "coordinates": [22.0, 39.0]}, "properties": {"id": "gdelt-1325239378", "source": "gdelt", "event_type": "Fight", "sub_type": "CAMEO 190", "date": "2026-09-28", "title": "Fight — Greece", "description": "", "fatalities": null, "actors": ["GREEK"], "country": "GR", "links": ["https://www.newsbomb.gr/media-agb/story/1766421/eleni-prokopiou-apo-ta-fota-tou-sinema-ston-agona-gia-tin-mitrotita-i-agnosti-prosopiki-maxi"], "confidence": 0.8, "tone": -0.54446460980037, "goldstein": -10.0, "mentions": 10}}, {"type": "Feature", "geometry": {"type": "Point", "coordinates": [100.0, 60.0]}, "properties": {"id": "gdelt-1325239407", "source": "gdelt", "event_type": "Fight", "sub_type": "CAMEO 192", "date": "2026-09-28", "title": "Fight — Russia", "description": "", "fatalities": null, "actors": ["RUSSIAN"], "country": "RS", "links": ["https://life.ru/p/rossiyskie-voyska-vzyali-pod-kontrol-ulanovo-i-novovodyanoe"], "confidence": 0.4, "tone": 0.0, "goldstein": -9.5, "mentions": 2}}, {"type": "Feature", "geometry": {"type": "Point", "coordinates": [30.5167, 50.4333]}, "properties": {"id": "gdelt-1325239416", "source": "gdelt", "event_type": "Coerce", "sub_type": "CAMEO 173", "date": "2026-09-28", "title": "Coerce — Kiev, Ukraine (general), Ukraine", "description": "", "fatalities": null, "actors": ["UKRAINE"], "country": "UP", "links": ["https://www.svoboda.org/a/general-lapin-stanet-vitse-premjerom-tatarstana/33865655.html"], "confidence": 0.8, "tone": -5.64516129032258, "goldstein": -5.0, "mentions": 10}}, {"type": "Feature", "geometry": {"type": "Point", "coordinates": [34.8003, 50.9216]}, "properties": {"id": "gdelt-1325239417", "source": "gdelt", "event_type": "Assault", "sub_type": "CAMEO 180", "date": "2026-09-28", "title": "Assault — Sumy, Sums'ka Oblast', Ukraine", "description": "", "fatalities": null, "actors": ["UKRAINE"], "country": "UP", "links": ["https://www.svoboda.org/a/general-lapin-stanet-vitse-premjerom-tatarstana/33865655.html"], "confidence": 0.8, "tone": -5.64516129032258, "goldstein": -9.0, "mentions": 10}}, {"type": "Feature", "geometry": {"type": "Point", "coordinates": [34.8003, 50.9216]}, "properties": {"id": "gdelt-1325239418", "source": "gdelt", "event_type": "Fight", "sub_type": "CAMEO 192", "date": "2026-09-28", "title": "Fight — Sumy, Sums'ka Oblast', Ukraine", "description": "", "fatalities": null, "actors": ["UKRAINE"], "country": "UP", "links": ["https://life.ru/p/rossiyskie-voyska-vzyali-pod-kontrol-ulanovo-i-novovodyanoe"], "confidence": 0.6000000000000001, "tone": 0.0, "goldstein": -9.5, "mentions": 6}}, {"type": "Feature", "geometry": {"type": "Point", "coordinates": [45.0, 40.0]}, "properties": {"id": "gdelt-1325239429", "source": "gdelt", "event_type": "Fight", "sub_type": "CAMEO 190", "date": "2026-09-28", "title": "Fight — Armenia", "description": "", "fatalities": null, "actors": ["ARMENIA", "DISTRICT COURT"], "country": "AM", "links": ["https://anspress.com/veten-muharibesinin-xronikasi-28-sentyabr-46672"], "confidence": 0.8, "tone": -2.6595744680851, "goldstein": -10.0, "mentions": 10}}, {"type": "Feature", "geometry": {"type": "Point", "coordinates": [49.8822, 40.3953]}, "properties": {"id": "gdelt-1325239435", "source": "gdelt", "event_type": "Mass violence", "sub_type": "CAMEO 203", "date": "2026-09-28", "title": "Mass violence — Baku, Baki*, Azerbaijan", "description": "", "fatalities": null, "actors": ["AZERBAIJAN"], "country": "AJ", "links": ["https://www.yeniazerbaycan.com/YAPxeber_e151883_az.html"], "confidence": 0.8, "tone": 3.2994923857868, "goldstein": -10.0, "mentions": 10}}, {"type": "Feature", "geometry": {"type": "Point", "coordinates": [47.5, 40.5]}, "properties": {"id": "gdelt-1325239436", "source": "gdelt", "event_type": "Fight", "sub_type": "CAMEO 190", "date": "2026-09-28", "title": "Fight — Azerbaijan", "description": "", "fatalities": null, "actors": ["AZERBAIJAN", "ATTORNEY GENERAL"], "country": "AJ", "links": ["https://az.trend.az/azerbaijan/society/4228680.html"], "confidence": 0.8, "tone": -4.82758620689657, "goldstein": -10.0, "mentions": 10}}, {"type": "Feature", "geometry": {"type": "Point", "coordinates": [9.26667, 45.45]}, "properties": {"id": "gdelt-1325239462", "source": "gdelt", "event_type": "Fight", "sub_type": "CAMEO 195", "date": "2026-09-28", "title": "Fight — Linate, Lombardia, Italy", "description": "", "fatalities": null, "actors": ["COMPANY"], "country": "IT", "links": ["https://quifinanza.it/info-utili/scioperi/scioperi-28-settembre-4-ottobre-2026/1017076/"], "confidence": 0.8, "tone": -3.12056737588652, "goldstein": -10.0, "mentions": 10}}, {"type": "Feature", "geometry": {"type": "Point", "coordinates": [-86.2683, 12.1508]}, "properties": {"id": "gdelt-1325239504", "source": "gdelt", "event_type": "Coerce", "sub_type": "CAMEO 173", "date": "2026-09-28", "title": "Coerce — Managua, Managua, Nicaragua", "description": "", "fatalities": null, "actors": ["PRISON"], "country": "NU", "links": ["https://www.infobae.com/nicaragua/2026/09/28/la-maquinaria-represiva-de-los-ortega-murillo-se-vuelve-contra-sus-propias-filas/"], "confidence": 0.5, "tone": -3.89610389610389, "goldstein": -5.0, "mentions": 4}}, {"type": "Feature", "geometry": {"type": "Point", "coordinates": [-4.0, 54.0]}, "properties": {"id": "gdelt-1325239510", "source": "gdelt", "event_type": "Coerce", "sub_type": "CAMEO 173", "date": "2026-09-28", "title": "Coerce — United Kingdom", "description": "", "fatalities": null, "actors": ["POLICE", "MILITARY"], "country": "UK", "links": ["https://www.glas-slavonije.hr/novosti/svijet/2026/09/28/petorica-muskaraca-ispitivana-zbog-sumnje-na-terorizam-kod-vojne-zracne-baze-788230/"], "confidence": 0.8, "tone": -6.9047619047619, "goldstein": -5.0, "mentions": 10}}, {"type": "Feature", "geometry": {"type": "Point", "coordinates": [-98.5795, 39.828175]}, "properties": {"id": "gdelt-1325239517", "source": "gdelt", "event_type": "Assault", "sub_type": "CAMEO 186", "date": "2026-09-28", "title": "Assault — United States", "description": "", "fatalities": null, "actors": ["ORGANIZED CRIME"], "country": "US", "links": ["https://larepublica.pe/opinion/2026/09/28/gobierno-fujimorista-desaprobado-en-su-examen-bimestral-editorial-637392"], "confidence": 0.8, "tone": -5.39845758354756, "goldstein": -10.0, "mentions": 10}}, {"type": "Feature", "geometry": {"type": "Point", "coordinates": [8.95, 44.4167]}, "properties": {"id": "gdelt-1325239534", "source": "gdelt", "event_type": "Protest", "sub_type": "CAMEO 143", "date": "2026-09-28", "title": "Protest — Genoa, Liguria, Italy", "description": "", "fatalities": null, "actors": ["CITIZEN"], "country": "IT", "links": ["https://quifinanza.it/info-utili/scioperi/scioperi-28-settembre-4-ottobre-2026/1017076/"], "confidence": 0.8, "tone": -3.12056737588652, "goldstein": -6.5, "mentions": 10}}, {"type": "Feature", "geometry": {"type": "Point", "coordinates": [30.7386, 46.4639]}, "properties": {"id": "gdelt-1325239536", "source": "gdelt", "event_type": "Coerce", "sub_type": "CAMEO 172", "date": "2026-09-28", "title": "Coerce — Odessa, Odes'ka Oblast, Ukraine", "description": "", "fatalities": null, "actors": ["CITIZEN"], "country": "UP", "links": ["https://odessa-life.od.ua/article/v-odesse-sosedi-possorilis-iz-za-koshek-delo-doshlo-do-policzii-i-suda"], "confidence": 0.8, "tone": -5.81395348837209, "goldstein": -5.0, "mentions": 10}}, {"type": "Feature", "geometry": {"type": "Point", "coordinates": [138.0, 36.0]}, "properties": {"id": "gdelt-1325239537", "source": "gdelt", "event_type": "Coerce", "sub_type": "CAMEO 173", "date": "2026-09-28", "title": "Coerce — Japan", "description": "", "fatalities": null, "actors": ["SCIENTIST"], "country": "JA", "links": ["https://www.diariopanorama.com/noticia/567916/volcanes-misterios-tierra-funcionamiento"], "confidence": 0.8, "tone": -0.72815533980583, "goldstein": -5.0, "mentions": 10}}, {"type": "Feature", "geometry": {"type": "Point", "coordinates": [37.5998, 49.7209]}, "properties": {"id": "gdelt-1325239538", "source": "gdelt", "event_type": "Fight", "sub_type": "CAMEO 193", "date": "2026-09-28", "title": "Fight — Kupyansk, Kharkivs'ka Oblast', Ukraine", "description": "", "fatalities": null, "actors": ["CIVILIAN"], "country": "UP", "links": ["http://allkharkov.ua/news/pro/rosiani-vivodiat-civlnih-z-kypianskogo-raiony-cherez-gazogn-prikrivauchi-nimi-vdhd.html"], "confidence": 0.8, "tone": -2.23880597014925, "goldstein": -10.0, "mentions": 10}}, {"type": "Feature", "geometry": {"type": "Point", "coordinates": [100.0, 60.0]}, "properties": {"id": "gdelt-1325239544", "source": "gdelt", "event_type": "Assault", "sub_type": "CAMEO 180", "date": "2026-09-28", "title": "Assault — Russia", "description": "", "fatalities": null, "actors": ["POPULATION", "ARMY"], "country": "RS", "links": ["https://life.ru/p/vs-rf-nastupayut-v-zapadnom-napravlenii-v-dobropole-osvobozhdeno-70-zdaniy"], "confidence": 0.8, "tone": 0.0, "goldstein": -9.0, "mentions": 10}}, {"type": "Feature", "geometry": {"type": "Point", "coordinates": [9.26667, 45.45]}, "properties": {"id": "gdelt-1325239578", "source": "gdelt", "event_type": "Protest", "sub_type": "CAMEO 143", "date": "2026-09-28", "title": "Protest — Linate, Lombardia, Italy", "description": "", "fatalities": null, "actors": ["SCHOOL"], "country": "IT", "links": ["https://quifinanza.it/info-utili/scioperi/scioperi-28-settembre-4-ottobre-2026/1017076/"], "confidence": 0.8, "tone": -3.12056737588652, "goldstein": -6.5, "mentions": 10}}, {"type": "Feature", "geometry": {"type": "Point", "coordinates": [77.2167, 28.6667]}, "properties": {"id": "gdelt-1325239581", "source": "gdelt", "event_type": "Protest", "sub_type": "CAMEO 141", "date": "2026-09-28", "title": "Protest — Delhi, Delhi, India", "description": "", "fatalities": null, "actors": ["STUDENT", "GANG"], "country": "IN", "links": ["https://www.tothemaonline.com/Article/474225/efhbes-epesan-thymata-omadikoy-biasmoy-se-parka-kai-lewforeia-%E2%80%93-orgh-sthn-india-"], "confidence": 0.5, "tone": -6.36363636363637, "goldstein": -6.5, "mentions": 4}}, {"type": "Feature", "geometry": {"type": "Point", "coordinates": [77.2167, 28.6667]}, "properties": {"id": "gdelt-1325239582", "source": "gdelt", "event_type": "Assault", "sub_type": "CAMEO 1821", "date": "2026-09-28", "title": "Assault — Delhi, Delhi, India", "description": "", "fatalities": null, "actors": ["STUDENT", "GANG"], "country": "IN", "links": ["https://www.tothemaonline.com/Article/474225/efhbes-epesan-thymata-omadikoy-biasmoy-se-parka-kai-lewforeia-%E2%80%93-orgh-sthn-india-"], "confidence": 0.8, "tone": -6.36363636363637, "goldstein": -9.0, "mentions": 10}}, {"type": "Feature", "geometry": {"type": "Point", "coordinates": [77.2167, 28.6667]}, "properties": {"id": "gdelt-1325239586", "source": "gdelt", "event_type": "Protest", "sub_type": "CAMEO 141", "date": "2026-09-28", "title": "Protest — Delhi, Delhi, India", "description": "", "fatalities": null, "actors": ["STUDENT", "DELHI"], "country": "IN", "links": ["https://www.tothemaonline.com/Article/474225/efhbes-epesan-thymata-omadikoy-biasmoy-se-parka-kai-lewforeia-%E2%80%93-orgh-sthn-india-"], "confidence": 0.6000000000000001, "tone": -6.36363636363637, "goldstein": -6.5, "mentions": 6}}, {"type": "Feature", "geometry": {"type": "Point", "coordinates": [2.18333, 41.3833]}, "properties": {"id": "gdelt-1325239608", "source": "gdelt", "event_type": "Protest", "sub_type": "CAMEO 141", "date": "2026-09-28", "title": "Protest — Barcelona, Comunidad Autonoma de Cataluna, Spain", "description": "", "fatalities": null, "actors": ["SPAIN", "PROTESTER"], "country": "SP", "links": ["https://oglobo.globo.com/mundo/epoca/noticia/2026/09/28/idosa-despejada-apos-70-anos-em-apartamento-na-espanha-diz-que-luta-por-direito-a-moradia-deve-continuar-e-pede-coragem-a-manifestantes.ghtml"], "confidence": 0.8, "tone": -5.63002680965148, "goldstein": -6.5, "mentions": 10}}, {"type": "Feature", "geometry": {"type": "Point", "coordinates": [2.0, 46.0]}, "properties": {"id": "gdelt-1325239635", "source": "gdelt", "event_type": "Coerce", "sub_type": "CAMEO 173", "date": "2026-09-28", "title": "Coerce — France", "description": "", "fatalities": null, "actors": ["FRENCH"], "country": "FR", "links": ["https://www.voici.fr/celebrites/vous-ne-pouvez-pas-savoir-marine-el-himer-pousse-un-coup-de-gueule-bouleversee-par-l-arrestation-de-sa-jumelle-oceane-a-dubai-829572"], "confidence": 0.6000000000000001, "tone": -5.51876379690949, "goldstein": -5.0, "mentions": 6}}, {"type": "Feature", "geometry": {"type": "Point", "coordinates": [2.0, 46.0]}, "properties": {"id": "gdelt-1325239637", "source": "gdelt", "event_type": "Coerce", "sub_type": "CAMEO 173", "date": "2026-09-28", "title": "Coerce — France", "description": "", "fatalities": null, "actors": ["FRENCH", "FRANCE"], "country": "FR", "links": ["https://www.voici.fr/celebrites/vous-ne-pouvez-pas-savoir-marine-el-himer-pousse-un-coup-de-gueule-bouleversee-par-l-arrestation-de-sa-jumelle-oceane-a-dubai-829572"], "confidence": 0.5, "tone": -5.51876379690949, "goldstein": -5.0, "mentions": 4}}, {"type": "Feature", "geometry": {"type": "Point", "coordinates": [35.2333, 31.7667]}, "properties": {"id": "gdelt-1325239672", "source": "gdelt", "event_type": "Assault", "sub_type": "CAMEO 180", "date": "2026-09-28", "title": "Assault — Jerusalem, Israel (general), Israel", "description": "", "fatalities": null, "actors": ["MINISTRY"], "country": "IS", "links": ["https://www.vetogate.com/5739943"], "confidence": 0.8, "tone": 1.45454545454546, "goldstein": -9.0, "mentions": 10}}, {"type": "Feature", "geometry": {"type": "Point", "coordinates": [46.7728, 24.6408]}, "properties": {"id": "gdelt-1325239673", "source": "gdelt", "event_type": "Fight", "sub_type": "CAMEO 190", "date": "2026-09-28", "title": "Fight — Riyadh, Ar Riya?, Saudi Arabia", "description": "", "fatalities": null, "actors": ["GOVERNMENT"], "country": "SA", "links": ["https://mondafrique.com/moyen-orient/yemen-peninsule-arabique-mer-rouge-les-houthistes-a-lassaut-de-la-region/"], "confidence": 0.75, "tone": -1.84113624408206, "goldstein": -10.0, "mentions": 9}}, {"type": "Feature", "geometry": {"type": "Point", "coordinates": [47.5, 15.5]}, "properties": {"id": "gdelt-1325239674", "source": "gdelt", "event_type": "Fight", "sub_type": "CAMEO 190", "date": "2026-09-28", "title": "Fight — Yemen", "description": "", "fatalities": null, "actors": ["GOVERNMENT"], "country": "YM", "links": ["https://mondafrique.com/moyen-orient/yemen-peninsule-arabique-mer-rouge-les-houthistes-a-lassaut-de-la-region/"], "confidence": 0.35, "tone": -1.84113624408206, "goldstein": -10.0, "mentions": 1}}, {"type": "Feature", "geometry": {"type": "Point", "coordinates": [-0.116667, 51.5]}, "properties": {"id": "gdelt-1325239707", "source": "gdelt", "event_type": "Coerce", "sub_type": "CAMEO 173", "date": "2026-09-28", "title": "Coerce — London, London, City of, United Kingdom", "description": "", "fatalities": null, "actors": ["PRESIDENT", "IRAN"], "country": "UK", "links": ["https://www.zazoom.it/2026-09-28/attentato-a-base-usa-nel-regno-unito-trump-li-abbiamo-presi/19732318/"], "confidence": 0.8, "tone": -8.74035989717224, "goldstein": -5.0, "mentions": 10}}, {"type": "Feature", "geometry": {"type": "Point", "coordinates": [34.75, 31.5]}, "properties": {"id": "gdelt-1325239708", "source": "gdelt", "event_type": "Mass violence", "sub_type": "CAMEO 203", "date": "2026-09-28", "title": "Mass violence — Israel", "description": "", "fatalities": null, "actors": ["GOVERNMENT", "ISRAELI"], "country": "IS", "links": ["https://oglobo.globo.com/opiniao/demetrio-magnoli/coluna/2026/09/judaismo-e-conflito-na-terra-santa-entram-no-discurso-politico-no-brasil.ghtml"], "confidence": 0.8, "tone": -4.01854714064915, "goldstein": -10.0, "mentions": 10}}, {"type": "Feature", "geometry": {"type": "Point", "coordinates": [22.0, 39.0]}, "properties": {"id": "gdelt-1325239740", "source": "gdelt", "event_type": "Fight", "sub_type": "CAMEO 190", "date": "2026-09-28", "title": "Fight — Greece", "description": "", "fatalities": null, "actors": ["GREEK"], "country": "GR", "links": ["https://www.newsbomb.gr/media-agb/story/1766421/eleni-prokopiou-apo-ta-fota-tou-sinema-ston-agona-gia-tin-mitrotita-i-agnosti-prosopiki-maxi"], "confidence": 0.8, "tone": -0.54446460980037, "goldstein": -10.0, "mentions": 10}}, {"type": "Feature", "geometry": {"type": "Point", "coordinates": [15.5, 45.166667]}, "properties": {"id": "gdelt-1325239761", "source": "gdelt", "event_type": "Coerce", "sub_type": "CAMEO 172", "date": "2026-09-28", "title": "Coerce — Croatia", "description": "", "fatalities": null, "actors": ["CROATIA"], "country": "HR", "links": ["https://www.blic.rs/biznis/moj-novac/nova-pravila-o-cenama-u-hrvatskoj-od-1-oktobra/1w3ktsy"], "confidence": 0.8, "tone": 1.26903553299493, "goldstein": -5.0, "mentions": 10}}, {"type": "Feature", "geometry": {"type": "Point", "coordinates": [15.5, 45.166667]}, "properties": {"id": "gdelt-1325239762", "source": "gdelt", "event_type": "Coerce", "sub_type": "CAMEO 172", "date": "2026-09-28", "title": "Coerce — Croatia", "description": "", "fatalities": null, "actors": ["CROATIA", "JOURNALIST"], "country": "HR", "links": ["https://www.blic.rs/biznis/moj-novac/nova-pravila-o-cenama-u-hrvatskoj-od-1-oktobra/1w3ktsy"], "confidence": 0.8, "tone": 1.26903553299493, "goldstein": -5.0, "mentions": 10}}, {"type": "Feature", "geometry": {"type": "Point", "coordinates": [51.4216, 35.705]}, "properties": {"id": "gdelt-1325239782", "source": "gdelt", "event_type": "Fight", "sub_type": "CAMEO 190", "date": "2026-09-28", "title": "Fight — Teheran, Iran (general), Iran", "description": "", "fatalities": null, "actors": ["ISRAEL", "TEHERAN"], "country": "IR", "links": ["https://anlatilaninotesi.com.tr/20260928/abdnin-iran-operasyonun-maliyeti-afrikadaki-aclikla-bir-yil-boyunca-mucadele-etmeye-yeterdi-1109089503.html"], "confidence": 0.4, "tone": -5.91133004926108, "goldstein": -10.0, "mentions": 2}}, {"type": "Feature", "geometry": {"type": "Point", "coordinates": [51.4216, 35.705]}, "properties": {"id": "gdelt-1325239783", "source": "gdelt", "event_type": "Fight", "sub_type": "CAMEO 195", "date": "2026-09-28", "title": "Fight — Teheran, Iran (general), Iran", "description": "", "fatalities": null, "actors": ["ISRAEL", "TEHERAN"], "country": "IR", "links": ["https://anlatilaninotesi.com.tr/20260928/abdnin-iran-operasyonun-maliyeti-afrikadaki-aclikla-bir-yil-boyunca-mucadele-etmeye-yeterdi-1109089503.html"], "confidence": 0.4, "tone": -5.91133004926108, "goldstein": -10.0, "mentions": 2}}, {"type": "Feature", "geometry": {"type": "Point", "coordinates": [34.3333, 31.4167]}, "properties": {"id": "gdelt-1325239786", "source": "gdelt", "event_type": "Coerce", "sub_type": "CAMEO 172", "date": "2026-09-28", "title": "Coerce — Gaza, Israel (general), Israel", "description": "", "fatalities": null, "actors": ["ISRAEL", "DUTCH"], "country": "IS", "links": ["https://www.okaz.com.sa/politics/na/2268233"], "confidence": 0.9, "tone": -5.859375, "goldstein": -5.0, "mentions": 16}}, {"type": "Feature", "geometry": {"type": "Point", "coordinates": [34.3333, 31.4167]}, "properties": {"id": "gdelt-1325239787", "source": "gdelt", "event_type": "Coerce", "sub_type": "CAMEO 172", "date": "2026-09-28", "title": "Coerce — Gaza, Israel (general), Israel", "description": "", "fatalities": null, "actors": ["ISRAEL", "DUTCH"], "country": "IS", "links": ["https://www.okaz.com.sa/politics/na/2268233"], "confidence": 0.4, "tone": -5.859375, "goldstein": -5.0, "mentions": 2}}, {"type": "Feature", "geometry": {"type": "Point", "coordinates": [34.3333, 31.4167]}, "properties": {"id": "gdelt-1325239788", "source": "gdelt", "event_type": "Coerce", "sub_type": "CAMEO 172", "date": "2026-09-28", "title": "Coerce — Gaza, Israel (general), Israel", "description": "", "fatalities": null, "actors": ["ISRAEL", "DUTCH"], "country": "IS", "links": ["https://www.okaz.com.sa/politics/na/2268233"], "confidence": 0.4, "tone": -5.859375, "goldstein": -5.0, "mentions": 2}}, {"type": "Feature", "geometry": {"type": "Point", "coordinates": [9.2, 45.4667]}, "properties": {"id": "gdelt-1325239794", "source": "gdelt", "event_type": "Coerce", "sub_type": "CAMEO 173", "date": "2026-09-28", "title": "Coerce — Milan, Lombardia, Italy", "description": "", "fatalities": null, "actors": ["ITALY"], "country": "IT", "links": ["https://www.punjabitribuneonline.com/news/punjab/second-sho-of-same-police-station-arrested-on-bribery-charges-female-inspector-and-gunman-caught-red-handed/"], "confidence": 0.5, "tone": -9.57095709570957, "goldstein": -5.0, "mentions": 4}}, {"type": "Feature", "geometry": {"type": "Point", "coordinates": [12.4833, 41.9]}, "properties": {"id": "gdelt-1325239796", "source": "gdelt", "event_type": "Fight", "sub_type": "CAMEO 190", "date": "2026-09-28", "title": "Fight — Rome, Lazio, Italy", "description": "", "fatalities": null, "actors": ["ROME", "TRIPOLI"], "country": "IT", "links": ["https://mondafrique.com/international/libye-europe-du-transit-au-confinement-des-migrants/"], "confidence": 0.6000000000000001, "tone": -4.07932011331445, "goldstein": -10.0, "mentions": 6}}, {"type": "Feature", "geometry": {"type": "Point", "coordinates": [12.4833, 41.9]}, "properties": {"id": "gdelt-1325239797", "source": "gdelt", "event_type": "Fight", "sub_type": "CAMEO 190", "date": "2026-09-28", "title": "Fight — Rome, Lazio, Italy", "description": "", "fatalities": null, "actors": ["ITALY", "LIBYA"], "country": "IT", "links": ["https://mondafrique.com/international/libye-europe-du-transit-au-confinement-des-migrants/"], "confidence": 0.4, "tone": -4.07932011331445, "goldstein": -10.0, "mentions": 2}}, {"type": "Feature", "geometry": {"type": "Point", "coordinates": [12.4833, 41.9]}, "properties": {"id": "gdelt-1325239832", "source": "gdelt", "event_type": "Fight", "sub_type": "CAMEO 190", "date": "2026-09-28", "title": "Fight — Rome, Lazio, Italy", "description": "", "fatalities": null, "actors": ["TRIPOLI", "ROME"], "country": "IT", "links": ["https://mondafrique.com/international/libye-europe-du-transit-au-confinement-des-migrants/"], "confidence": 0.6000000000000001, "tone": -4.07932011331445, "goldstein": -10.0, "mentions": 6}}, {"type": "Feature", "geometry": {"type": "Point", "coordinates": [12.4833, 41.9]}, "properties": {"id": "gdelt-1325239833", "source": "gdelt", "event_type": "Fight", "sub_type": "CAMEO 190", "date": "2026-09-28", "title": "Fight — Rome, Lazio, Italy", "description": "", "fatalities": null, "actors": ["LIBYA", "ITALY"], "country": "IT", "links": ["https://mondafrique.com/international/libye-europe-du-transit-au-confinement-des-migrants/"], "confidence": 0.4, "tone": -4.07932011331445, "goldstein": -10.0, "mentions": 2}}, {"type": "Feature", "geometry": {"type": "Point", "coordinates": [34.911546, 39.059012]}, "properties": {"id": "gdelt-1325239844", "source": "gdelt", "event_type": "Fight", "sub_type": "CAMEO 193", "date": "2026-09-28", "title": "Fight — Turkey", "description": "", "fatalities": null, "actors": ["MALE"], "country": "TU", "links": ["https://www.sueddeutsche.de/panorama/kriminalitaet-22-jaehriger-vor-polizeiwache-aus-fahrzeug-angeschossen-dpa.urn-newsml-dpa-com-20090101-260928-930-754823"], "confidence": 0.8, "tone": -8.15602836879433, "goldstein": -10.0, "mentions": 10}}, {"type": "Feature", "geometry": {"type": "Point", "coordinates": [-40.1833, -5.23333]}, "properties": {"id": "gdelt-1325239868", "source": "gdelt", "event_type": "Coerce", "sub_type": "CAMEO 172", "date": "2026-09-28", "title": "Coerce — Sao Francisco, CearáR, Brazil", "description": "", "fatalities": null, "actors": ["PARAMILITARY"], "country": "BR", "links": ["https://oglobo.globo.com/politica/especial/um-tiro-no-pleito-como-uma-cidade-na-baixada-fluminense-virou-epicentro-da-infiltracao-do-crime-nas-eleicoes-do-rio.ghtml"], "confidence": 0.8, "tone": -1.1744966442953, "goldstein": -5.0, "mentions": 10}}, {"type": "Feature", "geometry": {"type": "Point", "coordinates": [23.7333, 37.9833]}, "properties": {"id": "gdelt-1325239869", "source": "gdelt", "event_type": "Assault", "sub_type": "CAMEO 180", "date": "2026-09-28", "title": "Assault — Athens, AttikíR, Greece", "description": "", "fatalities": null, "actors": ["COMMANDO"], "country": "GR", "links": ["https://www.ekriti.gr/politiko-paraskinio/erixan-mpogies-sto-politiko-grafeio-toy-andrea-loberdoy-binteo"], "confidence": 0.8, "tone": -3.06122448979591, "goldstein": -9.0, "mentions": 10}}, {"type": "Feature", "geometry": {"type": "Point", "coordinates": [37.6156, 55.7522]}, "properties": {"id": "gdelt-1325239870", "source": "gdelt", "event_type": "Fight", "sub_type": "CAMEO 190", "date": "2026-09-28", "title": "Fight — Kremlin, Moskva, Russia", "description": "", "fatalities": null, "actors": ["COMMANDER"], "country": "RS", "links": ["https://glavred.info/war/ohota-na-komanduyushchego-sbs-rossiya-ocenila-brovdi-v-20-millionov-wsj-10799801.html"], "confidence": 0.8, "tone": -5.85585585585585, "goldstein": -10.0, "mentions": 10}}, {"type": "Feature", "geometry": {"type": "Point", "coordinates": [55.28, 25.2522]}, "properties": {"id": "gdelt-1325239871", "source": "gdelt", "event_type": "Fight", "sub_type": "CAMEO 193", "date": "2026-09-28", "title": "Fight — Dubai, Dubayy, United Arab Emirates", "description": "", "fatalities": null, "actors": ["NAVY"], "country": "AE", "links": ["https://www.voici.fr/celebrites/vous-ne-pouvez-pas-savoir-marine-el-himer-pousse-un-coup-de-gueule-bouleversee-par-l-arrestation-de-sa-jumelle-oceane-a-dubai-829572"], "confidence": 0.8, "tone": -5.51876379690949, "goldstein": -10.0, "mentions": 10}}, {"type": "Feature", "geometry": {"type": "Point", "coordinates": [100.0, 60.0]}, "properties": {"id": "gdelt-1325239872", "source": "gdelt", "event_type": "Force posture", "sub_type": "CAMEO 150", "date": "2026-09-28", "title": "Force posture — Russia", "description": "", "fatalities": null, "actors": ["MILITARY", "SCHOOL"], "country": "RS", "links": ["https://www.novinky.cz/?timeline--pageItem=40598927"], "confidence": 0.8, "tone": -4.66666666666666, "goldstein": -7.2, "mentions": 10}}, {"type": "Feature", "geometry": {"type": "Point", "coordinates": [53.0, 32.0]}, "properties": {"id": "gdelt-1325239881", "source": "gdelt", "event_type": "Force posture", "sub_type": "CAMEO 154", "date": "2026-09-28", "title": "Force posture — Iran", "description": "", "fatalities": null, "actors": ["MILITARY", "EUROPE"], "country": "IR", "links": ["https://www.lrytas.lt/pasaulis/ivykiai/2026/09/28/news/po-sustabdyto-teroro-ispuolio-jk-dar-viena-d-trumpo-reakcija-44217507/"], "confidence": 0.8, "tone": -3.63636363636363, "goldstein": -7.2, "mentions": 10}}, {"type": "Feature", "geometry": {"type": "Point", "coordinates": [-86.2683, 12.1508]}, "properties": {"id": "gdelt-1325239904", "source": "gdelt", "event_type": "Coerce", "sub_type": "CAMEO 173", "date": "2026-09-28", "title": "Coerce — Managua, Managua, Nicaragua", "description": "", "fatalities": null, "actors": ["POLITICAL PRISONER", "MILITANT"], "country": "NU", "links": ["https://www.infobae.com/nicaragua/2026/09/28/la-maquinaria-represiva-de-los-ortega-murillo-se-vuelve-contra-sus-propias-filas/"], "confidence": 0.7, "tone": -3.89610389610389, "goldstein": -5.0, "mentions": 8}}, {"type": "Feature", "geometry": {"type": "Point", "coordinates": [-66.0, 8.0]}, "properties": {"id": "gdelt-1325239905", "source": "gdelt", "event_type": "Coerce", "sub_type": "CAMEO 173", "date": "2026-09-28", "title": "Coerce — Venezuela", "description": "", "fatalities": null, "actors": ["POLITICAL PRISONER", "MILITANT"], "country": "VE", "links": ["https://www.infobae.com/nicaragua/2026/09/28/la-maquinaria-represiva-de-los-ortega-murillo-se-vuelve-contra-sus-propias-filas/"], "confidence": 0.4, "tone": -3.89610389610389, "goldstein": -5.0, "mentions": 2}}, {"type": "Feature", "geometry": {"type": "Point", "coordinates": [116.388, 39.9289]}, "properties": {"id": "gdelt-1325239910", "source": "gdelt", "event_type": "Assault", "sub_type": "CAMEO 180", "date": "2026-09-28", "title": "Assault — Beijing, Beijing, China", "description": "", "fatalities": null, "actors": ["PAKISTAN"], "country": "CH", "links": ["https://navbharattimes.indiatimes.com/world/pakistan/china-gwadar-port-project-failure-pakistan-why-xi-jinping-dream-project-collapse/articleshow/134536994.cms"], "confidence": 0.8, "tone": -3.05164319248827, "goldstein": -9.0, "mentions": 10}}, {"type": "Feature", "geometry": {"type": "Point", "coordinates": [20.7347, 50.2113]}, "properties": {"id": "gdelt-1325239918", "source": "gdelt", "event_type": "Fight", "sub_type": "CAMEO 190", "date": "2026-09-28", "title": "Fight — Deblin, Malopolskie, Poland", "description": "", "fatalities": null, "actors": ["POLAND"], "country": "PL", "links": ["https://www.wnp.pl/bezpieczenstwo/polska-kupuje-nowoczesne-smiglowce-bojowe-ostatni-element-negocjacji-dopiety,1103316.html"], "confidence": 0.9, "tone": 0.63291139240506, "goldstein": -10.0, "mentions": 20}}, {"type": "Feature", "geometry": {"type": "Point", "coordinates": [100.0, 60.0]}, "properties": {"id": "gdelt-1325239925", "source": "gdelt", "event_type": "Coerce", "sub_type": "CAMEO 172", "date": "2026-09-28", "title": "Coerce — Russia", "description": "", "fatalities": null, "actors": ["EXTREMIST"], "country": "RS", "links": ["https://www.svoboda.org/a/izdateljstvo-individuum-obyavilo-o-zakrytii-posle-11-let-raboty/33865669.html"], "confidence": 0.8, "tone": -3.58974358974359, "goldstein": -5.0, "mentions": 10}}, {"type": "Feature", "geometry": {"type": "Point", "coordinates": [94.6081, 54.7068]}, "properties": {"id": "gdelt-1325239948", "source": "gdelt", "event_type": "Fight", "sub_type": "CAMEO 193", "date": "2026-09-28", "title": "Fight — Kuturchinskoye Belogorye, Krasnoyarskiy Kray, Russia", "description": "", "fatalities": null, "actors": ["KRASNOYARSK"], "country": "RS", "links": ["https://rg.ru/2026/09/28/reg-sibfo/turpotok-v-krasnoiarskom-krae-sohranilsia-na-urovne-proshlogo-goda.html"], "confidence": 0.8, "tone": -2.13776722090261, "goldstein": -10.0, "mentions": 10}}, {"type": "Feature", "geometry": {"type": "Point", "coordinates": [22.6778, 50.0164]}, "properties": {"id": "gdelt-1325239959", "source": "gdelt", "event_type": "Protest", "sub_type": "CAMEO 141", "date": "2026-09-28", "title": "Protest — Yaroslav, Podkarpackie, Poland", "description": "", "fatalities": null, "actors": ["YAROSLAVL", "POLAND"], "country": "PL", "links": ["https://vikna.if.ua/news/177622/view"], "confidence": 0.8, "tone": -6.05095541401274, "goldstein": -6.5, "mentions": 10}}, {"type": "Feature", "geometry": {"type": "Point", "coordinates": [100.0, 60.0]}, "properties": {"id": "gdelt-1325239961", "source": "gdelt", "event_type": "Protest", "sub_type": "CAMEO 143", "date": "2026-09-28", "title": "Protest — Russia", "description": "", "fatalities": null, "actors": ["RUSSIAN", "RUSSIA"], "country": "RS", "links": ["https://www.svoboda.org/a/izdateljstvo-individuum-obyavilo-o-zakrytii-posle-11-let-raboty/33865669.html"], "confidence": 0.4, "tone": -3.58974358974359, "goldstein": -6.5, "mentions": 2}}, {"type": "Feature", "geometry": {"type": "Point", "coordinates": [34.8003, 50.9216]}, "properties": {"id": "gdelt-1325239965", "source": "gdelt", "event_type": "Fight", "sub_type": "CAMEO 190", "date": "2026-09-28", "title": "Fight — Sumy, Sums'ka Oblast', Ukraine", "description": "", "fatalities": null, "actors": ["RUSSIAN", "UKRAINE"], "country": "UP", "links": ["https://life.ru/p/rossiyskie-voyska-vzyali-pod-kontrol-ulanovo-i-novovodyanoe"], "confidence": 0.4, "tone": 0.0, "goldstein": -10.0, "mentions": 2}}, {"type": "Feature", "geometry": {"type": "Point", "coordinates": [100.0, 60.0]}, "properties": {"id": "gdelt-1325239966", "source": "gdelt", "event_type": "Fight", "sub_type": "CAMEO 190", "date": "2026-09-28", "title": "Fight — Russia", "description": "", "fatalities": null, "actors": ["RUSSIA", "UKRAINE"], "country": "RS", "links": ["https://life.ru/p/rossiyskie-voyska-vzyali-pod-kontrol-ulanovo-i-novovodyanoe"], "confidence": 0.5, "tone": 0.0, "goldstein": -10.0, "mentions": 4}}, {"type": "Feature", "geometry": {"type": "Point", "coordinates": [34.3717, 53.2521]}, "properties": {"id": "gdelt-1325239971", "source": "gdelt", "event_type": "Assault", "sub_type": "CAMEO 186", "date": "2026-09-28", "title": "Assault — Bryansk, Bryanskaya Oblast', Russia", "description": "", "fatalities": null, "actors": ["BRYANSK", "STATE DUMA"], "country": "RS", "links": ["https://life.ru/p/egor-kovalchuk-prines-prisyagu-i-vstupil-v-dolzhnost-gubernatora-bryanskoy"], "confidence": 0.6000000000000001, "tone": 3.04878048780488, "goldstein": -10.0, "mentions": 6}}, {"type": "Feature", "geometry": {"type": "Point", "coordinates": [34.3717, 53.2521]}, "properties": {"id": "gdelt-1325239972", "source": "gdelt", "event_type": "Assault", "sub_type": "CAMEO 186", "date": "2026-09-28", "title": "Assault — Bryansk, Bryanskaya Oblast', Russia", "description": "", "fatalities": null, "actors": ["BRYANSK", "RUSSIA"], "country": "RS", "links": ["https://life.ru/p/egor-kovalchuk-prines-prisyagu-i-vstupil-v-dolzhnost-gubernatora-bryanskoy"], "confidence": 0.4, "tone": 3.04878048780488, "goldstein": -10.0, "mentions": 2}}, {"type": "Feature", "geometry": {"type": "Point", "coordinates": [34.3717, 53.2521]}, "properties": {"id": "gdelt-1325239973", "source": "gdelt", "event_type": "Assault", "sub_type": "CAMEO 186", "date": "2026-09-28", "title": "Assault — Bryansk, Bryanskaya Oblast', Russia", "description": "", "fatalities": null, "actors": ["BRYANSK", "RUSSIA"], "country": "RS", "links": ["https://life.ru/p/egor-kovalchuk-prines-prisyagu-i-vstupil-v-dolzhnost-gubernatora-bryanskoy"], "confidence": 0.4, "tone": 3.04878048780488, "goldstein": -10.0, "mentions": 2}}, {"type": "Feature", "geometry": {"type": "Point", "coordinates": [100.0, 60.0]}, "properties": {"id": "gdelt-1325239974", "source": "gdelt", "event_type": "Protest", "sub_type": "CAMEO 143", "date": "2026-09-28", "title": "Protest — Russia", "description": "", "fatalities": null, "actors": ["RUSSIAN"], "country": "RS", "links": ["https://www.svoboda.org/a/izdateljstvo-individuum-obyavilo-o-zakrytii-posle-11-let-raboty/33865669.html"], "confidence": 0.6000000000000001, "tone": -3.58974358974359, "goldstein": -6.5, "mentions": 6}}, {"type": "Feature", "geometry": {"type": "Point", "coordinates": [47.5, 15.5]}, "properties": {"id": "gdelt-1325239977", "source": "gdelt", "event_type": "Fight", "sub_type": "CAMEO 190", "date": "2026-09-28", "title": "Fight — Yemen", "description": "", "fatalities": null, "actors": ["SAUDI ARABIA"], "country": "YM", "links": ["https://mondafrique.com/moyen-orient/yemen-peninsule-arabique-mer-rouge-les-houthistes-a-lassaut-de-la-region/"], "confidence": 0.75, "tone": -1.84113624408206, "goldstein": -10.0, "mentions": 9}}, {"type": "Feature", "geometry": {"type": "Point", "coordinates": [36.2527, 49.9808]}, "properties": {"id": "gdelt-1325239993", "source": "gdelt", "event_type": "Fight", "sub_type": "CAMEO 190", "date": "2026-09-28", "title": "Fight — Kharkiv, Kharkivs'ka Oblast', Ukraine", "description": "", "fatalities": null, "actors": ["INTELLIGENCE INFORMATION"], "country": "UP", "links": ["http://allkharkov.ua/news/idn/660772.html"], "confidence": 0.8, "tone": -5.33333333333333, "goldstein": -10.0, "mentions": 10}}, {"type": "Feature", "geometry": {"type": "Point", "coordinates": [34.75, 31.5]}, "properties": {"id": "gdelt-1325240010", "source": "gdelt", "event_type": "Coerce", "sub_type": "CAMEO 173", "date": "2026-09-28", "title": "Coerce — Israel", "description": "", "fatalities": null, "actors": ["TERRORIST"], "country": "IS", "links": ["https://oglobo.globo.com/opiniao/demetrio-magnoli/coluna/2026/09/judaismo-e-conflito-na-terra-santa-entram-no-discurso-politico-no-brasil.ghtml"], "confidence": 0.8, "tone": -4.01854714064915, "goldstein": -5.0, "mentions": 10}}, {"type": "Feature", "geometry": {"type": "Point", "coordinates": [4.33333, 50.8333]}, "properties": {"id": "gdelt-1325240011", "source": "gdelt", "event_type": "Fight", "sub_type": "CAMEO 190", "date": "2026-09-28", "title": "Fight — Brussels, Bruxelles-Capitale, Belgium", "description": "", "fatalities": null, "actors": ["MILITIA"], "country": "BE", "links": ["https://sana.sy/fr/international/2332098/"], "confidence": 0.8, "tone": -0.62111801242236, "goldstein": -10.0, "mentions": 10}}, {"type": "Feature", "geometry": {"type": "Point", "coordinates": [-46.6167, -23.5333]}, "properties": {"id": "gdelt-1325240012", "source": "gdelt", "event_type": "Fight", "sub_type": "CAMEO 190", "date": "2026-09-28", "title": "Fight — Sao Paulo, SãPaulo, Brazil", "description": "", "fatalities": null, "actors": ["TERRORIST"], "country": "BR", "links": ["https://oglobo.globo.com/opiniao/demetrio-magnoli/coluna/2026/09/judaismo-e-conflito-na-terra-santa-entram-no-discurso-politico-no-brasil.ghtml"], "confidence": 0.8, "tone": -4.01854714064915, "goldstein": -10.0, "mentions": 10}}, {"type": "Feature", "geometry": {"type": "Point", "coordinates": [2.0, 46.0]}, "properties": {"id": "gdelt-1325240013", "source": "gdelt", "event_type": "Fight", "sub_type": "CAMEO 190", "date": "2026-09-28", "title": "Fight — France", "description": "", "fatalities": null, "actors": ["GUNMEN", "VILLAGE"], "country": "FR", "links": ["https://www.lejdd.fr/Chroniques/christine-kelly-les-cloches-des-eglises-sonnent-184596"], "confidence": 0.8, "tone": -2.65095729013254, "goldstein": -10.0, "mentions": 10}}, {"type": "Feature", "geometry": {"type": "Point", "coordinates": [8.0, 10.0]}, "properties": {"id": "gdelt-1325240014", "source": "gdelt", "event_type": "Assault", "sub_type": "CAMEO 181", "date": "2026-09-28", "title": "Assault — Nigeria", "description": "", "fatalities": null, "actors": ["ARMED GROUP", "NIGERIAN"], "country": "NI", "links": ["https://www.dagelijksestandaard.nl/nieuws/gewapende-groepen-ontvoeren-opnieuw-tientallen-nigerianen"], "confidence": 0.8, "tone": -4.7244094488189, "goldstein": -9.0, "mentions": 10}}, {"type": "Feature", "geometry": {"type": "Point", "coordinates": [30.5167, 50.4333]}, "properties": {"id": "gdelt-1325240020", "source": "gdelt", "event_type": "Coerce", "sub_type": "CAMEO 1712", "date": "2026-09-28", "title": "Coerce — Kiev, Ukraine (general), Ukraine", "description": "", "fatalities": null, "actors": ["KIEV"], "country": "UP", "links": ["http://allkharkov.ua/news/pro/nchna-ataka-na-kiv-postrajdali-chetvero-ludei-gorli-ofsi-i-azs.html"], "confidence": 0.9, "tone": -3.43137254901961, "goldstein": -9.2, "mentions": 20}}, {"type": "Feature", "geometry": {"type": "Point", "coordinates": [121.532, 25.0478]}, "properties": {"id": "gdelt-1325240021", "source": "gdelt", "event_type": "Fight", "sub_type": "CAMEO 190", "date": "2026-09-28", "title": "Fight — Taipei, T'ai-pei, Taiwan", "description": "", "fatalities": null, "actors": ["UKRAINIAN"], "country": "TW", "links": ["https://www.wnp.pl/rynki/tajwan-prezydent-lai-musimy-wspolpracowac-z-demokratycznymi-partnerami-przy-produkcji-dronow,1103319.html"], "confidence": 0.7, "tone": -1.92307692307693, "goldstein": -10.0, "mentions": 8}}, {"type": "Feature", "geometry": {"type": "Point", "coordinates": [25.7093, 49.1623]}, "properties": {"id": "gdelt-1325240022", "source": "gdelt", "event_type": "Fight", "sub_type": "CAMEO 194", "date": "2026-09-28", "title": "Fight — Budanov, Ternopil's'ka Oblast', Ukraine", "description": "", "fatalities": null, "actors": ["UKRAINE"], "country": "UP", "links": ["https://glavred.info/war/kapitulyaciya-k-koncu-zimy-putin-rezko-izmenil-strategiyu-voyny-protiv-ukrainy-10799810.html"], "confidence": 0.8, "tone": -5.31135531135531, "goldstein": -10.0, "mentions": 10}}, {"type": "Feature", "geometry": {"type": "Point", "coordinates": [30.5167, 50.4333]}, "properties": {"id": "gdelt-1325240024", "source": "gdelt", "event_type": "Fight", "sub_type": "CAMEO 190", "date": "2026-09-28", "title": "Fight — Kiev, Ukraine (general), Ukraine", "description": "", "fatalities": null, "actors": ["KIEV", "CITIZEN"], "country": "UP", "links": ["https://az.trend.az/azerbaijan/politics/4228729.html"], "confidence": 0.35, "tone": -6.88073394495413, "goldstein": -10.0, "mentions": 1}}, {"type": "Feature", "geometry": {"type": "Point", "coordinates": [30.5167, 50.4333]}, "properties": {"id": "gdelt-1325240025", "source": "gdelt", "event_type": "Fight", "sub_type": "CAMEO 190", "date": "2026-09-28", "title": "Fight — Kiev, Ukraine (general), Ukraine", "description": "", "fatalities": null, "actors": ["KIEV", "CITIZEN"], "country": "UP", "links": ["https://az.trend.az/azerbaijan/politics/4228729.html"], "confidence": 0.55, "tone": -6.88073394495413, "goldstein": -10.0, "mentions": 5}}, {"type": "Feature", "geometry": {"type": "Point", "coordinates": [30.7386, 46.4639]}, "properties": {"id": "gdelt-1325240026", "source": "gdelt", "event_type": "Fight", "sub_type": "CAMEO 190", "date": "2026-09-28", "title": "Fight — Odessa, Odes'ka Oblast, Ukraine", "description": "", "fatalities": null, "actors": ["UKRAINE", "CITIZEN"], "country": "UP", "links": ["https://az.trend.az/azerbaijan/politics/4228729.html"], "confidence": 0.4, "tone": -6.88073394495413, "goldstein": -10.0, "mentions": 2}}, {"type": "Feature", "geometry": {"type": "Point", "coordinates": [32.0, 49.0]}, "properties": {"id": "gdelt-1325240037", "source": "gdelt", "event_type": "Assault", "sub_type": "CAMEO 180", "date": "2026-09-28", "title": "Assault — Ukraine", "description": "", "fatalities": null, "actors": ["UKRAINE", "RUSSIA"], "country": "UP", "links": ["https://anlatilaninotesi.com.tr/20260928/trump-zelenskiy-rusyadaki-petrol-rafinerilerine-yonelik-saldirilari-azaltmaya-hazir-oldugunu-1109090066.html"], "confidence": 0.8, "tone": -4.09556313993174, "goldstein": -9.0, "mentions": 10}}, {"type": "Feature", "geometry": {"type": "Point", "coordinates": [34.8003, 50.9216]}, "properties": {"id": "gdelt-1325240038", "source": "gdelt", "event_type": "Fight", "sub_type": "CAMEO 190", "date": "2026-09-28", "title": "Fight — Sumy, Sums'ka Oblast', Ukraine", "description": "", "fatalities": null, "actors": ["UKRAINE", "RUSSIAN"], "country": "UP", "links": ["https://life.ru/p/rossiyskie-voyska-vzyali-pod-kontrol-ulanovo-i-novovodyanoe"], "confidence": 0.4, "tone": 0.0, "goldstein": -10.0, "mentions": 2}}, {"type": "Feature", "geometry": {"type": "Point", "coordinates": [100.0, 60.0]}, "properties": {"id": "gdelt-1325240039", "source": "gdelt", "event_type": "Fight", "sub_type": "CAMEO 190", "date": "2026-09-28", "title": "Fight — Russia", "description": "", "fatalities": null, "actors": ["UKRAINE", "RUSSIA"], "country": "RS", "links": ["https://life.ru/p/rossiyskie-voyska-vzyali-pod-kontrol-ulanovo-i-novovodyanoe"], "confidence": 0.5, "tone": 0.0, "goldstein": -10.0, "mentions": 4}}, {"type": "Feature", "geometry": {"type": "Point", "coordinates": [100.0, 60.0]}, "properties": {"id": "gdelt-1325240040", "source": "gdelt", "event_type": "Fight", "sub_type": "CAMEO 192", "date": "2026-09-28", "title": "Fight — Russia", "description": "", "fatalities": null, "actors": ["UKRAINE", "RUSSIAN"], "country": "RS", "links": ["https://life.ru/p/rossiyskie-voyska-vzyali-pod-kontrol-ulanovo-i-novovodyanoe"], "confidence": 0.6000000000000001, "tone": 0.0, "goldstein": -9.5, "mentions": 6}}, {"type": "Feature", "geometry": {"type": "Point", "coordinates": [32.0, 49.0]}, "properties": {"id": "gdelt-1325240052", "source": "gdelt", "event_type": "Assault", "sub_type": "CAMEO 185", "date": "2026-09-28", "title": "Assault — Ukraine", "description": "", "fatalities": null, "actors": ["UKRAINE", "COMMANDER"], "country": "UP", "links": ["https://glavred.info/war/ohota-na-komanduyushchego-sbs-rossiya-ocenila-brovdi-v-20-millionov-wsj-10799801.html"], "confidence": 0.8, "tone": -5.85585585585585, "goldstein": -8.0, "mentions": 10}}, {"type": "Feature", "geometry": {"type": "Point", "coordinates": [-98.5795, 39.828175]}, "properties": {"id": "gdelt-1325240060", "source": "gdelt", "event_type": "Force posture", "sub_type": "CAMEO 154", "date": "2026-09-28", "title": "Force posture — United States", "description": "", "fatalities": null, "actors": ["AMERICAN"], "country": "US", "links": ["https://kauno.diena.lt/naujienos/lietuva/politika/ruginiene-apie-sinkeviciaus-starta-ne-veltui-duodamas-simto-dienu-ramybes-periodas-1776611"], "confidence": 0.9, "tone": 0.40650406504065, "goldstein": -7.2, "mentions": 20}}, {"type": "Feature", "geometry": {"type": "Point", "coordinates": [28.9647, 41.0186]}, "properties": {"id": "gdelt-1325240096", "source": "gdelt", "event_type": "Fight", "sub_type": "CAMEO 193", "date": "2026-09-28", "title": "Fight — Istanbul, Istanbul, Turkey", "description": "", "fatalities": null, "actors": ["KURD"], "country": "TU", "links": ["https://www.odatv.com/dunya/netanyahudan-erdogan-hakkinda-suc-duyurusu-120164310"], "confidence": 0.6000000000000001, "tone": -7.54716981132076, "goldstein": -10.0, "mentions": 6}}, {"type": "Feature", "geometry": {"type": "Point", "coordinates": [34.3333, 31.4167]}, "properties": {"id": "gdelt-1325240097", "source": "gdelt", "event_type": "Fight", "sub_type": "CAMEO 193", "date": "2026-09-28", "title": "Fight — Gaza, Israel (general), Israel", "description": "", "fatalities": null, "actors": ["KURD"], "country": "IS", "links": ["https://www.odatv.com/dunya/netanyahudan-erdogan-hakkinda-suc-duyurusu-120164310"], "confidence": 0.5, "tone": -7.54716981132076, "goldstein": -10.0, "mentions": 4}}, {"type": "Feature", "geometry": {"type": "Point", "coordinates": [60.6125, 56.8575]}, "properties": {"id": "gdelt-1325240928", "source": "gdelt", "event_type": "Coerce", "sub_type": "CAMEO 173", "date": "2026-09-28", "title": "Coerce — Sverdlovsk, Sverdlovskaya Oblast', Russia", "description": "", "fatalities": null, "actors": ["COMPANY"], "country": "RS", "links": ["https://www.vesti.ru/ns/byvshemu-sverdlovskomu-zamministra-dali-14-let-tyurmy-za-vzyatki"], "confidence": 0.8, "tone": -8.63309352517989, "goldstein": -5.0, "mentions": 10}}, {"type": "Feature", "geometry": {"type": "Point", "coordinates": [-5.0, 32.0]}, "properties": {"id": "gdelt-1325240938", "source": "gdelt", "event_type": "Coerce", "sub_type": "CAMEO 173", "date": "2026-09-28", "title": "Coerce — Morocco", "description": "", "fatalities": null, "actors": ["POLICE"], "country": "MO", "links": ["https://www.zazoom.it/2026-09-28/cocaina-34enne-arrestato-a-firenze-22-dosi-e-oltre-2mila-euro-in-casa/19732330/"], "confidence": 0.8, "tone": -4.73933649289099, "goldstein": -5.0, "mentions": 10}}, {"type": "Feature", "geometry": {"type": "Point", "coordinates": [32.6178, 46.6558]}, "properties": {"id": "gdelt-1325241037", "source": "gdelt", "event_type": "Coerce", "sub_type": "CAMEO 173", "date": "2026-09-28", "title": "Coerce — Kherson, Khersons'ka Oblast', Ukraine", "description": "", "fatalities": null, "actors": ["UKRAINIAN"], "country": "UP", "links": ["https://vz.ru/news/2026/9/28/1456102.html"], "confidence": 0.7, "tone": -6.93069306930693, "goldstein": -5.0, "mentions": 8}}, {"type": "Feature", "geometry": {"type": "Point", "coordinates": [30.5167, 50.4333]}, "properties": {"id": "gdelt-1325241038", "source": "gdelt", "event_type": "Coerce", "sub_type": "CAMEO 173", "date": "2026-09-28", "title": "Coerce — Kyiv, Kyyiv, Misto, Ukraine", "description": "", "fatalities": null, "actors": ["UKRAINIAN"], "country": "UP", "links": ["https://tsn.ua/ukrayina/rosiia-oholosyla-20-mln-dolariv-za-topovoho-komandyra-zsu-khto-stav-tsilliu-3176906.html"], "confidence": 0.5, "tone": -7.48663101604278, "goldstein": -5.0, "mentions": 4}}, {"type": "Feature", "geometry": {"type": "Point", "coordinates": [25.4554, 48.9654]}, "properties": {"id": "gdelt-1325241039", "source": "gdelt", "event_type": "Fight", "sub_type": "CAMEO 190", "date": "2026-09-28", "title": "Fight — Brovary, Ternopil's'ka Oblast', Ukraine", "description": "", "fatalities": null, "actors": ["UKRAINE"], "country": "UP", "links": ["https://vz.ru/news/2026/9/28/1456113.html"], "confidence": 0.7, "tone": -2.7027027027027, "goldstein": -10.0, "mentions": 8}}, {"type": "Feature", "geometry": {"type": "Point", "coordinates": [-10.0, 11.0]}, "properties": {"id": "gdelt-1325241045", "source": "gdelt", "event_type": "Fight", "sub_type": "CAMEO 190", "date": "2026-09-28", "title": "Fight — Guinea", "description": "", "fatalities": null, "actors": ["AFAR"], "country": "GV", "links": ["https://fr.allafrica.com/stories/202609280086.html"], "confidence": 0.8, "tone": -4.39189189189189, "goldstein": -10.0, "mentions": 10}}, {"type": "Feature", "geometry": {"type": "Point", "coordinates": [-10.0, 11.0]}, "properties": {"id": "gdelt-1325241046", "source": "gdelt", "event_type": "Fight", "sub_type": "CAMEO 195", "date": "2026-09-28", "title": "Fight — Guinea", "description": "", "fatalities": null, "actors": ["AFAR"], "country": "GV", "links": ["https://fr.allafrica.com/stories/202609280086.html"], "confidence": 0.8, "tone": -4.39189189189189, "goldstein": -10.0, "mentions": 10}}, {"type": "Feature", "geometry": {"type": "Point", "coordinates": [27.5667, 53.9]}, "properties": {"id": "gdelt-1325241069", "source": "gdelt", "event_type": "Assault", "sub_type": "CAMEO 180", "date": "2026-09-28", "title": "Assault — Minsk, Belarus (general), Belarus", "description": "", "fatalities": null, "actors": ["MINSK", "POLAND"], "country": "BO", "links": ["https://wiadomosci.onet.pl/swiat/jurasz-ostrzega-w-sprawie-resetu-z-bialorusia-sprawa-ma-drugie-dno/fqt5h6x"], "confidence": 0.4, "tone": -2.16867469879518, "goldstein": -9.0, "mentions": 2}}, {"type": "Feature", "geometry": {"type": "Point", "coordinates": [-87.6501, 41.85]}, "properties": {"id": "gdelt-1325241070", "source": "gdelt", "event_type": "Assault", "sub_type": "CAMEO 180", "date": "2026-09-28", "title": "Assault — Chicago, Illinois, United States", "description": "", "fatalities": null, "actors": ["MINSK", "POLISH"], "country": "US", "links": ["https://wiadomosci.onet.pl/swiat/jurasz-ostrzega-w-sprawie-resetu-z-bialorusia-sprawa-ma-drugie-dno/fqt5h6x"], "confidence": 0.7, "tone": -2.16867469879518, "goldstein": -9.0, "mentions": 8}}, {"type": "Feature", "geometry": {"type": "Point", "coordinates": [135.0, -25.0]}, "properties": {"id": "gdelt-1325241089", "source": "gdelt", "event_type": "Protest", "sub_type": "CAMEO 140", "date": "2026-09-28", "title": "Protest — Australia", "description": "", "fatalities": null, "actors": ["COMPANIES"], "country": "AS", "links": ["https://www.in.gr/2026/09/28/in-science/ai/praktores-tis-openai-evgalan-sti-fora-dedomena-xriston-i-etaireia-pasxizei-na-katalavei-ti-symperifora-tous/"], "confidence": 0.8, "tone": -2.67857142857143, "goldstein": -6.5, "mentions": 10}}, {"type": "Feature", "geometry": {"type": "Point", "coordinates": [106.829, -6.17444]}, "properties": {"id": "gdelt-1325241102", "source": "gdelt", "event_type": "Assault", "sub_type": "CAMEO 186", "date": "2026-09-28", "title": "Assault — Jakarta, Jakarta Raya, Indonesia", "description": "", "fatalities": null, "actors": ["INDUSTRY", "INDONESIA"], "country": "ID", "links": ["https://www.jpnn.com/news/kinerja-satgas-hilirisasi-berhasil-bikin-ri-menguasai-41-industri-nikel-olahan-dunia"], "confidence": 0.8, "tone": 3.97727272727272, "goldstein": -10.0, "mentions": 10}}, {"type": "Feature", "geometry": {"type": "Point", "coordinates": [125.755, 39.0194]}, "properties": {"id": "gdelt-1325241111", "source": "gdelt", "event_type": "Fight", "sub_type": "CAMEO 193", "date": "2026-09-28", "title": "Fight — Pyongyang, P'yongyang-si, North Korea", "description": "", "fatalities": null, "actors": ["BUSINESS", "REPRESENTATIVES"], "country": "KN", "links": ["https://www.munhwa.com:443/article/11619930"], "confidence": 0.8, "tone": -4.01606425702811, "goldstein": -10.0, "mentions": 10}}, {"type": "Feature", "geometry": {"type": "Point", "coordinates": [-65.5167, 45.7167]}, "properties": {"id": "gdelt-1325241115", "source": "gdelt", "event_type": "Fight", "sub_type": "CAMEO 193", "date": "2026-09-28", "title": "Fight — Sussex, New Brunswick, Canada", "description": "", "fatalities": null, "actors": ["CANADA"], "country": "CA", "links": ["https://www.closermag.fr/royautes/prince-harry-ma-premiere-pensee-son-geste-surprenant-pour-meghan-markle-apres-son-incroyable-saut-en-parachute-3660168"], "confidence": 0.6000000000000001, "tone": 3.91705069124424, "goldstein": -10.0, "mentions": 6}}, {"type": "Feature", "geometry": {"type": "Point", "coordinates": [116.388, 39.9289]}, "properties": {"id": "gdelt-1325241128", "source": "gdelt", "event_type": "Coerce", "sub_type": "CAMEO 172", "date": "2026-09-28", "title": "Coerce — Beijing, Beijing, China", "description": "", "fatalities": null, "actors": ["BEIJING", "COMPANY"], "country": "CH", "links": ["https://www.dw.com/sr/kina-ograni%C4%8Dava-odlazak-stru%C4%8Dnjaka-i-kapitala-u-inostranstvo/a-79403863"], "confidence": 0.8, "tone": -2.51196172248803, "goldstein": -5.0, "mentions": 10}}, {"type": "Feature", "geometry": {"type": "Point", "coordinates": [105.0, 35.0]}, "properties": {"id": "gdelt-1325241129", "source": "gdelt", "event_type": "Assault", "sub_type": "CAMEO 180", "date": "2026-09-28", "title": "Assault — China", "description": "", "fatalities": null, "actors": ["CHINESE", "CHINA"], "country": "CH", "links": ["https://www.munhwa.com:443/article/11619895"], "confidence": 0.5, "tone": -9.95670995670997, "goldstein": -9.0, "mentions": 4}}, {"type": "Feature", "geometry": {"type": "Point", "coordinates": [105.0, 35.0]}, "properties": {"id": "gdelt-1325241135", "source": "gdelt", "event_type": "Assault", "sub_type": "CAMEO 180", "date": "2026-09-28", "title": "Assault — China", "description": "", "fatalities": null, "actors": ["CHINESE"], "country": "CH", "links": ["https://www.munhwa.com:443/article/11619895"], "confidence": 0.6000000000000001, "tone": -9.95670995670997, "goldstein": -9.0, "mentions": 6}}, {"type": "Feature", "geometry": {"type": "Point", "coordinates": [85.35, 27.7667]}, "properties": {"id": "gdelt-1325241157", "source": "gdelt", "event_type": "Force posture", "sub_type": "CAMEO 153", "date": "2026-09-28", "title": "Force posture — Khadka, Nepal (general), Nepal", "description": "", "fatalities": null, "actors": ["POLICE"], "country": "NP", "links": ["https://ehimalayatimes.com/2026/09/485918/"], "confidence": 0.8, "tone": 0.0, "goldstein": -7.2, "mentions": 10}}, {"type": "Feature", "geometry": {"type": "Point", "coordinates": [37.6156, 55.7522]}, "properties": {"id": "gdelt-1325241158", "source": "gdelt", "event_type": "Fight", "sub_type": "CAMEO 193", "date": "2026-09-28", "title": "Fight — Moscow, Moskva, Russia", "description": "", "fatalities": null, "actors": ["POLICE"], "country": "RS", "links": ["https://vz.ru/news/2026/9/28/1456108.html"], "confidence": 0.8, "tone": -7.4074074074074, "goldstein": -10.0, "mentions": 10}}, {"type": "Feature", "geometry": {"type": "Point", "coordinates": [60.6125, 56.8575]}, "properties": {"id": "gdelt-1325241163", "source": "gdelt", "event_type": "Coerce", "sub_type": "CAMEO 173", "date": "2026-09-28", "title": "Coerce — Sverdlovsk, Sverdlovskaya Oblast', Russia", "description": "", "fatalities": null, "actors": ["PRISON", "MINIST"], "country": "RS", "links": ["https://vz.ru/news/2026/9/28/1456085.html"], "confidence": 0.8, "tone": -9.1397849462366, "goldstein": -5.0, "mentions": 10}}, {"type": "Feature", "geometry": {"type": "Point", "coordinates": [-5.0, 32.0]}, "properties": {"id": "gdelt-1325241165", "source": "gdelt", "event_type": "Coerce", "sub_type": "CAMEO 173", "date": "2026-09-28", "title": "Coerce — Morocco", "description": "", "fatalities": null, "actors": ["POLICE", "MOROCCAN"], "country": "MO", "links": ["https://www.zazoom.it/2026-09-28/cocaina-34enne-arrestato-a-firenze-22-dosi-e-oltre-2mila-euro-in-casa/19732330/"], "confidence": 0.8, "tone": -4.73933649289099, "goldstein": -5.0, "mentions": 10}}, {"type": "Feature", "geometry": {"type": "Point", "coordinates": [20.6333, 44.15]}, "properties": {"id": "gdelt-1325241166", "source": "gdelt", "event_type": "Coerce", "sub_type": "CAMEO 173", "date": "2026-09-28", "title": "Coerce — Srebrenica, , Serbia", "description": "", "fatalities": null, "actors": ["PRISON", "THE HAGUE"], "country": "RI", "links": ["https://news.bg/world/eh-mechti-vuchich-iska-da-izprevari-balgariya-i-da-stane-kato-radev.html"], "confidence": 0.6000000000000001, "tone": -2.9143897996357, "goldstein": -5.0, "mentions": 6}}, {"type": "Feature", "geometry": {"type": "Point", "coordinates": [7.6, 45.2333]}, "properties": {"id": "gdelt-1325241170", "source": "gdelt", "event_type": "Fight", "sub_type": "CAMEO 190", "date": "2026-09-28", "title": "Fight — Cirie, Piemonte, Italy", "description": "", "fatalities": null, "actors": ["CULPRIT"], "country": "IT", "links": ["https://tg24.sky.it/cronaca/2026/09/28/omicidio-colapietro-torino-indagini-news"], "confidence": 0.8, "tone": -6.17283950617284, "goldstein": -10.0, "mentions": 10}}, {"type": "Feature", "geometry": {"type": "Point", "coordinates": [25.1, 43.75]}, "properties": {"id": "gdelt-1325241171", "source": "gdelt", "event_type": "Fight", "sub_type": "CAMEO 192", "date": "2026-09-28", "title": "Fight — Navodari, Romania (general), Romania", "description": "", "fatalities": null, "actors": ["CRIMINAL"], "country": "RO", "links": ["https://www.ziuaconstanta.ro/stiri/imobiliare/pagubitii-din-dosarul-nordis-mamaia-decisi-sa-isi-finanteze-singuri-finalizarea-blocurilor-sedinta-cruciala-pentru-salvarea-proiectului-din-navodari-954719.html"], "confidence": 0.4, "tone": -2.79850746268657, "goldstein": -9.5, "mentions": 2}}, {"type": "Feature", "geometry": {"type": "Point", "coordinates": [2.0, 46.0]}, "properties": {"id": "gdelt-1325241173", "source": "gdelt", "event_type": "Fight", "sub_type": "CAMEO 190", "date": "2026-09-28", "title": "Fight — France", "description": "", "fatalities": null, "actors": ["CRIMINAL", "FRANCE"], "country": "FR", "links": ["https://drimble.nl/binnenlands-nieuws/108128399/lange-celstraf-dreigt-voor-stuntkabouter-straf-voor-dodelijke-crash-onder-invloed-is-net-verzwaard-in-frankrijk.html"], "confidence": 0.9, "tone": -12.4324324324324, "goldstein": -10.0, "mentions": 20}}, {"type": "Feature", "geometry": {"type": "Point", "coordinates": [12.833333, 42.833333]}, "properties": {"id": "gdelt-1325241174", "source": "gdelt", "event_type": "Coerce", "sub_type": "CAMEO 173", "date": "2026-09-28", "title": "Coerce — Italy", "description": "", "fatalities": null, "actors": ["PIRATE", "AUTHORITIES"], "country": "IT", "links": ["https://www.bursa.ro/arhiva-20260927"], "confidence": 0.4, "tone": -2.21238938053098, "goldstein": -5.0, "mentions": 2}}, {"type": "Feature", "geometry": {"type": "Point", "coordinates": [12.833333, 42.833333]}, "properties": {"id": "gdelt-1325241175", "source": "gdelt", "event_type": "Coerce", "sub_type": "CAMEO 173", "date": "2026-09-28", "title": "Coerce — Italy", "description": "", "fatalities": null, "actors": ["PIRATE", "AUTHORITIES"], "country": "IT", "links": ["https://www.bursa.ro/arhiva-20260927"], "confidence": 0.6000000000000001, "tone": -2.21238938053098, "goldstein": -5.0, "mentions": 6}}, {"type": "Feature", "geometry": {"type": "Point", "coordinates": [12.833333, 42.833333]}, "properties": {"id": "gdelt-1325241176", "source": "gdelt", "event_type": "Coerce", "sub_type": "CAMEO 173", "date": "2026-09-28", "title": "Coerce — Italy", "description": "", "fatalities": null, "actors": ["PIRATE", "AUTHORITIES"], "country": "IT", "links": ["https://www.bursa.ro/arhiva-20260927"], "confidence": 0.4, "tone": -2.21238938053098, "goldstein": -5.0, "mentions": 2}}, {"type": "Feature", "geometry": {"type": "Point", "coordinates": [25.1, 43.75]}, "properties": {"id": "gdelt-1325241178", "source": "gdelt", "event_type": "Fight", "sub_type": "CAMEO 192", "date": "2026-09-28", "title": "Fight — Navodari, Romania (general), Romania", "description": "", "fatalities": null, "actors": ["CRIMINAL", "ROMANIA"], "country": "RO", "links": ["https://www.ziuaconstanta.ro/stiri/imobiliare/pagubitii-din-dosarul-nordis-mamaia-decisi-sa-isi-finanteze-singuri-finalizarea-blocurilor-sedinta-cruciala-pentru-salvarea-proiectului-din-navodari-954719.html"], "confidence": 0.7, "tone": -2.79850746268657, "goldstein": -9.5, "mentions": 8}}, {"type": "Feature", "geometry": {"type": "Point", "coordinates": [30.5167, 50.4333]}, "properties": {"id": "gdelt-1325241216", "source": "gdelt", "event_type": "Protest", "sub_type": "CAMEO 141", "date": "2026-09-28", "title": "Protest — Kiev, Ukraine (general), Ukraine", "description": "", "fatalities": null, "actors": ["VILLAGE"], "country": "UP", "links": ["https://www.grani.kiev.ua/produktovyi-mahazyn-u-zhukyni-vyhoriv-na-300-kvadrativ/"], "confidence": 0.8, "tone": 0.77519379844961, "goldstein": -6.5, "mentions": 10}}, {"type": "Feature", "geometry": {"type": "Point", "coordinates": [8.0, 10.0]}, "properties": {"id": "gdelt-1325241217", "source": "gdelt", "event_type": "Assault", "sub_type": "CAMEO 180", "date": "2026-09-28", "title": "Assault — Nigeria", "description": "", "fatalities": null, "actors": ["VILLAGE"], "country": "NI", "links": ["https://www.sabah.com.tr/dunya/nijeryada-maden-sahasinda-dehset-silahli-saldirida-5-kisi-hayatini-kaybetti-7669433"], "confidence": 0.8, "tone": -11.8811881188119, "goldstein": -9.0, "mentions": 10}}, {"type": "Feature", "geometry": {"type": "Point", "coordinates": [34.8003, 50.9216]}, "properties": {"id": "gdelt-1325241218", "source": "gdelt", "event_type": "Fight", "sub_type": "CAMEO 190", "date": "2026-09-28", "title": "Fight — Sumy, Sums'ka Oblast', Ukraine", "description": "", "fatalities": null, "actors": ["VILLAGE"], "country": "UP", "links": ["https://gazeta.ua/articles/donbas/_zsu-deokupuvali-tri-sela-na-donechchini/1259260"], "confidence": 0.6000000000000001, "tone": -7.47663551401869, "goldstein": -10.0, "mentions": 6}}, {"type": "Feature", "geometry": {"type": "Point", "coordinates": [35.3354, 32.1769]}, "properties": {"id": "gdelt-1325241219", "source": "gdelt", "event_type": "Fight", "sub_type": "CAMEO 190", "date": "2026-09-28", "title": "Fight — Beit Furik, West Bank (general), West Bank", "description": "", "fatalities": null, "actors": ["COLONIST"], "country": "WE", "links": ["https://www.wafa.ps/news/2026/9/28/%D8%A8%D9%8A%D8%AA-%D9%81%D9%88%D8%B1%D9%8A%D9%83-%D9%88%D8%A7%D9%84%D8%A3%D8%B7%D9%88%D8%A7%D9%82-%D8%A7%D9%84%D8%AB%D9%84%D8%A7%D8%AB%D8%A9-154831"], "confidence": 0.5, "tone": -6.53153153153153, "goldstein": -10.0, "mentions": 4}}, {"type": "Feature", "geometry": {"type": "Point", "coordinates": [35.3957, 32.1526]}, "properties": {"id": "gdelt-1325241220", "source": "gdelt", "event_type": "Fight", "sub_type": "CAMEO 190", "date": "2026-09-28", "title": "Fight — Khirbat Tana, West Bank (general), West Bank", "description": "", "fatalities": null, "actors": ["COLONIST"], "country": "WE", "links": ["https://www.wafa.ps/news/2026/9/28/%D8%A8%D9%8A%D8%AA-%D9%81%D9%88%D8%B1%D9%8A%D9%83-%D9%88%D8%A7%D9%84%D8%A3%D8%B7%D9%88%D8%A7%D9%82-%D8%A7%D9%84%D8%AB%D9%84%D8%A7%D8%AB%D8%A9-154831"], "confidence": 0.6000000000000001, "tone": -6.53153153153153, "goldstein": -10.0, "mentions": 6}}, {"type": "Feature", "geometry": {"type": "Point", "coordinates": [22.0, 41.833333]}, "properties": {"id": "gdelt-1325241221", "source": "gdelt", "event_type": "Fight", "sub_type": "CAMEO 190", "date": "2026-09-28", "title": "Fight — Macedonia", "description": "", "fatalities": null, "actors": ["VILLAGE"], "country": "MK", "links": ["https://zeri.info/aktuale/638899/nis-me-nje-ore-vonese-seanca-ndaj-21-te-akuzuarve-per-debimin-e-shqiptareve/"], "confidence": 0.8, "tone": -9.63455149501663, "goldstein": -10.0, "mentions": 10}}, {"type": "Feature", "geometry": {"type": "Point", "coordinates": [106.829, -6.17444]}, "properties": {"id": "gdelt-1325241222", "source": "gdelt", "event_type": "Fight", "sub_type": "CAMEO 193", "date": "2026-09-28", "title": "Fight — Jakarta, Jakarta Raya, Indonesia", "description": "", "fatalities": null, "actors": ["RESIDENTS"], "country": "ID", "links": ["https://news.republika.co.id/berita/tm2iqy393/dpd-minta-pemerintah-umumkan-status-keamanan-papua"], "confidence": 0.8, "tone": -2.10843373493975, "goldstein": -10.0, "mentions": 10}}, {"type": "Feature", "geometry": {"type": "Point", "coordinates": [42.0, 44.0]}, "properties": {"id": "gdelt-1325241234", "source": "gdelt", "event_type": "Coerce", "sub_type": "CAMEO 173", "date": "2026-09-28", "title": "Coerce — Karachay-Cherkessia, Karachayevo-Cherkesiya, Russia", "description": "", "fatalities": null, "actors": ["RESIDENTS", "RUSSIAN FEDERATION"], "country": "RS", "links": ["https://ria.ru/20260928/kchr-2120679250.html"], "confidence": 0.9, "tone": -9.50226244343887, "goldstein": -5.0, "mentions": 22}}, {"type": "Feature", "geometry": {"type": "Point", "coordinates": [30.5167, 50.4333]}, "properties": {"id": "gdelt-1325241236", "source": "gdelt", "event_type": "Assault", "sub_type": "CAMEO 182", "date": "2026-09-28", "title": "Assault — Kiev, Ukraine (general), Ukraine", "description": "", "fatalities": null, "actors": ["VILLAGE", "KIEV"], "country": "UP", "links": ["https://zhasalash.kz/news/resey-harkov-pen-kievke-soqqy-zhasady-keminde-29-adam-zardap-shekti/"], "confidence": 0.8, "tone": -6.7193675889328, "goldstein": -9.5, "mentions": 10}}, {"type": "Feature", "geometry": {"type": "Point", "coordinates": [13.4, 52.5167]}, "properties": {"id": "gdelt-1325241246", "source": "gdelt", "event_type": "Coerce", "sub_type": "CAMEO 172", "date": "2026-09-28", "title": "Coerce — Berlin, Berlin, Germany", "description": "", "fatalities": null, "actors": ["GERMANY", "ENTREPRENEUR"], "country": "GM", "links": ["https://vz.ru/news/2026/9/28/1456083.html"], "confidence": 0.5, "tone": -0.76923076923077, "goldstein": -5.0, "mentions": 4}}, {"type": "Feature", "geometry": {"type": "Point", "coordinates": [19.0, 15.0]}, "properties": {"id": "gdelt-1325241252", "source": "gdelt", "event_type": "Protest", "sub_type": "CAMEO 141", "date": "2026-09-28", "title": "Protest — Chad", "description": "", "fatalities": null, "actors": ["GERMANY", "CONGRESS"], "country": "CD", "links": ["https://ria.ru/20260928/ukraina-2120680262.html"], "confidence": 0.8, "tone": -3.75586854460094, "goldstein": -6.5, "mentions": 10}}, {"type": "Feature", "geometry": {"type": "Point", "coordinates": [-77.5, -2.0]}, "properties": {"id": "gdelt-1325241266", "source": "gdelt", "event_type": "Coerce", "sub_type": "CAMEO 172", "date": "2026-09-28", "title": "Coerce — Ecuador", "description": "", "fatalities": null, "actors": ["ECUADOR"], "country": "EC", "links": ["https://laopinion.co:443/economia/desde-cucuta-fedearroz-pide-dangond-que-los-mire-con-carino-y-amor-para-juntos-impulsar-el"], "confidence": 0.8, "tone": 1.30548302872062, "goldstein": -5.0, "mentions": 10}}, {"type": "Feature", "geometry": {"type": "Point", "coordinates": [34.75, 31.5]}, "properties": {"id": "gdelt-1325241280", "source": "gdelt", "event_type": "Assault", "sub_type": "CAMEO 180", "date": "2026-09-28", "title": "Assault — Israel", "description": "", "fatalities": null, "actors": ["EGYPT"], "country": "IS", "links": ["https://www.dnews.gr/eidhseis/kosmos/612934/wsj-i-aigyptos-eixe-proeidopoiisei-ton-netaniaxou-gia-epikeimeni-epithesi-prin-apo-tin-7i-oktovriou-nees-apokalypseis-kai-orgi-sto-tel-aviv"], "confidence": 0.6000000000000001, "tone": -6.19539316918189, "goldstein": -9.0, "mentions": 6}}, {"type": "Feature", "geometry": {"type": "Point", "coordinates": [12.833333, 42.833333]}, "properties": {"id": "gdelt-1325241294", "source": "gdelt", "event_type": "Coerce", "sub_type": "CAMEO 173", "date": "2026-09-28", "title": "Coerce — Italy", "description": "", "fatalities": null, "actors": ["ACTOR"], "country": "IT", "links": ["https://www.902.gr/eidisi/ergatiki-taxi/429516/i-apergia-ton-limenergaton-stis-30-oktovri-na-ginei-ypothesi-oloy-toy"], "confidence": 0.8, "tone": -3.04182509505703, "goldstein": -5.0, "mentions": 10}}, {"type": "Feature", "geometry": {"type": "Point", "coordinates": [-3.68333, 40.4]}, "properties": {"id": "gdelt-1325241301", "source": "gdelt", "event_type": "Protest", "sub_type": "CAMEO 140", "date": "2026-09-28", "title": "Protest — Madrid, Madrid, Spain", "description": "", "fatalities": null, "actors": ["MADRID"], "country": "SP", "links": ["https://www.correiobraziliense.com.br/mundo/2026/09/7509565-os-protestos-em-massa-em-madri-provocados-por-despejo-de-idosa-de-87-anos-de-apartamento-alugado.html"], "confidence": 0.8, "tone": -2.13483146067416, "goldstein": -6.5, "mentions": 10}}, {"type": "Feature", "geometry": {"type": "Point", "coordinates": [2.0, 46.0]}, "properties": {"id": "gdelt-1325241338", "source": "gdelt", "event_type": "Protest", "sub_type": "CAMEO 141", "date": "2026-09-28", "title": "Protest — France", "description": "", "fatalities": null, "actors": ["FRENCH"], "country": "FR", "links": ["https://vz.ru/news/2026/9/28/1456067.html"], "confidence": 0.8, "tone": -4.97237569060773, "goldstein": -6.5, "mentions": 10}}, {"type": "Feature", "geometry": {"type": "Point", "coordinates": [2.0, 46.0]}, "properties": {"id": "gdelt-1325241339", "source": "gdelt", "event_type": "Coerce", "sub_type": "CAMEO 172", "date": "2026-09-28", "title": "Coerce — France", "description": "", "fatalities": null, "actors": ["FRANCE", "CANADA"], "country": "FR", "links": ["https://www.dw.com/mk/izrael-im-go-odzede-diplomatskiot-status-na-holandskite-diplomati-vo-ramala-po-zabranata-za-uvoz-na-stoki-od-naselbite/a-79455934"], "confidence": 0.8, "tone": -3.57142857142857, "goldstein": -5.0, "mentions": 10}}, {"type": "Feature", "geometry": {"type": "Point", "coordinates": [7.1, 50.7333]}, "properties": {"id": "gdelt-1325241352", "source": "gdelt", "event_type": "Coerce", "sub_type": "CAMEO 172", "date": "2026-09-28", "title": "Coerce — Bonn, Nordrhein-Westfalen, Germany", "description": "", "fatalities": null, "actors": ["WEST GERMANY", "RUSSIAN"], "country": "GM", "links": ["https://www.vesti.ru/ns/specsluzhby-germanii-usilili-slezhku-za-posolstvom-rossii-v-berline"], "confidence": 0.8, "tone": -2.82485875706215, "goldstein": -5.0, "mentions": 10}}, {"type": "Feature", "geometry": {"type": "Point", "coordinates": [20.4681, 44.8186]}, "properties": {"id": "gdelt-1325241404", "source": "gdelt", "event_type": "Coerce", "sub_type": "CAMEO 1711", "date": "2026-09-28", "title": "Coerce — Belgrade, Serbia (general),", "description": "", "fatalities": null, "actors": ["EMBASSY"], "country": "RB", "links": ["https://naslovi.net/2026-09-28/danas/nova-ambasada-sad-oduzela-automobile-koje-je-donirala-vjt-u-beogradu/42416430"], "confidence": 0.9, "tone": -4.91803278688525, "goldstein": -9.2, "mentions": 20}}, {"type": "Feature", "geometry": {"type": "Point", "coordinates": [21.0, 44.0]}, "properties": {"id": "gdelt-1325241405", "source": "gdelt", "event_type": "Coerce", "sub_type": "CAMEO 1711", "date": "2026-09-28", "title": "Coerce — Serbia", "description": "", "fatalities": null, "actors": ["EMBASSY"], "country": "RI", "links": ["https://naslovi.net/2026-09-28/danas/nova-ambasada-sad-oduzela-automobile-koje-je-donirala-vjt-u-beogradu/42416430"], "confidence": 0.9, "tone": -4.91803278688525, "goldstein": -9.2, "mentions": 20}}, {"type": "Feature", "geometry": {"type": "Point", "coordinates": [37.6156, 55.7522]}, "properties": {"id": "gdelt-1325241406", "source": "gdelt", "event_type": "Coerce", "sub_type": "CAMEO 172", "date": "2026-09-28", "title": "Coerce — Moscow, Moskva, Russia", "description": "", "fatalities": null, "actors": ["AUTHORITIES"], "country": "RS", "links": ["https://www.dw.com/sr/sve-vi%C5%A1e-ruskih-porodica-putuje-u-brazil-radi-poro%C4%91aja-a-brazilski-paso%C5%A1-vide-kao-ulaznicu-za-lak%C5%A1e-putovanje-i-%C5%BEivot-u-svetu/a-79308902"], "confidence": 0.8, "tone": -0.32786885245902, "goldstein": -5.0, "mentions": 10}}, {"type": "Feature", "geometry": {"type": "Point", "coordinates": [-68.0039, 10.1806]}, "properties": {"id": "gdelt-1325241407", "source": "gdelt", "event_type": "Coerce", "sub_type": "CAMEO 172", "date": "2026-09-28", "title": "Coerce — Valencia, Carabobo, Venezuela", "description": "", "fatalities": null, "actors": ["REGIME"], "country": "VE", "links": ["https://www.bumm.sk/2026/09/28/machado-hazatereset-es-uj-valasztast-kovetelnek-venezuelaban"], "confidence": 0.6000000000000001, "tone": -5.32544378698225, "goldstein": -5.0, "mentions": 6}}, {"type": "Feature", "geometry": {"type": "Point", "coordinates": [34.75, 31.5]}, "properties": {"id": "gdelt-1325241408", "source": "gdelt", "event_type": "Assault", "sub_type": "CAMEO 180", "date": "2026-09-28", "title": "Assault — Israel", "description": "", "fatalities": null, "actors": ["GOVERNMENT"], "country": "IS", "links": ["https://www.dnews.gr/eidhseis/kosmos/612934/wsj-i-aigyptos-eixe-proeidopoiisei-ton-netaniaxou-gia-epikeimeni-epithesi-prin-apo-tin-7i-oktovriou-nees-apokalypseis-kai-orgi-sto-tel-aviv"], "confidence": 0.6000000000000001, "tone": -6.19539316918189, "goldstein": -9.0, "mentions": 6}}, {"type": "Feature", "geometry": {"type": "Point", "coordinates": [-50.1548, -25.6778]}, "properties": {"id": "gdelt-1325241409", "source": "gdelt", "event_type": "Assault", "sub_type": "CAMEO 1821", "date": "2026-09-28", "title": "Assault — Palmyra, ParanáR, Brazil", "description": "", "fatalities": null, "actors": ["ADMINISTRATION"], "country": "BR", "links": ["https://www.elpais.com.uy/maritimas/movilizaron-8-000-contenedores-menos-en-los-primeros-ocho-meses-del-ano-por-los-paros-en-el-puerto"], "confidence": 0.4, "tone": -2.81553398058252, "goldstein": -9.0, "mentions": 2}}, {"type": "Feature", "geometry": {"type": "Point", "coordinates": [-76.0833, 2.8]}, "properties": {"id": "gdelt-1325241410", "source": "gdelt", "event_type": "Fight", "sub_type": "CAMEO 190", "date": "2026-09-28", "title": "Fight — Huila, Departamento del Cauca, Colombia", "description": "", "fatalities": null, "actors": ["AUTHORITIES"], "country": "CO", "links": ["https://www.andaluciainformacion.es/articulo/mundo/abatido-operacion-militar-alias-robinson-gutierrez-implicado-magnicidio-miguel-uribe/202609281120483490169.html"], "confidence": 0.6000000000000001, "tone": -6.34005763688761, "goldstein": -10.0, "mentions": 6}}, {"type": "Feature", "geometry": {"type": "Point", "coordinates": [-50.1548, -25.6778]}, "properties": {"id": "gdelt-1325241415", "source": "gdelt", "event_type": "Assault", "sub_type": "CAMEO 1821", "date": "2026-09-28", "title": "Assault — Palmyra, ParanáR, Brazil", "description": "", "fatalities": null, "actors": ["ADMINISTRATION", "BRAZIL"], "country": "BR", "links": ["https://www.elpais.com.uy/maritimas/movilizaron-8-000-contenedores-menos-en-los-primeros-ocho-meses-del-ano-por-los-paros-en-el-puerto"], "confidence": 0.6000000000000001, "tone": -2.81553398058252, "goldstein": -9.0, "mentions": 6}}, {"type": "Feature", "geometry": {"type": "Point", "coordinates": [-77.4167, 1.43333]}, "properties": {"id": "gdelt-1325241424", "source": "gdelt", "event_type": "Fight", "sub_type": "CAMEO 190", "date": "2026-09-28", "title": "Fight — Espriella, NariñO, Colombia", "description": "", "fatalities": null, "actors": ["AUTHORITIES", "COLOMBIA"], "country": "CO", "links": ["https://www.andaluciainformacion.es/articulo/mundo/abatido-operacion-militar-alias-robinson-gutierrez-implicado-magnicidio-miguel-uribe/202609281120483490169.html"], "confidence": 0.5, "tone": -6.34005763688761, "goldstein": -10.0, "mentions": 4}}, {"type": "Feature", "geometry": {"type": "Point", "coordinates": [20.0, 52.0]}, "properties": {"id": "gdelt-1325241466", "source": "gdelt", "event_type": "Fight", "sub_type": "CAMEO 193", "date": "2026-09-28", "title": "Fight — Poland", "description": "", "fatalities": null, "actors": ["MINISTRY", "POLISH"], "country": "PL", "links": ["https://news.liga.net/world/news/v-polshe-izmenyat-protseduru-otkrytiya-ognya-po-obektam-narushayushtim-vozdushnoe-prostranstvo"], "confidence": 0.8, "tone": -4.59770114942529, "goldstein": -10.0, "mentions": 10}}, {"type": "Feature", "geometry": {"type": "Point", "coordinates": [-4.0, 40.0]}, "properties": {"id": "gdelt-1325241493", "source": "gdelt", "event_type": "Assault", "sub_type": "CAMEO 180", "date": "2026-09-28", "title": "Assault — Spain", "description": "", "fatalities": null, "actors": ["MINISTRY", "SWEDEN"], "country": "SP", "links": ["https://www.hispanidad.com/exclusivas-de-la-prensa-de-hoy/delcy-recibio-informacion-privilegiada-gobierno-sanchez-su-amigo-zapatero-relacion-z-con-1-es-mucho-mejor-antes_20000557_102.html"], "confidence": 0.4, "tone": -2.94406280667321, "goldstein": -9.0, "mentions": 2}}, {"type": "Feature", "geometry": {"type": "Point", "coordinates": [15.0, 62.0]}, "properties": {"id": "gdelt-1325241494", "source": "gdelt", "event_type": "Assault", "sub_type": "CAMEO 180", "date": "2026-09-28", "title": "Assault — Sweden", "description": "", "fatalities": null, "actors": ["MINISTRY", "SWEDEN"], "country": "SW", "links": ["https://www.hispanidad.com/exclusivas-de-la-prensa-de-hoy/delcy-recibio-informacion-privilegiada-gobierno-sanchez-su-amigo-zapatero-relacion-z-con-1-es-mucho-mejor-antes_20000557_102.html"], "confidence": 0.6000000000000001, "tone": -2.94406280667321, "goldstein": -9.0, "mentions": 6}}, {"type": "Feature", "geometry": {"type": "Point", "coordinates": [25.0, 46.0]}, "properties": {"id": "gdelt-1325241498", "source": "gdelt", "event_type": "Fight", "sub_type": "CAMEO 190", "date": "2026-09-28", "title": "Fight — Romania", "description": "", "fatalities": null, "actors": ["MINISTRY", "UKRAINIAN"], "country": "RO", "links": ["https://www.andaluciainformacion.es/articulo/mundo/incursion-aerea-ucrania-activa-dos-cazas-ejercito-rumano/202609281128253490201.html"], "confidence": 0.8, "tone": -4.57746478873239, "goldstein": -10.0, "mentions": 10}}, {"type": "Feature", "geometry": {"type": "Point", "coordinates": [22.0, 39.0]}, "properties": {"id": "gdelt-1325241510", "source": "gdelt", "event_type": "Assault", "sub_type": "CAMEO 180", "date": "2026-09-28", "title": "Assault — Greece", "description": "", "fatalities": null, "actors": ["GREECE"], "country": "GR", "links": ["https://www.902.gr/eidisi/politiki/429515/ti-ora-einai"], "confidence": 0.8, "tone": -2.53025302530253, "goldstein": -9.0, "mentions": 10}}, {"type": "Feature", "geometry": {"type": "Point", "coordinates": [15.5, 45.166667]}, "properties": {"id": "gdelt-1325241519", "source": "gdelt", "event_type": "Fight", "sub_type": "CAMEO 190", "date": "2026-09-28", "title": "Fight — Croatia", "description": "", "fatalities": null, "actors": ["DOCTOR"], "country": "HR", "links": ["https://www.vecernji.hr/lifestyle/lijecnici-upozoravaju-na-jednu-stvar-koju-nikada-ne-biste-smjeli-napraviti-na-hitnoj-mozete-ugroziti-zivote-1999147"], "confidence": 0.8, "tone": -6.42434488588334, "goldstein": -10.0, "mentions": 10}}, {"type": "Feature", "geometry": {"type": "Point", "coordinates": [30.5167, 50.4333]}, "properties": {"id": "gdelt-1325241524", "source": "gdelt", "event_type": "Assault", "sub_type": "CAMEO 182", "date": "2026-09-28", "title": "Assault — Kiev, Ukraine (general), Ukraine", "description": "", "fatalities": null, "actors": ["HOSPITAL", "UKRAINE"], "country": "UP", "links": ["https://www.aljazeera.net/news/2026/9/28/%D8%A3%D9%88%D9%83%D8%B1%D8%A7%D9%86%D9%8A%D8%A7-160"], "confidence": 0.5, "tone": -6.81818181818182, "goldstein": -9.5, "mentions": 4}}, {"type": "Feature", "geometry": {"type": "Point", "coordinates": [30.5167, 50.4333]}, "properties": {"id": "gdelt-1325241525", "source": "gdelt", "event_type": "Assault", "sub_type": "CAMEO 182", "date": "2026-09-28", "title": "Assault — Kiev, Ukraine (general), Ukraine", "description": "", "fatalities": null, "actors": ["HOSPITAL", "KIEV"], "country": "UP", "links": ["https://www.aljazeera.net/news/2026/9/28/%D8%A3%D9%88%D9%83%D8%B1%D8%A7%D9%86%D9%8A%D8%A7-160"], "confidence": 0.6000000000000001, "tone": -6.81818181818182, "goldstein": -9.5, "mentions": 6}}, {"type": "Feature", "geometry": {"type": "Point", "coordinates": [30.5167, 50.4333]}, "properties": {"id": "gdelt-1325241541", "source": "gdelt", "event_type": "Fight", "sub_type": "CAMEO 194", "date": "2026-09-28", "title": "Fight — Kiev, Ukraine (general), Ukraine", "description": "", "fatalities": null, "actors": ["EUROPEAN UNION", "UKRAINE"], "country": "UP", "links": ["https://news.liga.net/war/news/kallas-prizvala-strany-es-peredat-ukraine-rakety-k-patriot-iz-sobstvennyh-arsenalov"], "confidence": 0.8, "tone": -0.41322314049587, "goldstein": -10.0, "mentions": 10}}, {"type": "Feature", "geometry": {"type": "Point", "coordinates": [37.6156, 55.7522]}, "properties": {"id": "gdelt-1325241548", "source": "gdelt", "event_type": "Fight", "sub_type": "CAMEO 190", "date": "2026-09-28", "title": "Fight — Kremlin, Moskva, Russia", "description": "", "fatalities": null, "actors": ["NATO", "RUSSIA"], "country": "RS", "links": ["https://top-channel.tv/2026/09/28/rreziku-po-rritet-inteligjenca-daneze-paralajmeron-rusia-do-te-sulmoje-nato-n-sepse-eshte-e-deshperuar/"], "confidence": 0.9, "tone": -6.5101673942988, "goldstein": -10.0, "mentions": 20}}, {"type": "Feature", "geometry": {"type": "Point", "coordinates": [10.5, 51.5]}, "properties": {"id": "gdelt-1325241552", "source": "gdelt", "event_type": "Protest", "sub_type": "CAMEO 145", "date": "2026-09-28", "title": "Protest — Germany", "description": "", "fatalities": null, "actors": ["IRELAND", "FRANCE"], "country": "GM", "links": ["https://www.hna.de/welt/warum-die-wikinger-noch-blutruenstiger-waren-als-wir-dachten-zr-94513741.html"], "confidence": 0.9, "tone": -2.88184633660006, "goldstein": -7.5, "mentions": 50}}, {"type": "Feature", "geometry": {"type": "Point", "coordinates": [32.8644, 39.9272]}, "properties": {"id": "gdelt-1325241565", "source": "gdelt", "event_type": "Fight", "sub_type": "CAMEO 193", "date": "2026-09-28", "title": "Fight — Ankara, Ankara, Turkey", "description": "", "fatalities": null, "actors": ["ISRAEL"], "country": "TU", "links": ["https://musavat.com/news/biz-istesek-bele-israil-son-deqiqe-aciqlamasi_1292356.html"], "confidence": 0.8, "tone": -1.76211453744493, "goldstein": -10.0, "mentions": 10}}, {"type": "Feature", "geometry": {"type": "Point", "coordinates": [35.2333, 31.7667]}, "properties": {"id": "gdelt-1325241566", "source": "gdelt", "event_type": "Mass violence", "sub_type": "CAMEO 203", "date": "2026-09-28", "title": "Mass violence — Jerusalem, Israel (general), Israel", "description": "", "fatalities": null, "actors": ["ISRAEL"], "country": "IS", "links": ["https://alanbatnews.net/article/483946"], "confidence": 0.5, "tone": -1.61166538756715, "goldstein": -10.0, "mentions": 4}}, {"type": "Feature", "geometry": {"type": "Point", "coordinates": [34.75, 31.5]}, "properties": {"id": "gdelt-1325241570", "source": "gdelt", "event_type": "Assault", "sub_type": "CAMEO 180", "date": "2026-09-28", "title": "Assault — Israel", "description": "", "fatalities": null, "actors": ["ISRAEL", "GOVERNMENT"], "country": "IS", "links": ["https://www.dnews.gr/eidhseis/kosmos/612934/wsj-i-aigyptos-eixe-proeidopoiisei-ton-netaniaxou-gia-epikeimeni-epithesi-prin-apo-tin-7i-oktovriou-nees-apokalypseis-kai-orgi-sto-tel-aviv"], "confidence": 0.5, "tone": -6.19539316918189, "goldstein": -9.0, "mentions": 4}}, {"type": "Feature", "geometry": {"type": "Point", "coordinates": [34.75, 31.5]}, "properties": {"id": "gdelt-1325241573", "source": "gdelt", "event_type": "Coerce", "sub_type": "CAMEO 173", "date": "2026-09-28", "title": "Coerce — Israel", "description": "", "fatalities": null, "actors": ["ISRAEL", "ISRAEL"], "country": "IS", "links": ["https://www.dnews.gr/eidhseis/politikes-eidhseis/612937/ypoklopes-minysi-koyloglou-gia-to-pegasus-pagidefsan-to-tilefono-mou-dyo-fores"], "confidence": 0.5, "tone": -2.71055179090029, "goldstein": -5.0, "mentions": 4}}, {"type": "Feature", "geometry": {"type": "Point", "coordinates": [35.2333, 31.7667]}, "properties": {"id": "gdelt-1325241575", "source": "gdelt", "event_type": "Coerce", "sub_type": "CAMEO 172", "date": "2026-09-28", "title": "Coerce — Jerusalem, Israel (general), Israel", "description": "", "fatalities": null, "actors": ["ISRAEL", "DUTCH"], "country": "IS", "links": ["https://www.dw.com/mk/izrael-im-go-odzede-diplomatskiot-status-na-holandskite-diplomati-vo-ramala-po-zabranata-za-uvoz-na-stoki-od-naselbite/a-79455934"], "confidence": 0.5, "tone": -3.57142857142857, "goldstein": -5.0, "mentions": 4}}, {"type": "Feature", "geometry": {"type": "Point", "coordinates": [35.2333, 31.7667]}, "properties": {"id": "gdelt-1325241576", "source": "gdelt", "event_type": "Coerce", "sub_type": "CAMEO 172", "date": "2026-09-28", "title": "Coerce — Jerusalem, Israel (general), Israel", "description": "", "fatalities": null, "actors": ["ISRAEL", "DUTCH"], "country": "IS", "links": ["https://www.dw.com/mk/izrael-im-go-odzede-diplomatskiot-status-na-holandskite-diplomati-vo-ramala-po-zabranata-za-uvoz-na-stoki-od-naselbite/a-79455934"], "confidence": 0.6000000000000001, "tone": -3.57142857142857, "goldstein": -5.0, "mentions": 6}}, {"type": "Feature", "geometry": {"type": "Point", "coordinates": [34.3333, 31.4167]}, "properties": {"id": "gdelt-1325241577", "source": "gdelt", "event_type": "Force posture", "sub_type": "CAMEO 150", "date": "2026-09-28", "title": "Force posture — Gaza, Israel (general), Israel", "description": "", "fatalities": null, "actors": ["ISRAELI", "GAZA"], "country": "IS", "links": ["https://www.aljazeera.net/news/2026/9/28/%D8%AF%D9%85%D8%B1-%D9%85%D9%86%D8%A7%D8%B2%D9%84-%D9%81%D9%8A-%D8%BA%D8%B2%D8%A9-%D8%B4%D9%83%D9%88%D9%89-%D9%81%D9%8A-%D9%81%D9%8A%D8%AA%D9%86%D8%A7%D9%85-%D8%B6%D8%AF-%D8%AC%D9%86%D8%AF%D9%8A"], "confidence": 0.6000000000000001, "tone": -9.47712418300654, "goldstein": -7.2, "mentions": 6}}, {"type": "Feature", "geometry": {"type": "Point", "coordinates": [34.373398, 31.425074]}, "properties": {"id": "gdelt-1325241578", "source": "gdelt", "event_type": "Force posture", "sub_type": "CAMEO 150", "date": "2026-09-28", "title": "Force posture — Gaza Strip", "description": "", "fatalities": null, "actors": ["ISRAELI", "GAZA"], "country": "GZ", "links": ["https://www.aljazeera.net/news/2026/9/28/%D8%AF%D9%85%D8%B1-%D9%85%D9%86%D8%A7%D8%B2%D9%84-%D9%81%D9%8A-%D8%BA%D8%B2%D8%A9-%D8%B4%D9%83%D9%88%D9%89-%D9%81%D9%8A-%D9%81%D9%8A%D8%AA%D9%86%D8%A7%D9%85-%D8%B6%D8%AF-%D8%AC%D9%86%D8%AF%D9%8A"], "confidence": 0.4, "tone": -9.47712418300654, "goldstein": -7.2, "mentions": 2}}, {"type": "Feature", "geometry": {"type": "Point", "coordinates": [12.3667, 43.1333]}, "properties": {"id": "gdelt-1325241590", "source": "gdelt", "event_type": "Fight", "sub_type": "CAMEO 190", "date": "2026-09-28", "title": "Fight — Perugia, Umbria, Italy", "description": "", "fatalities": null, "actors": ["ITALY"], "country": "IT", "links": ["https://www.zazoom.it/2026-09-28/siamo-sopravvissuti-insieme-a-un-incubo-amanda-knox-racconta-a-verissimo-il-legame-con-sollecito/19732366/"], "confidence": 0.8, "tone": -2.86458333333334, "goldstein": -10.0, "mentions": 10}}, {"type": "Feature", "geometry": {"type": "Point", "coordinates": [138.0, 36.0]}, "properties": {"id": "gdelt-1325241631", "source": "gdelt", "event_type": "Fight", "sub_type": "CAMEO 193", "date": "2026-09-28", "title": "Fight — Japan", "description": "", "fatalities": null, "actors": ["SEOUL"], "country": "JA", "links": ["https://www.newsway.co.kr/news/view?ud=2026092816551095461"], "confidence": 0.8, "tone": 1.66666666666667, "goldstein": -10.0, "mentions": 10}}, {"type": "Feature", "geometry": {"type": "Point", "coordinates": [105.0, 35.0]}, "properties": {"id": "gdelt-1325241658", "source": "gdelt", "event_type": "Coerce", "sub_type": "CAMEO 1723", "date": "2026-09-28", "title": "Coerce — China", "description": "", "fatalities": null, "actors": ["EMPLOYEE"], "country": "CH", "links": ["https://www.ahaber.com.tr/gundem/2026/09/28/kapalicarsida-akilalmaz-soygun-milyonlari-caldi-esini-kandirmak-icin-soyledigi-ise-pes-artik-dedirtti"], "confidence": 0.8, "tone": -3.57142857142857, "goldstein": -5.0, "mentions": 10}}, {"type": "Feature", "geometry": {"type": "Point", "coordinates": [-79.5, 22.0]}, "properties": {"id": "gdelt-1325241677", "source": "gdelt", "event_type": "Assault", "sub_type": "CAMEO 186", "date": "2026-09-28", "title": "Assault — Cuba", "description": "", "fatalities": null, "actors": ["HOUSE OF REPRESENTATIVES"], "country": "CU", "links": ["https://arabic.rt.com/world/1837609-%D8%AC%D9%88%D9%86-%D9%83%D9%8A%D9%86%D9%8A%D8%AF%D9%8A-%D9%88%D9%84%D8%BA%D8%B2-%D8%A7%D9%84%D8%B1%D8%B5%D8%A7%D8%B5%D8%A9-%D8%A7%D9%84%D8%B3%D8%AD%D8%B1%D9%8A%D8%A9/"], "confidence": 0.8, "tone": -3.42323651452282, "goldstein": -10.0, "mentions": 10}}, {"type": "Feature", "geometry": {"type": "Point", "coordinates": [53.0, 32.0]}, "properties": {"id": "gdelt-1325241685", "source": "gdelt", "event_type": "Fight", "sub_type": "CAMEO 190", "date": "2026-09-28", "title": "Fight — Iran", "description": "", "fatalities": null, "actors": ["CONGRESS", "MILITARY"], "country": "IR", "links": ["https://vz.ru/news/2026/9/28/1456081.html"], "confidence": 0.8, "tone": -4.4776119402985, "goldstein": -10.0, "mentions": 10}}, {"type": "Feature", "geometry": {"type": "Point", "coordinates": [34.75, 31.5]}, "properties": {"id": "gdelt-1325241737", "source": "gdelt", "event_type": "Force posture", "sub_type": "CAMEO 154", "date": "2026-09-28", "title": "Force posture — Israel", "description": "", "fatalities": null, "actors": ["MILITARY"], "country": "IS", "links": ["https://www.dnews.gr/eidhseis/kosmos/612934/wsj-i-aigyptos-eixe-proeidopoiisei-ton-netaniaxou-gia-epikeimeni-epithesi-prin-apo-tin-7i-oktovriou-nees-apokalypseis-kai-orgi-sto-tel-aviv"], "confidence": 0.8, "tone": -6.19539316918189, "goldstein": -7.2, "mentions": 10}}, {"type": "Feature", "geometry": {"type": "Point", "coordinates": [37.5998, 49.7209]}, "properties": {"id": "gdelt-1325241750", "source": "gdelt", "event_type": "Fight", "sub_type": "CAMEO 190", "date": "2026-09-28", "title": "Fight — Kupyansk, Kharkivs'ka Oblast', Ukraine", "description": "", "fatalities": null, "actors": ["COMMANDER", "KHARKIV"], "country": "UP", "links": ["https://vn.20minut.ua/lyudi/vid-soldata-do-komandira-droniv-vinnitsya-proschaetsya-z-oleksandrom-d-12008507.html"], "confidence": 0.5, "tone": 0.88757396449704, "goldstein": -10.0, "mentions": 4}}, {"type": "Feature", "geometry": {"type": "Point", "coordinates": [28.0809, 49.3251]}, "properties": {"id": "gdelt-1325241751", "source": "gdelt", "event_type": "Fight", "sub_type": "CAMEO 190", "date": "2026-09-28", "title": "Fight — Lityn, Vinnyts'ka Oblast', Ukraine", "description": "", "fatalities": null, "actors": ["COMMANDER", "KHARKIV"], "country": "UP", "links": ["https://vn.20minut.ua/lyudi/vid-soldata-do-komandira-droniv-vinnitsya-proschaetsya-z-oleksandrom-d-12008507.html"], "confidence": 0.6000000000000001, "tone": 0.88757396449704, "goldstein": -10.0, "mentions": 6}}, {"type": "Feature", "geometry": {"type": "Point", "coordinates": [127.0, 37.5664]}, "properties": {"id": "gdelt-1325241757", "source": "gdelt", "event_type": "Fight", "sub_type": "CAMEO 193", "date": "2026-09-28", "title": "Fight — Seoul, Soul-t'ukpyolsi, South Korea", "description": "", "fatalities": null, "actors": ["DAEWOO"], "country": "KS", "links": ["https://www.newsway.co.kr/news/view?ud=2026092816020351548"], "confidence": 0.8, "tone": 3.29949238578681, "goldstein": -10.0, "mentions": 10}}, {"type": "Feature", "geometry": {"type": "Point", "coordinates": [35.2333, 31.7667]}, "properties": {"id": "gdelt-1325241763", "source": "gdelt", "event_type": "Coerce", "sub_type": "CAMEO 172", "date": "2026-09-28", "title": "Coerce — Jerusalem, Israel (general), Israel", "description": "", "fatalities": null, "actors": ["DUTCH"], "country": "IS", "links": ["https://www.dw.com/mk/izrael-im-go-odzede-diplomatskiot-status-na-holandskite-diplomati-vo-ramala-po-zabranata-za-uvoz-na-stoki-od-naselbite/a-79455934"], "confidence": 0.7, "tone": -3.57142857142857, "goldstein": -5.0, "mentions": 8}}, {"type": "Feature", "geometry": {"type": "Point", "coordinates": [35.2333, 31.7667]}, "properties": {"id": "gdelt-1325241764", "source": "gdelt", "event_type": "Coerce", "sub_type": "CAMEO 172", "date": "2026-09-28", "title": "Coerce — Jerusalem, Israel (general), Israel", "description": "", "fatalities": null, "actors": ["NETHERLANDS"], "country": "IS", "links": ["https://www.dw.com/mk/izrael-im-go-odzede-diplomatskiot-status-na-holandskite-diplomati-vo-ramala-po-zabranata-za-uvoz-na-stoki-od-naselbite/a-79455934"], "confidence": 0.4, "tone": -3.57142857142857, "goldstein": -5.0, "mentions": 2}}, {"type": "Feature", "geometry": {"type": "Point", "coordinates": [82.4167, 29.5]}, "properties": {"id": "gdelt-1325241766", "source": "gdelt", "event_type": "Protest", "sub_type": "CAMEO 144", "date": "2026-09-28", "title": "Protest — Karnali, Karnali, Nepal", "description": "", "fatalities": null, "actors": ["KARNALI", "CITIZEN"], "country": "NP", "links": ["https://ehimalayatimes.com/2026/09/485949/"], "confidence": 0.8, "tone": -6.41711229946524, "goldstein": -7.5, "mentions": 10}}, {"type": "Feature", "geometry": {"type": "Point", "coordinates": [20.511, 54.7065]}, "properties": {"id": "gdelt-1325241779", "source": "gdelt", "event_type": "Fight", "sub_type": "CAMEO 193", "date": "2026-09-28", "title": "Fight — Kaliningrad, Kaliningradskaya Oblast', Russia", "description": "", "fatalities": null, "actors": ["POLAND"], "country": "RS", "links": ["https://news.liga.net/world/news/v-polshe-izmenyat-protseduru-otkrytiya-ognya-po-obektam-narushayushtim-vozdushnoe-prostranstvo"], "confidence": 0.8, "tone": -4.59770114942529, "goldstein": -10.0, "mentions": 10}}, {"type": "Feature", "geometry": {"type": "Point", "coordinates": [35.2333, 31.7667]}, "properties": {"id": "gdelt-1325241788", "source": "gdelt", "event_type": "Mass violence", "sub_type": "CAMEO 203", "date": "2026-09-28", "title": "Mass violence — Jerusalem, Israel (general), Israel", "description": "", "fatalities": null, "actors": ["PALESTINIAN"], "country": "IS", "links": ["https://alanbatnews.net/article/483946"], "confidence": 0.4, "tone": -1.61166538756715, "goldstein": -10.0, "mentions": 2}}, {"type": "Feature", "geometry": {"type": "Point", "coordinates": [35.2333, 31.7667]}, "properties": {"id": "gdelt-1325241791", "source": "gdelt", "event_type": "Mass violence", "sub_type": "CAMEO 203", "date": "2026-09-28", "title": "Mass violence — Jerusalem, Israel (general), Israel", "description": "", "fatalities": null, "actors": ["PALESTINIAN", "ISRAEL"], "country": "IS", "links": ["https://alanbatnews.net/article/483946"], "confidence": 0.5, "tone": -1.61166538756715, "goldstein": -10.0, "mentions": 4}}, {"type": "Feature", "geometry": {"type": "Point", "coordinates": [34.75, 31.5]}, "properties": {"id": "gdelt-1325241793", "source": "gdelt", "event_type": "Assault", "sub_type": "CAMEO 180", "date": "2026-09-28", "title": "Assault — Israel", "description": "", "fatalities": null, "actors": ["HAMAS", "ISRAELI"], "country": "IS", "links": ["https://www.dnews.gr/eidhseis/kosmos/612934/wsj-i-aigyptos-eixe-proeidopoiisei-ton-netaniaxou-gia-epikeimeni-epithesi-prin-apo-tin-7i-oktovriou-nees-apokalypseis-kai-orgi-sto-tel-aviv"], "confidence": 0.9, "tone": -6.19539316918189, "goldstein": -9.0, "mentions": 20}}, {"type": "Feature", "geometry": {"type": "Point", "coordinates": [30.5167, 50.4333]}, "properties": {"id": "gdelt-1325241803", "source": "gdelt", "event_type": "Coerce", "sub_type": "CAMEO 173", "date": "2026-09-28", "title": "Coerce — Kiev, Ukraine (general), Ukraine", "description": "", "fatalities": null, "actors": ["SAINT"], "country": "UP", "links": ["https://www.vesti.ru/ns/dzhabarov-raskryl-dva-varianta-budushchego-dlya-zelenskogo"], "confidence": 0.4, "tone": -0.58139534883721, "goldstein": -5.0, "mentions": 2}}, {"type": "Feature", "geometry": {"type": "Point", "coordinates": [100.0, 60.0]}, "properties": {"id": "gdelt-1325241804", "source": "gdelt", "event_type": "Coerce", "sub_type": "CAMEO 173", "date": "2026-09-28", "title": "Coerce — Russia", "description": "", "fatalities": null, "actors": ["SAINT"], "country": "RS", "links": ["https://www.vesti.ru/ns/dzhabarov-raskryl-dva-varianta-budushchego-dlya-zelenskogo"], "confidence": 0.7, "tone": -0.58139534883721, "goldstein": -5.0, "mentions": 8}}, {"type": "Feature", "geometry": {"type": "Point", "coordinates": [34.8003, 50.9216]}, "properties": {"id": "gdelt-1325241837", "source": "gdelt", "event_type": "Force posture", "sub_type": "CAMEO 154", "date": "2026-09-28", "title": "Force posture — Sumy, Sums'ka Oblast', Ukraine", "description": "", "fatalities": null, "actors": ["RUSSIAN"], "country": "UP", "links": ["https://ria.ru/20260928/minoborony-2120682285.html"], "confidence": 0.8, "tone": -3.47826086956522, "goldstein": -7.2, "mentions": 10}}, {"type": "Feature", "geometry": {"type": "Point", "coordinates": [37.6156, 55.7522]}, "properties": {"id": "gdelt-1325241838", "source": "gdelt", "event_type": "Force posture", "sub_type": "CAMEO 154", "date": "2026-09-28", "title": "Force posture — Moscow, Moskva, Russia", "description": "", "fatalities": null, "actors": ["RUSSIA"], "country": "RS", "links": ["https://www.tothemaonline.com/Article/474226/synagermos-sthn-eyrwph-an-ginei-polemos-tha-einai-diaforetikos-kai-tha-einai-syntomos---apeilei-o-labrof-"], "confidence": 0.9, "tone": -4.78653449798803, "goldstein": -7.2, "mentions": 20}}, {"type": "Feature", "geometry": {"type": "Point", "coordinates": [37.6156, 55.7522]}, "properties": {"id": "gdelt-1325241842", "source": "gdelt", "event_type": "Fight", "sub_type": "CAMEO 194", "date": "2026-09-28", "title": "Fight — Moscow, Moskva, Russia", "description": "", "fatalities": null, "actors": ["RUSSIAN", "POPULATION"], "country": "RS", "links": ["https://ria.ru/20260928/minoborony-2120682285.html"], "confidence": 0.8, "tone": -3.47826086956522, "goldstein": -10.0, "mentions": 10}}, {"type": "Feature", "geometry": {"type": "Point", "coordinates": [37.6156, 55.7522]}, "properties": {"id": "gdelt-1325241847", "source": "gdelt", "event_type": "Fight", "sub_type": "CAMEO 193", "date": "2026-09-28", "title": "Fight — Moscow, Moskva, Russia", "description": "", "fatalities": null, "actors": ["MOSCOW", "ACTOR"], "country": "RS", "links": ["https://vz.ru/news/2026/9/28/1456108.html"], "confidence": 0.5, "tone": -7.4074074074074, "goldstein": -10.0, "mentions": 4}}, {"type": "Feature", "geometry": {"type": "Point", "coordinates": [30.5167, 50.4333]}, "properties": {"id": "gdelt-1325241874", "source": "gdelt", "event_type": "Assault", "sub_type": "CAMEO 180", "date": "2026-09-28", "title": "Assault — Kiev, Ukraine (general), Ukraine", "description": "", "fatalities": null, "actors": ["RUSSIAN", "UKRAINE"], "country": "UP", "links": ["https://www.aljazeera.net/news/2026/9/28/%D8%A3%D9%88%D9%83%D8%B1%D8%A7%D9%86%D9%8A%D8%A7-160"], "confidence": 0.65, "tone": -6.81818181818182, "goldstein": -9.0, "mentions": 7}}, {"type": "Feature", "geometry": {"type": "Point", "coordinates": [37.6156, 55.7522]}, "properties": {"id": "gdelt-1325241875", "source": "gdelt", "event_type": "Assault", "sub_type": "CAMEO 180", "date": "2026-09-28", "title": "Assault — Moscow, Moskva, Russia", "description": "", "fatalities": null, "actors": ["RUSSIAN", "UKRAINE"], "country": "RS", "links": ["https://www.aljazeera.net/news/2026/9/28/%D8%A3%D9%88%D9%83%D8%B1%D8%A7%D9%86%D9%8A%D8%A7-160"], "confidence": 0.35, "tone": -6.81818181818182, "goldstein": -9.0, "mentions": 1}}, {"type": "Feature", "geometry": {"type": "Point", "coordinates": [34.8003, 50.9216]}, "properties": {"id": "gdelt-1325241876", "source": "gdelt", "event_type": "Fight", "sub_type": "CAMEO 190", "date": "2026-09-28", "title": "Fight — Sumy, Sums'ka Oblast', Ukraine", "description": "", "fatalities": null, "actors": ["RUSSIAN", "UKRAINIAN"], "country": "UP", "links": ["https://ria.ru/20260928/minoborony-2120682285.html"], "confidence": 0.5, "tone": -3.47826086956522, "goldstein": -10.0, "mentions": 4}}, {"type": "Feature", "geometry": {"type": "Point", "coordinates": [37.6156, 55.7522]}, "properties": {"id": "gdelt-1325241877", "source": "gdelt", "event_type": "Fight", "sub_type": "CAMEO 190", "date": "2026-09-28", "title": "Fight — Moscow, Moskva, Russia", "description": "", "fatalities": null, "actors": ["RUSSIAN", "UKRAINE"], "country": "RS", "links": ["https://ria.ru/20260928/minoborony-2120682285.html"], "confidence": 0.5, "tone": -3.47826086956522, "goldstein": -10.0, "mentions": 4}}, {"type": "Feature", "geometry": {"type": "Point", "coordinates": [34.8003, 50.9216]}, "properties": {"id": "gdelt-1325241878", "source": "gdelt", "event_type": "Fight", "sub_type": "CAMEO 190", "date": "2026-09-28", "title": "Fight — Sumy, Sums'ka Oblast', Ukraine", "description": "", "fatalities": null, "actors": ["RUSSIA", "UKRAINE"], "country": "UP", "links": ["https://ria.ru/20260928/minoborony-2120682285.html"], "confidence": 0.4, "tone": -3.47826086956522, "goldstein": -10.0, "mentions": 2}}, {"type": "Feature", "geometry": {"type": "Point", "coordinates": [100.0, 60.0]}, "properties": {"id": "gdelt-1325241879", "source": "gdelt", "event_type": "Fight", "sub_type": "CAMEO 190", "date": "2026-09-28", "title": "Fight — Russia", "description": "", "fatalities": null, "actors": ["RUSSIA", "UKRAINE"], "country": "RS", "links": ["https://vz.ru/news/2026/9/28/1456119.html"], "confidence": 0.8, "tone": -4.09836065573771, "goldstein": -10.0, "mentions": 10}}, {"type": "Feature", "geometry": {"type": "Point", "coordinates": [37.6156, 55.7522]}, "properties": {"id": "gdelt-1325241880", "source": "gdelt", "event_type": "Fight", "sub_type": "CAMEO 193", "date": "2026-09-28", "title": "Fight — Moscow, Moskva, Russia", "description": "", "fatalities": null, "actors": ["RUSSIA", "UKRAINE"], "country": "RS", "links": ["https://www.portfolio.hu/global/20260928/putyin-embere-felfedte-az-uj-strategiat-ezzel-eljohet-a-haboru-vege-865660"], "confidence": 0.4, "tone": -1.37931034482758, "goldstein": -10.0, "mentions": 2}}, {"type": "Feature", "geometry": {"type": "Point", "coordinates": [32.0, 49.0]}, "properties": {"id": "gdelt-1325241881", "source": "gdelt", "event_type": "Fight", "sub_type": "CAMEO 193", "date": "2026-09-28", "title": "Fight — Ukraine", "description": "", "fatalities": null, "actors": ["RUSSIAN", "UKRAINIAN"], "country": "UP", "links": ["https://www.portfolio.hu/global/20260928/putyin-embere-felfedte-az-uj-strategiat-ezzel-eljohet-a-haboru-vege-865660"], "confidence": 0.6000000000000001, "tone": -1.37931034482758, "goldstein": -10.0, "mentions": 6}}, {"type": "Feature", "geometry": {"type": "Point", "coordinates": [37.6156, 55.7522]}, "properties": {"id": "gdelt-1325241882", "source": "gdelt", "event_type": "Fight", "sub_type": "CAMEO 193", "date": "2026-09-28", "title": "Fight — Moscow, Moskva, Russia", "description": "", "fatalities": null, "actors": ["MOSCOW", "ACTOR"], "country": "RS", "links": ["https://vz.ru/news/2026/9/28/1456108.html"], "confidence": 0.6000000000000001, "tone": -7.4074074074074, "goldstein": -10.0, "mentions": 6}}, {"type": "Feature", "geometry": {"type": "Point", "coordinates": [42.0, 44.0]}, "properties": {"id": "gdelt-1325241884", "source": "gdelt", "event_type": "Coerce", "sub_type": "CAMEO 173", "date": "2026-09-28", "title": "Coerce — Karachay-Cherkessia, Karachayevo-Cherkesiya, Russia", "description": "", "fatalities": null, "actors": ["RUSSIA", "RUSSIA"], "country": "RS", "links": ["https://ria.ru/20260928/kchr-2120679250.html"], "confidence": 0.7, "tone": -9.50226244343887, "goldstein": -5.0, "mentions": 8}}, {"type": "Feature", "geometry": {"type": "Point", "coordinates": [6.73333, 0.333333]}, "properties": {"id": "gdelt-1325241907", "source": "gdelt", "event_type": "Protest", "sub_type": "CAMEO 141", "date": "2026-09-28", "title": "Protest — Sao Tome, SãToméS, Sao Tome And Principe", "description": "", "fatalities": null, "actors": ["SAO TOME"], "country": "TP", "links": ["https://fr.allafrica.com/stories/202609280078.html"], "confidence": 0.8, "tone": -2.02702702702703, "goldstein": -6.5, "mentions": 10}}, {"type": "Feature", "geometry": {"type": "Point", "coordinates": [34.8003, 50.9216]}, "properties": {"id": "gdelt-1325241934", "source": "gdelt", "event_type": "Assault", "sub_type": "CAMEO 180", "date": "2026-09-28", "title": "Assault — Sumy, Sums'ka Oblast', Ukraine", "description": "", "fatalities": null, "actors": ["FIGHTER"], "country": "UP", "links": ["https://gazeta.ua/articles/donbas/_zsu-deokupuvali-tri-sela-na-donechchini/1259260"], "confidence": 0.8, "tone": -7.47663551401869, "goldstein": -9.0, "mentions": 10}}, {"type": "Feature", "geometry": {"type": "Point", "coordinates": [26.0, -30.0]}, "properties": {"id": "gdelt-1325241935", "source": "gdelt", "event_type": "Assault", "sub_type": "CAMEO 180", "date": "2026-09-28", "title": "Assault — South Africa", "description": "", "fatalities": null, "actors": ["GUNMEN"], "country": "SF", "links": ["https://fr.allafrica.com/stories/202609280086.html"], "confidence": 0.4, "tone": -4.39189189189189, "goldstein": -9.0, "mentions": 2}}, {"type": "Feature", "geometry": {"type": "Point", "coordinates": [26.0, -30.0]}, "properties": {"id": "gdelt-1325241936", "source": "gdelt", "event_type": "Assault", "sub_type": "CAMEO 180", "date": "2026-09-28", "title": "Assault — South Africa", "description": "", "fatalities": null, "actors": ["GUNMEN"], "country": "SF", "links": ["https://fr.allafrica.com/stories/202609280086.html"], "confidence": 0.9, "tone": -4.66197905222296, "goldstein": -9.0, "mentions": 18}}, {"type": "Feature", "geometry": {"type": "Point", "coordinates": [34.8003, 50.9216]}, "properties": {"id": "gdelt-1325241937", "source": "gdelt", "event_type": "Fight", "sub_type": "CAMEO 190", "date": "2026-09-28", "title": "Fight — Sumy, Sums'ka Oblast', Ukraine", "description": "", "fatalities": null, "actors": ["FIGHTER"], "country": "UP", "links": ["https://gazeta.ua/articles/donbas/_zsu-deokupuvali-tri-sela-na-donechchini/1259260"], "confidence": 0.8, "tone": -7.47663551401869, "goldstein": -10.0, "mentions": 10}}, {"type": "Feature", "geometry": {"type": "Point", "coordinates": [26.0, -30.0]}, "properties": {"id": "gdelt-1325241938", "source": "gdelt", "event_type": "Fight", "sub_type": "CAMEO 193", "date": "2026-09-28", "title": "Fight — South Africa", "description": "", "fatalities": null, "actors": ["GUNMEN"], "country": "SF", "links": ["https://fr.allafrica.com/stories/202609280086.html"], "confidence": 0.4, "tone": -4.39189189189189, "goldstein": -10.0, "mentions": 2}}, {"type": "Feature", "geometry": {"type": "Point", "coordinates": [30.5167, 50.4333]}, "properties": {"id": "gdelt-1325241944", "source": "gdelt", "event_type": "Force posture", "sub_type": "CAMEO 154", "date": "2026-09-28", "title": "Force posture — Kiev, Ukraine (general), Ukraine", "description": "", "fatalities": null, "actors": ["UKRAINE"], "country": "UP", "links": ["https://www.generation-nt.com/actualites/ukraine-soldats-mecaniques-front-2081829"], "confidence": 0.8, "tone": -4.71380471380471, "goldstein": -7.2, "mentions": 10}}, {"type": "Feature", "geometry": {"type": "Point", "coordinates": [32.0, 49.0]}, "properties": {"id": "gdelt-1325241945", "source": "gdelt", "event_type": "Assault", "sub_type": "CAMEO 180", "date": "2026-09-28", "title": "Assault — Ukraine", "description": "", "fatalities": null, "actors": ["UKRAINE"], "country": "UP", "links": ["https://vn.20minut.ua/Kryminal/shargorodskomu-vbivtsi-dvoh-pidlitkiv-vinesli-virok-ponomarov-otrimav--12008532.html"], "confidence": 0.5, "tone": -5.59249120062573, "goldstein": -9.0, "mentions": 4}}, {"type": "Feature", "geometry": {"type": "Point", "coordinates": [30.5167, 50.4333]}, "properties": {"id": "gdelt-1325241946", "source": "gdelt", "event_type": "Fight", "sub_type": "CAMEO 193", "date": "2026-09-28", "title": "Fight — Kyiv, Kyyiv, Misto, Ukraine", "description": "", "fatalities": null, "actors": ["ODESSA"], "country": "UP", "links": ["https://gazeta.ua/articles/culture/_ukrayinski-strichki-yaki-varto-podivitisya-najcikavishi-novinki/1259239"], "confidence": 0.7, "tone": 1.07719928186714, "goldstein": -10.0, "mentions": 8}}, {"type": "Feature", "geometry": {"type": "Point", "coordinates": [30.5167, 50.4333]}, "properties": {"id": "gdelt-1325241953", "source": "gdelt", "event_type": "Fight", "sub_type": "CAMEO 190", "date": "2026-09-28", "title": "Fight — Kiev, Ukraine (general), Ukraine", "description": "", "fatalities": null, "actors": ["UKRAINIAN", "CITIZEN"], "country": "UP", "links": ["https://musavat.com/news/ukraynada-dehsetli-gece-28-yarali-kutlevi-dagintilar-ve-olenler-arasinda-soydasimiz-var_1292343.html"], "confidence": 0.8, "tone": -10.6382978723404, "goldstein": -10.0, "mentions": 10}}, {"type": "Feature", "geometry": {"type": "Point", "coordinates": [30.5167, 50.4333]}, "properties": {"id": "gdelt-1325241954", "source": "gdelt", "event_type": "Fight", "sub_type": "CAMEO 195", "date": "2026-09-28", "title": "Fight — Kiev, Ukraine (general), Ukraine", "description": "", "fatalities": null, "actors": ["UKRAINE", "POPULATION"], "country": "UP", "links": ["https://news.liga.net/war/news/kallas-prizvala-strany-es-peredat-ukraine-rakety-k-patriot-iz-sobstvennyh-arsenalov"], "confidence": 0.8, "tone": -0.41322314049587, "goldstein": -10.0, "mentions": 10}}, {"type": "Feature", "geometry": {"type": "Point", "coordinates": [30.5167, 50.4333]}, "properties": {"id": "gdelt-1325241955", "source": "gdelt", "event_type": "Fight", "sub_type": "CAMEO 194", "date": "2026-09-28", "title": "Fight — Kiev, Ukraine (general), Ukraine", "description": "", "fatalities": null, "actors": ["UKRAINE", "EUROPEAN UNION"], "country": "UP", "links": ["https://news.liga.net/war/news/kallas-prizvala-strany-es-peredat-ukraine-rakety-k-patriot-iz-sobstvennyh-arsenalov"], "confidence": 0.8, "tone": -0.41322314049587, "goldstein": -10.0, "mentions": 10}}, {"type": "Feature", "geometry": {"type": "Point", "coordinates": [25.4288, 49.196]}, "properties": {"id": "gdelt-1325241958", "source": "gdelt", "event_type": "Assault", "sub_type": "CAMEO 180", "date": "2026-09-28", "title": "Assault — Dobropole, Ternopil's'ka Oblast', Ukraine", "description": "", "fatalities": null, "actors": ["UKRAINE", "ARMY"], "country": "UP", "links": ["https://vz.ru/news/2026/9/28/1456105.html"], "confidence": 0.6000000000000001, "tone": -4.14364640883978, "goldstein": -9.0, "mentions": 6}}, {"type": "Feature", "geometry": {"type": "Point", "coordinates": [100.0, 60.0]}, "properties": {"id": "gdelt-1325241959", "source": "gdelt", "event_type": "Assault", "sub_type": "CAMEO 180", "date": "2026-09-28", "title": "Assault — Russia", "description": "", "fatalities": null, "actors": ["UKRAINE", "ARMY"], "country": "RS", "links": ["https://vz.ru/news/2026/9/28/1456105.html"], "confidence": 0.4, "tone": -4.14364640883978, "goldstein": -9.0, "mentions": 2}}, {"type": "Feature", "geometry": {"type": "Point", "coordinates": [36.2527, 49.9808]}, "properties": {"id": "gdelt-1325241960", "source": "gdelt", "event_type": "Fight", "sub_type": "CAMEO 190", "date": "2026-09-28", "title": "Fight — Kharkiv, Kharkivs'ka Oblast', Ukraine", "description": "", "fatalities": null, "actors": ["KHARKIV", "COMMANDER"], "country": "UP", "links": ["https://vn.20minut.ua/lyudi/vid-soldata-do-komandira-droniv-vinnitsya-proschaetsya-z-oleksandrom-d-12008507.html"], "confidence": 0.8, "tone": 0.88757396449704, "goldstein": -10.0, "mentions": 10}}, {"type": "Feature", "geometry": {"type": "Point", "coordinates": [30.5167, 50.4333]}, "properties": {"id": "gdelt-1325241965", "source": "gdelt", "event_type": "Fight", "sub_type": "CAMEO 195", "date": "2026-09-28", "title": "Fight — Kiev, Ukraine (general), Ukraine", "description": "", "fatalities": null, "actors": ["UKRAINIAN", "RUSSIA"], "country": "UP", "links": ["https://musavat.com/news/ukraynada-dehsetli-gece-28-yarali-kutlevi-dagintilar-ve-olenler-arasinda-soydasimiz-var_1292343.html"], "confidence": 0.5, "tone": -10.6382978723404, "goldstein": -10.0, "mentions": 4}}, {"type": "Feature", "geometry": {"type": "Point", "coordinates": [30.5167, 50.4333]}, "properties": {"id": "gdelt-1325241966", "source": "gdelt", "event_type": "Coerce", "sub_type": "CAMEO 173", "date": "2026-09-28", "title": "Coerce — Kyiv, Kyyiv, Misto, Ukraine", "description": "", "fatalities": null, "actors": ["UKRAINIAN", "UKRAINIAN"], "country": "UP", "links": ["https://tsn.ua/ukrayina/rosiia-oholosyla-20-mln-dolariv-za-topovoho-komandyra-zsu-khto-stav-tsilliu-3176906.html"], "confidence": 0.6000000000000001, "tone": -7.48663101604278, "goldstein": -5.0, "mentions": 6}}, {"type": "Feature", "geometry": {"type": "Point", "coordinates": [30.5167, 50.4333]}, "properties": {"id": "gdelt-1325241967", "source": "gdelt", "event_type": "Fight", "sub_type": "CAMEO 195", "date": "2026-09-28", "title": "Fight — Kiev, Ukraine (general), Ukraine", "description": "", "fatalities": null, "actors": ["UKRAINIAN", "RUSSIAN"], "country": "UP", "links": ["https://musavat.com/news/ukraynada-dehsetli-gece-28-yarali-kutlevi-dagintilar-ve-olenler-arasinda-soydasimiz-var_1292343.html"], "confidence": 0.6000000000000001, "tone": -10.6382978723404, "goldstein": -10.0, "mentions": 6}}, {"type": "Feature", "geometry": {"type": "Point", "coordinates": [-68.0039, 10.1806]}, "properties": {"id": "gdelt-1325242000", "source": "gdelt", "event_type": "Coerce", "sub_type": "CAMEO 172", "date": "2026-09-28", "title": "Coerce — Valencia, Carabobo, Venezuela", "description": "", "fatalities": null, "actors": ["VENEZUELA", "REGIME"], "country": "VE", "links": ["https://www.bumm.sk/2026/09/28/machado-hazatereset-es-uj-valasztast-kovetelnek-venezuelaban"], "confidence": 0.5, "tone": -5.32544378698225, "goldstein": -5.0, "mentions": 4}}, {"type": "Feature", "geometry": {"type": "Point", "coordinates": [47.5, 15.5]}, "properties": {"id": "gdelt-1325242003", "source": "gdelt", "event_type": "Fight", "sub_type": "CAMEO 190", "date": "2026-09-28", "title": "Fight — Yemen", "description": "", "fatalities": null, "actors": ["YEMEN", "SAUDI ARABIA"], "country": "YM", "links": ["https://www.munhwa.com:443/article/11619828"], "confidence": 0.8, "tone": -5.9375, "goldstein": -10.0, "mentions": 10}}, {"type": "Feature", "geometry": {"type": "Point", "coordinates": [-100.383, 20.6]}, "properties": {"id": "gdelt-1325243014", "source": "gdelt", "event_type": "Fight", "sub_type": "CAMEO 192", "date": "2026-09-28", "title": "Fight — Queretaro, Queréro de Arteaga, Mexico", "description": "", "fatalities": null, "actors": ["BUSINESS"], "country": "MX", "links": ["https://www.globalmedia.mx/articles/coparmex_advierte_que_reforma_fiscal_obligara_a_las_empresas_a_pagar_mas_impuestos_y_anticipar_pagos"], "confidence": 0.8, "tone": -2.30978260869565, "goldstein": -9.5, "mentions": 10}}, {"type": "Feature", "geometry": {"type": "Point", "coordinates": [18.05, 59.3333]}, "properties": {"id": "gdelt-1325243088", "source": "gdelt", "event_type": "Coerce", "sub_type": "CAMEO 173", "date": "2026-09-28", "title": "Coerce — Stockholm, Stockholm, Sweden", "description": "", "fatalities": null, "actors": ["STOCKHOLM"], "country": "SW", "links": ["https://nyheter24.se/nyheter/inrikes/1516788-person-gripen-efter-incident-vid-slottet"], "confidence": 0.9, "tone": -3.46820809248555, "goldstein": -5.0, "mentions": 20}}, {"type": "Feature", "geometry": {"type": "Point", "coordinates": [18.4167, -33.9167]}, "properties": {"id": "gdelt-1325243099", "source": "gdelt", "event_type": "Coerce", "sub_type": "CAMEO 172", "date": "2026-09-28", "title": "Coerce — Cape Town, Western Cape, South Africa", "description": "", "fatalities": null, "actors": ["AFRICA"], "country": "SF", "links": ["https://centralasia.media/news:2540585/"], "confidence": 0.8, "tone": -13.6690647482014, "goldstein": -5.0, "mentions": 10}}, {"type": "Feature", "geometry": {"type": "Point", "coordinates": [28.0833, -26.2]}, "properties": {"id": "gdelt-1325243101", "source": "gdelt", "event_type": "Fight", "sub_type": "CAMEO 193", "date": "2026-09-28", "title": "Fight — Johannesburg, Gauteng, South Africa", "description": "", "fatalities": null, "actors": ["AFRICA", "ARMED MEN"], "country": "SF", "links": ["https://centralasia.media/news:2540585/"], "confidence": 0.5, "tone": -13.6690647482014, "goldstein": -10.0, "mentions": 4}}, {"type": "Feature", "geometry": {"type": "Point", "coordinates": [20.0, 47.0]}, "properties": {"id": "gdelt-1325243115", "source": "gdelt", "event_type": "Protest", "sub_type": "CAMEO 143", "date": "2026-09-28", "title": "Protest — Hungary", "description": "", "fatalities": null, "actors": ["VICTORIA"], "country": "HU", "links": ["https://rg.ru/2026/09/28/ulovka-madiara-zachem-vengerskij-premer-dobilsia-lisheniia-sebia-neprikosnovennosti.html"], "confidence": 0.8, "tone": -4.23280423280423, "goldstein": -6.5, "mentions": 10}}, {"type": "Feature", "geometry": {"type": "Point", "coordinates": [-8.0, 39.5]}, "properties": {"id": "gdelt-1325243127", "source": "gdelt", "event_type": "Fight", "sub_type": "CAMEO 190", "date": "2026-09-28", "title": "Fight — Portugal", "description": "", "fatalities": null, "actors": ["BRAZIL"], "country": "PO", "links": ["https://bomdia.lu/medico-portugues-ajudou-a-combater-a-covid-19-na-amazonia-e-acabou-em-tribunal/"], "confidence": 0.4, "tone": -1.91815856777493, "goldstein": -10.0, "mentions": 2}}, {"type": "Feature", "geometry": {"type": "Point", "coordinates": [-46.6167, -23.5333]}, "properties": {"id": "gdelt-1325243128", "source": "gdelt", "event_type": "Fight", "sub_type": "CAMEO 190", "date": "2026-09-28", "title": "Fight — Sao Paulo, SãPaulo, Brazil", "description": "", "fatalities": null, "actors": ["SAO PAULO"], "country": "BR", "links": ["https://bomdia.lu/medico-portugues-ajudou-a-combater-a-covid-19-na-amazonia-e-acabou-em-tribunal/"], "confidence": 0.4, "tone": -1.91815856777493, "goldstein": -10.0, "mentions": 2}}, {"type": "Feature", "geometry": {"type": "Point", "coordinates": [-46.6167, -23.5333]}, "properties": {"id": "gdelt-1325243129", "source": "gdelt", "event_type": "Fight", "sub_type": "CAMEO 190", "date": "2026-09-28", "title": "Fight — Sao Paulo, SãPaulo, Brazil", "description": "", "fatalities": null, "actors": ["SAO PAULO", "BRAZIL"], "country": "BR", "links": ["https://bomdia.lu/medico-portugues-ajudou-a-combater-a-covid-19-na-amazonia-e-acabou-em-tribunal/"], "confidence": 0.7, "tone": -1.91815856777493, "goldstein": -10.0, "mentions": 8}}, {"type": "Feature", "geometry": {"type": "Point", "coordinates": [25.0, 46.0]}, "properties": {"id": "gdelt-1325243156", "source": "gdelt", "event_type": "Coerce", "sub_type": "CAMEO 172", "date": "2026-09-28", "title": "Coerce — Romania", "description": "", "fatalities": null, "actors": ["COMPANY"], "country": "RO", "links": ["https://ko.com.ua/longi_vstanovila_novij_svitovij_rekord_efektivnosti_kremniyevih_sonyachnih_elementiv_154676"], "confidence": 0.8, "tone": 5.69620253164557, "goldstein": -5.0, "mentions": 10}}, {"type": "Feature", "geometry": {"type": "Point", "coordinates": [51.5333, 25.2867]}, "properties": {"id": "gdelt-1325243157", "source": "gdelt", "event_type": "Coerce", "sub_type": "CAMEO 172", "date": "2026-09-28", "title": "Coerce — Doha, Ad Daw?ah, Qatar", "description": "", "fatalities": null, "actors": ["COMPANIES", "CHINA"], "country": "QA", "links": ["https://www.ynet.co.il/digital/technews/article/h1etjsp5gg"], "confidence": 0.4, "tone": -3.40425531914894, "goldstein": -5.0, "mentions": 2}}, {"type": "Feature", "geometry": {"type": "Point", "coordinates": [105.0, 35.0]}, "properties": {"id": "gdelt-1325243158", "source": "gdelt", "event_type": "Coerce", "sub_type": "CAMEO 172", "date": "2026-09-28", "title": "Coerce — China", "description": "", "fatalities": null, "actors": ["COMPANIES", "CHINA"], "country": "CH", "links": ["https://www.ynet.co.il/digital/technews/article/h1etjsp5gg"], "confidence": 0.7, "tone": -3.40425531914894, "goldstein": -5.0, "mentions": 8}}, {"type": "Feature", "geometry": {"type": "Point", "coordinates": [15.0, 49.75]}, "properties": {"id": "gdelt-1325243182", "source": "gdelt", "event_type": "Coerce", "sub_type": "CAMEO 173", "date": "2026-09-28", "title": "Coerce — Czech Republic", "description": "", "fatalities": null, "actors": ["BEIJING"], "country": "EZ", "links": ["https://www.italpress.com/ranking-atp-wta-aggiornati-28-settembre-2026/"], "confidence": 0.5, "tone": -0.78585461689588, "goldstein": -5.0, "mentions": 4}}, {"type": "Feature", "geometry": {"type": "Point", "coordinates": [32.0, 49.0]}, "properties": {"id": "gdelt-1325243183", "source": "gdelt", "event_type": "Coerce", "sub_type": "CAMEO 173", "date": "2026-09-28", "title": "Coerce — Ukraine", "description": "", "fatalities": null, "actors": ["BEIJING"], "country": "UP", "links": ["https://www.italpress.com/ranking-atp-wta-aggiornati-28-settembre-2026/"], "confidence": 0.6000000000000001, "tone": -0.78585461689588, "goldstein": -5.0, "mentions": 6}}, {"type": "Feature", "geometry": {"type": "Point", "coordinates": [13.35, 48.4667]}, "properties": {"id": "gdelt-1325243204", "source": "gdelt", "event_type": "Assault", "sub_type": "CAMEO 180", "date": "2026-09-28", "title": "Assault — Hillerod, Bayern, Germany", "description": "", "fatalities": null, "actors": ["POLICE"], "country": "GM", "links": ["https://www.tv2kosmopol.dk/metropolen/paedofilidomt-paedagog-vil-have-omstodt-forvaringsdom-7f46a"], "confidence": 0.8, "tone": -5.84329349269589, "goldstein": -9.0, "mentions": 10}}, {"type": "Feature", "geometry": {"type": "Point", "coordinates": [78.5, 23.5]}, "properties": {"id": "gdelt-1325243215", "source": "gdelt", "event_type": "Assault", "sub_type": "CAMEO 182", "date": "2026-09-28", "title": "Assault — Madhya Pradesh, Madhya Pradesh, India", "description": "", "fatalities": null, "actors": ["POLICE", "ADMINISTRATION"], "country": "IN", "links": ["https://www.prabhasakshi.com/national/ujjain-shahi-masjid-road-widening-simhastha-2028-clash"], "confidence": 0.8, "tone": -4.5859872611465, "goldstein": -9.5, "mentions": 10}}, {"type": "Feature", "geometry": {"type": "Point", "coordinates": [-0.116667, 51.5]}, "properties": {"id": "gdelt-1325243217", "source": "gdelt", "event_type": "Force posture", "sub_type": "CAMEO 150", "date": "2026-09-28", "title": "Force posture — London, London, City of, United Kingdom", "description": "", "fatalities": null, "actors": ["POLICE", "AIR FORCE"], "country": "UK", "links": ["https://www.ruse24.bg/novini/mejdunarodni/London-razsledva-uchastieto-na-Iran-v-podgotovkata-na-teroristichen-akt-vuv-voennovuzdushnata-baza-izpolzvana-ot-SASht-3031452"], "confidence": 0.8, "tone": -2.23463687150838, "goldstein": -7.2, "mentions": 10}}, {"type": "Feature", "geometry": {"type": "Point", "coordinates": [12.5833, 55.6667]}, "properties": {"id": "gdelt-1325243228", "source": "gdelt", "event_type": "Coerce", "sub_type": "CAMEO 172", "date": "2026-09-28", "title": "Coerce — Copenhagen, Køavn*, Denmark", "description": "", "fatalities": null, "actors": ["PEDOPHILE"], "country": "DA", "links": ["https://www.tv2kosmopol.dk/metropolen/paedofil-paedagog-skal-blive-bag-tremmer-pa-ubestemt-tid-6e90a"], "confidence": 0.8, "tone": -4.44444444444444, "goldstein": -5.0, "mentions": 10}}, {"type": "Feature", "geometry": {"type": "Point", "coordinates": [10.5, 51.5]}, "properties": {"id": "gdelt-1325243229", "source": "gdelt", "event_type": "Coerce", "sub_type": "CAMEO 1723", "date": "2026-09-28", "title": "Coerce — Germany", "description": "", "fatalities": null, "actors": ["CRIMINAL"], "country": "GM", "links": ["https://infovaticana.com/blogs/specola/leon-xiv-el-doloroso-flagelo-siete-victimas-a-puerta-cerrada-el-velo-de-rupnik-metz-y-un-venerable-en-la-mesa-zuppi-vuela-a-moscu-trece-mil-doscientos-treinta-y-cuatro-mcelroy-y-los/"], "confidence": 0.8, "tone": -1.03492884864165, "goldstein": -5.0, "mentions": 10}}, {"type": "Feature", "geometry": {"type": "Point", "coordinates": [109.0, 53.0]}, "properties": {"id": "gdelt-1325243230", "source": "gdelt", "event_type": "Coerce", "sub_type": "CAMEO 173", "date": "2026-09-28", "title": "Coerce — Buryatia, Buryatiya, Russia", "description": "", "fatalities": null, "actors": ["CRIMINAL"], "country": "RS", "links": ["https://www.infpol.ru:443/281137-osuzhdennomu-za-ubiystvo-dvukh-chelovek-v-buryatii-ostavili-pozhiznennyy-srok/"], "confidence": 0.8, "tone": -9.5435684647303, "goldstein": -5.0, "mentions": 10}}, {"type": "Feature", "geometry": {"type": "Point", "coordinates": [35.2856, 32.0354]}, "properties": {"id": "gdelt-1325243247", "source": "gdelt", "event_type": "Coerce", "sub_type": "CAMEO 172", "date": "2026-09-28", "title": "Coerce — Turmusayya, West Bank (general), West Bank", "description": "", "fatalities": null, "actors": ["POPULATION"], "country": "WE", "links": ["https://www.aljazeera.net/politics/2026/9/28/%D8%AC%D9%88%D8%A7%D8%B2-%D8%B3%D9%81%D8%B1-%D9%84%D8%A7-%D9%8A%D8%AD%D9%85%D9%8A-%D8%A7%D9%84%D9%81%D9%84%D8%B3%D8%B7%D9%8A%D9%86%D9%8A%D9%88%D9%86"], "confidence": 0.8, "tone": -5.39647577092511, "goldstein": -5.0, "mentions": 10}}, {"type": "Feature", "geometry": {"type": "Point", "coordinates": [35.3699, 32.3209]}, "properties": {"id": "gdelt-1325243248", "source": "gdelt", "event_type": "Fight", "sub_type": "CAMEO 190", "date": "2026-09-28", "title": "Fight — Tubas, West Bank (general), West Bank", "description": "", "fatalities": null, "actors": ["CITIZEN"], "country": "WE", "links": ["https://alhourriah.org/article/172142"], "confidence": 0.8, "tone": -10.6666666666667, "goldstein": -10.0, "mentions": 10}}, {"type": "Feature", "geometry": {"type": "Point", "coordinates": [22.3, 48.6167]}, "properties": {"id": "gdelt-1325243249", "source": "gdelt", "event_type": "Fight", "sub_type": "CAMEO 193", "date": "2026-09-28", "title": "Fight — Uzhgorod, Zakarpats'ka Oblast', Ukraine", "description": "", "fatalities": null, "actors": ["CIVILIAN"], "country": "UP", "links": ["https://h.ua/2026/09/28/rosiyani-vyvely-tsyvilnykh-z-kupianska-cherez-hazohin-khartiia"], "confidence": 0.8, "tone": -3.32369942196532, "goldstein": -10.0, "mentions": 10}}, {"type": "Feature", "geometry": {"type": "Point", "coordinates": [36.1873, 51.7373]}, "properties": {"id": "gdelt-1325243250", "source": "gdelt", "event_type": "Fight", "sub_type": "CAMEO 193", "date": "2026-09-28", "title": "Fight — Kursk, Kurskaya Oblast', Russia", "description": "", "fatalities": null, "actors": ["CIVILIAN"], "country": "RS", "links": ["https://korrespondent.net/ukraine/4915455-okkupanty-prykryvauitsia-hrazhdanskymy-otstupaia-yz-kharkovschyny-khartyia"], "confidence": 0.8, "tone": -3.73134328358209, "goldstein": -10.0, "mentions": 10}}, {"type": "Feature", "geometry": {"type": "Point", "coordinates": [37.5998, 49.7209]}, "properties": {"id": "gdelt-1325243262", "source": "gdelt", "event_type": "Fight", "sub_type": "CAMEO 193", "date": "2026-09-28", "title": "Fight — Kupyansk, Kharkivs'ka Oblast', Ukraine", "description": "", "fatalities": null, "actors": ["CIVILIAN", "UKRAINIAN"], "country": "UP", "links": ["https://h.ua/2026/09/28/rosiyani-vyvely-tsyvilnykh-z-kupianska-cherez-hazohin-khartiia"], "confidence": 0.8, "tone": -3.32369942196532, "goldstein": -10.0, "mentions": 10}}, {"type": "Feature", "geometry": {"type": "Point", "coordinates": [13.4, 52.5167]}, "properties": {"id": "gdelt-1325243268", "source": "gdelt", "event_type": "Fight", "sub_type": "CAMEO 193", "date": "2026-09-28", "title": "Fight — Berlin, Berlin, Germany", "description": "", "fatalities": null, "actors": ["BERLIN", "POLICE"], "country": "GM", "links": ["https://www.tanjug.rs/svet/hronika/284647/mladic-upucan-u-blizini-policijske-stanice-u-berlinu/vest"], "confidence": 0.8, "tone": -3.8961038961039, "goldstein": -10.0, "mentions": 10}}, {"type": "Feature", "geometry": {"type": "Point", "coordinates": [12.2061, 56.0568]}, "properties": {"id": "gdelt-1325243283", "source": "gdelt", "event_type": "Assault", "sub_type": "CAMEO 180", "date": "2026-09-28", "title": "Assault — Valby, Hovedstaden, Denmark", "description": "", "fatalities": null, "actors": ["DENMARK"], "country": "DA", "links": ["https://www.tv2kosmopol.dk/metropolen/paedofil-paedagog-skal-blive-bag-tremmer-pa-ubestemt-tid-6e90a"], "confidence": 0.7, "tone": -4.44444444444444, "goldstein": -9.0, "mentions": 8}}, {"type": "Feature", "geometry": {"type": "Point", "coordinates": [10.0, 56.0]}, "properties": {"id": "gdelt-1325243284", "source": "gdelt", "event_type": "Fight", "sub_type": "CAMEO 190", "date": "2026-09-28", "title": "Fight — Denmark", "description": "", "fatalities": null, "actors": ["DANISH", "DENMARK"], "country": "DA", "links": ["https://www.europapress.es/internacional/noticia-kallas-pide-estar-vigilantes-porque-rusia-aumentando-actos-sabotaje-dividir-intimidar-ue-20260928102303.html"], "confidence": 0.4, "tone": -4.25101214574899, "goldstein": -10.0, "mentions": 2}}, {"type": "Feature", "geometry": {"type": "Point", "coordinates": [10.0, 56.0]}, "properties": {"id": "gdelt-1325243285", "source": "gdelt", "event_type": "Fight", "sub_type": "CAMEO 190", "date": "2026-09-28", "title": "Fight — Denmark", "description": "", "fatalities": null, "actors": ["DANISH", "MOSCOW"], "country": "DA", "links": ["https://www.europapress.es/internacional/noticia-kallas-pide-estar-vigilantes-porque-rusia-aumentando-actos-sabotaje-dividir-intimidar-ue-20260928102303.html"], "confidence": 0.7, "tone": -4.25101214574899, "goldstein": -10.0, "mentions": 8}}, {"type": "Feature", "geometry": {"type": "Point", "coordinates": [100.0, 60.0]}, "properties": {"id": "gdelt-1325243302", "source": "gdelt", "event_type": "Coerce", "sub_type": "CAMEO 172", "date": "2026-09-28", "title": "Coerce — Russia", "description": "", "fatalities": null, "actors": ["SCHOOL"], "country": "RS", "links": ["https://ru.euronews.com/2026/09/28/russia-schools-decrease"], "confidence": 0.4, "tone": -2.43386243386243, "goldstein": -5.0, "mentions": 2}}, {"type": "Feature", "geometry": {"type": "Point", "coordinates": [100.0, 60.0]}, "properties": {"id": "gdelt-1325243303", "source": "gdelt", "event_type": "Coerce", "sub_type": "CAMEO 172", "date": "2026-09-28", "title": "Coerce — Russia", "description": "", "fatalities": null, "actors": ["SCHOOL"], "country": "RS", "links": ["https://ru.euronews.com/2026/09/28/russia-schools-decrease"], "confidence": 0.7, "tone": -2.43386243386243, "goldstein": -5.0, "mentions": 8}}, {"type": "Feature", "geometry": {"type": "Point", "coordinates": [100.0, 60.0]}, "properties": {"id": "gdelt-1325243304", "source": "gdelt", "event_type": "Coerce", "sub_type": "CAMEO 1721", "date": "2026-09-28", "title": "Coerce — Russia", "description": "", "fatalities": null, "actors": ["SCHOOL"], "country": "RS", "links": ["https://ru.euronews.com/2026/09/28/russia-schools-decrease"], "confidence": 0.8, "tone": -2.43386243386243, "goldstein": -5.0, "mentions": 10}}, {"type": "Feature", "geometry": {"type": "Point", "coordinates": [-98.5795, 39.828175]}, "properties": {"id": "gdelt-1325243305", "source": "gdelt", "event_type": "Assault", "sub_type": "CAMEO 1822", "date": "2026-09-28", "title": "Assault — United States", "description": "", "fatalities": null, "actors": ["STUDENT"], "country": "US", "links": ["https://bitacora.com.uy/christa-pike-podria-ser-la-primera-mujer-ejecutada-en-tennessee-en-200-primaveras/"], "confidence": 0.8, "tone": -5.78609000584454, "goldstein": -9.0, "mentions": 10}}, {"type": "Feature", "geometry": {"type": "Point", "coordinates": [-98.5795, 39.828175]}, "properties": {"id": "gdelt-1325243306", "source": "gdelt", "event_type": "Fight", "sub_type": "CAMEO 190", "date": "2026-09-28", "title": "Fight — United States", "description": "", "fatalities": null, "actors": ["STUDENT"], "country": "US", "links": ["https://bitacora.com.uy/christa-pike-podria-ser-la-primera-mujer-ejecutada-en-tennessee-en-200-primaveras/"], "confidence": 0.8, "tone": -5.78609000584454, "goldstein": -10.0, "mentions": 10}}, {"type": "Feature", "geometry": {"type": "Point", "coordinates": [100.0, 60.0]}, "properties": {"id": "gdelt-1325243345", "source": "gdelt", "event_type": "Fight", "sub_type": "CAMEO 190", "date": "2026-09-28", "title": "Fight — Russia", "description": "", "fatalities": null, "actors": ["EUROPEAN"], "country": "RS", "links": ["https://forsal.pl/kraj/bezpieczenstwo/artykuly/11320466,fabryki-amunicji-pracuja-bez-przerwy-europie-wyraznie-sie-spieszy.html"], "confidence": 0.8, "tone": -1.88679245283019, "goldstein": -10.0, "mentions": 10}}, {"type": "Feature", "geometry": {"type": "Point", "coordinates": [2.0, 46.0]}, "properties": {"id": "gdelt-1325243358", "source": "gdelt", "event_type": "Fight", "sub_type": "CAMEO 193", "date": "2026-09-28", "title": "Fight — France", "description": "", "fatalities": null, "actors": ["FRANCE", "COMPANY"], "country": "FR", "links": ["https://www.ici.fr/emissions/l-info-d-ici-ici-champagne-ardenne/rites-symboles-discretion-a-cormontreuil-les-francs-macons-ouvrent-les-portes-de-leur-temple-1839736"], "confidence": 0.8, "tone": 0.58997050147493, "goldstein": -10.0, "mentions": 10}}, {"type": "Feature", "geometry": {"type": "Point", "coordinates": [34.8003, 50.9216]}, "properties": {"id": "gdelt-1325243412", "source": "gdelt", "event_type": "Fight", "sub_type": "CAMEO 190", "date": "2026-09-28", "title": "Fight — Sumy, Sums'ka Oblast', Ukraine", "description": "", "fatalities": null, "actors": ["CHIEF OF STAFF"], "country": "UP", "links": ["https://korrespondent.net/ukraine/4915465-udar-rf-po-faktor-druk-budut-sudyt-chetyrekh-rossyiskykh-komandyrov"], "confidence": 0.4, "tone": -8.08080808080804, "goldstein": -10.0, "mentions": 2}}, {"type": "Feature", "geometry": {"type": "Point", "coordinates": [36.5802, 50.6107]}, "properties": {"id": "gdelt-1325243413", "source": "gdelt", "event_type": "Fight", "sub_type": "CAMEO 190", "date": "2026-09-28", "title": "Fight — Belgorod, Belgorodskaya Oblast', Russia", "description": "", "fatalities": null, "actors": ["CHIEF OF STAFF"], "country": "RS", "links": ["https://korrespondent.net/ukraine/4915465-udar-rf-po-faktor-druk-budut-sudyt-chetyrekh-rossyiskykh-komandyrov"], "confidence": 0.7, "tone": -8.08080808080804, "goldstein": -10.0, "mentions": 8}}, {"type": "Feature", "geometry": {"type": "Point", "coordinates": [14.433333, 35.916667]}, "properties": {"id": "gdelt-1325243424", "source": "gdelt", "event_type": "Coerce", "sub_type": "CAMEO 173", "date": "2026-09-28", "title": "Coerce — Malta", "description": "", "fatalities": null, "actors": ["MINIST", "CITIZEN"], "country": "MT", "links": ["https://www.italpress.com/malta-trattative-per-consentire-ai-detenuti-stranieri-di-scontare-la-pena-allestero/"], "confidence": 0.8, "tone": -6.52173913043478, "goldstein": -5.0, "mentions": 10}}, {"type": "Feature", "geometry": {"type": "Point", "coordinates": [-4.0, 54.0]}, "properties": {"id": "gdelt-1325243433", "source": "gdelt", "event_type": "Fight", "sub_type": "CAMEO 190", "date": "2026-09-28", "title": "Fight — United Kingdom", "description": "", "fatalities": null, "actors": ["INTERIOR MINIST", "UNITED KINGDOM"], "country": "UK", "links": ["https://www.azadliq.org/a/britaniya-baza-terror-cehd/33865683.html"], "confidence": 0.4, "tone": -4.49438202247191, "goldstein": -10.0, "mentions": 2}}, {"type": "Feature", "geometry": {"type": "Point", "coordinates": [-4.0, 54.0]}, "properties": {"id": "gdelt-1325243434", "source": "gdelt", "event_type": "Fight", "sub_type": "CAMEO 190", "date": "2026-09-28", "title": "Fight — United Kingdom", "description": "", "fatalities": null, "actors": ["INTERIOR MINIST", "UNITED KINGDOM"], "country": "UK", "links": ["https://www.azadliq.org/a/britaniya-baza-terror-cehd/33865683.html"], "confidence": 0.7, "tone": -4.49438202247191, "goldstein": -10.0, "mentions": 8}}, {"type": "Feature", "geometry": {"type": "Point", "coordinates": [105.0, 35.0]}, "properties": {"id": "gdelt-1325243441", "source": "gdelt", "event_type": "Coerce", "sub_type": "CAMEO 172", "date": "2026-09-28", "title": "Coerce — China", "description": "", "fatalities": null, "actors": ["GOVERNMENT", "SENATOR"], "country": "CH", "links": ["https://tek.sapo.pt/noticias/negocios/artigos/acoes-de-fabricantes-chinesas-de-telecomunicacoes-afundam-depois-de-novas-propostas-dos-eua-para-barrar-tecnologia-da-china/"], "confidence": 0.7, "tone": -1.4446227929374, "goldstein": -5.0, "mentions": 8}}, {"type": "Feature", "geometry": {"type": "Point", "coordinates": [105.0, 35.0]}, "properties": {"id": "gdelt-1325243442", "source": "gdelt", "event_type": "Coerce", "sub_type": "CAMEO 172", "date": "2026-09-28", "title": "Coerce — China", "description": "", "fatalities": null, "actors": ["GOVERNMENT", "SENATOR"], "country": "CH", "links": ["https://tek.sapo.pt/noticias/negocios/artigos/acoes-de-fabricantes-chinesas-de-telecomunicacoes-afundam-depois-de-novas-propostas-dos-eua-para-barrar-tecnologia-da-china/"], "confidence": 0.4, "tone": -1.4446227929374, "goldstein": -5.0, "mentions": 2}}, {"type": "Feature", "geometry": {"type": "Point", "coordinates": [26.1, 44.4333]}, "properties": {"id": "gdelt-1325243453", "source": "gdelt", "event_type": "Fight", "sub_type": "CAMEO 195", "date": "2026-09-28", "title": "Fight — Bucharest, Bucuresti, Romania", "description": "", "fatalities": null, "actors": ["MINISTRY", "UKRAINE"], "country": "RO", "links": ["https://www.europapress.es/internacional/noticia-rumania-despliega-dos-cazas-incursion-artefacto-aereo-territorio-ucrania-20260928111102.html"], "confidence": 0.7, "tone": -2.28136882129277, "goldstein": -10.0, "mentions": 8}}, {"type": "Feature", "geometry": {"type": "Point", "coordinates": [32.0, 49.0]}, "properties": {"id": "gdelt-1325243454", "source": "gdelt", "event_type": "Fight", "sub_type": "CAMEO 195", "date": "2026-09-28", "title": "Fight — Ukraine", "description": "", "fatalities": null, "actors": ["MINISTRY", "UKRAINE"], "country": "UP", "links": ["https://www.europapress.es/internacional/noticia-rumania-despliega-dos-cazas-incursion-artefacto-aereo-territorio-ucrania-20260928111102.html"], "confidence": 0.4, "tone": -2.28136882129277, "goldstein": -10.0, "mentions": 2}}, {"type": "Feature", "geometry": {"type": "Point", "coordinates": [22.0, 39.0]}, "properties": {"id": "gdelt-1325243473", "source": "gdelt", "event_type": "Coerce", "sub_type": "CAMEO 174", "date": "2026-09-28", "title": "Coerce — Greece", "description": "", "fatalities": null, "actors": ["GREECE", "IMMIGRANT"], "country": "GR", "links": ["https://www.iefimerida.gr/politiki/pleyris-elliniki-proedria-ee-afriki-kentro-epistrofis-metanaston"], "confidence": 0.9, "tone": -1.93370165745857, "goldstein": -5.0, "mentions": 20}}, {"type": "Feature", "geometry": {"type": "Point", "coordinates": [22.0, 39.0]}, "properties": {"id": "gdelt-1325243474", "source": "gdelt", "event_type": "Coerce", "sub_type": "CAMEO 173", "date": "2026-09-28", "title": "Coerce — Greece", "description": "", "fatalities": null, "actors": ["GREECE", "ACTOR"], "country": "GR", "links": ["https://www.news.gr/ellada/article/4220463/ipoklopes-minisi-katethese-o-stelios-kouloglou-katangellontas-tin-parakolouthisi-tou.html"], "confidence": 0.5, "tone": -2.35042735042735, "goldstein": -5.0, "mentions": 4}}, {"type": "Feature", "geometry": {"type": "Point", "coordinates": [-98.5795, 39.828175]}, "properties": {"id": "gdelt-1325243502", "source": "gdelt", "event_type": "Fight", "sub_type": "CAMEO 194", "date": "2026-09-28", "title": "Fight — United States", "description": "", "fatalities": null, "actors": ["IRANIAN"], "country": "US", "links": ["https://alhourriah.org/article/172132"], "confidence": 0.8, "tone": -7.75193798449616, "goldstein": -10.0, "mentions": 10}}, {"type": "Feature", "geometry": {"type": "Point", "coordinates": [34.3333, 31.4167]}, "properties": {"id": "gdelt-1325243514", "source": "gdelt", "event_type": "Coerce", "sub_type": "CAMEO 173", "date": "2026-09-28", "title": "Coerce — Gaza, Israel (general), Israel", "description": "", "fatalities": null, "actors": ["ISRAEL"], "country": "IS", "links": ["https://jo24.net/article/578311"], "confidence": 0.5, "tone": 0.0919963201471998, "goldstein": -5.0, "mentions": 4}}, {"type": "Feature", "geometry": {"type": "Point", "coordinates": [36.0, 31.0]}, "properties": {"id": "gdelt-1325243515", "source": "gdelt", "event_type": "Coerce", "sub_type": "CAMEO 173", "date": "2026-09-28", "title": "Coerce — Jordan", "description": "", "fatalities": null, "actors": ["ISRAEL"], "country": "JO", "links": ["https://jo24.net/article/578311"], "confidence": 0.5, "tone": 0.0919963201471998, "goldstein": -5.0, "mentions": 4}}, {"type": "Feature", "geometry": {"type": "Point", "coordinates": [-55.0, -10.0]}, "properties": {"id": "gdelt-1325243535", "source": "gdelt", "event_type": "Fight", "sub_type": "CAMEO 190", "date": "2026-09-28", "title": "Fight — Brazil", "description": "", "fatalities": null, "actors": ["ITALIAN", "BRAZILIAN"], "country": "BR", "links": ["https://www.zazoom.it/2026-09-28/omicidio-fabio-colapietro-la-confessione-fumavamo-crack-mentre-facevamo-sparire-il-corpo/19732437/"], "confidence": 0.7, "tone": -10.886075949367, "goldstein": -10.0, "mentions": 8}}, {"type": "Feature", "geometry": {"type": "Point", "coordinates": [-55.0, -10.0]}, "properties": {"id": "gdelt-1325243536", "source": "gdelt", "event_type": "Fight", "sub_type": "CAMEO 190", "date": "2026-09-28", "title": "Fight — Brazil", "description": "", "fatalities": null, "actors": ["ITALY", "BRAZIL"], "country": "BR", "links": ["https://www.zazoom.it/2026-09-28/omicidio-fabio-colapietro-la-confessione-fumavamo-crack-mentre-facevamo-sparire-il-corpo/19732437/"], "confidence": 0.4, "tone": -10.886075949367, "goldstein": -10.0, "mentions": 2}}, {"type": "Feature", "geometry": {"type": "Point", "coordinates": [12.3667, 43.1333]}, "properties": {"id": "gdelt-1325243581", "source": "gdelt", "event_type": "Coerce", "sub_type": "CAMEO 173", "date": "2026-09-28", "title": "Coerce — Perugia, Umbria, Italy", "description": "", "fatalities": null, "actors": ["EMPLOYEE"], "country": "IT", "links": ["https://www.zazoom.it/2026-09-28/danno-da-disservizio-nella-scuola-ecco-quando-avviene-e-cosa-rischiano-dirigenti-e-dipendenti/19732429/"], "confidence": 0.8, "tone": -11.1420612813371, "goldstein": -5.0, "mentions": 10}}, {"type": "Feature", "geometry": {"type": "Point", "coordinates": [-4.0, 40.0]}, "properties": {"id": "gdelt-1325243603", "source": "gdelt", "event_type": "Coerce", "sub_type": "CAMEO 173", "date": "2026-09-28", "title": "Coerce — Spain", "description": "", "fatalities": null, "actors": ["MOROCCO", "MAYOR"], "country": "SP", "links": ["https://www.larazon.es/espana/alcalde-tanger-arrestado-llegar-marruecos-malaga_202609286aba3843d5f3ae10c736e874.html"], "confidence": 0.8, "tone": -5.75, "goldstein": -5.0, "mentions": 10}}, {"type": "Feature", "geometry": {"type": "Point", "coordinates": [13.35, 48.4667]}, "properties": {"id": "gdelt-1325243610", "source": "gdelt", "event_type": "Coerce", "sub_type": "CAMEO 173", "date": "2026-09-28", "title": "Coerce — Hillerod, Bayern, Germany", "description": "", "fatalities": null, "actors": ["MALE"], "country": "GM", "links": ["https://www.tv2kosmopol.dk/metropolen/paedofilidomt-paedagog-vil-have-omstodt-forvaringsdom-7f46a"], "confidence": 0.9, "tone": -5.84329349269589, "goldstein": -5.0, "mentions": 30}}, {"type": "Feature", "geometry": {"type": "Point", "coordinates": [13.35, 48.4667]}, "properties": {"id": "gdelt-1325243611", "source": "gdelt", "event_type": "Assault", "sub_type": "CAMEO 180", "date": "2026-09-28", "title": "Assault — Hillerod, Bayern, Germany", "description": "", "fatalities": null, "actors": ["MALE"], "country": "GM", "links": ["https://www.tv2kosmopol.dk/metropolen/paedofilidomt-paedagog-vil-have-omstodt-forvaringsdom-7f46a"], "confidence": 0.9, "tone": -5.84329349269589, "goldstein": -9.0, "mentions": 42}}, {"type": "Feature", "geometry": {"type": "Point", "coordinates": [12.5833, 55.6667]}, "properties": {"id": "gdelt-1325243612", "source": "gdelt", "event_type": "Assault", "sub_type": "CAMEO 180", "date": "2026-09-28", "title": "Assault — Copenhagen, Køavn*, Denmark", "description": "", "fatalities": null, "actors": ["MALE"], "country": "DA", "links": ["https://www.tv2kosmopol.dk/koebenhavn/minimum-20-personer-far-krisehjaelp-efter-mand-satte-ild-til-sig-selv-9135a"], "confidence": 0.9, "tone": -3.63475783743055, "goldstein": -9.0, "mentions": 50}}, {"type": "Feature", "geometry": {"type": "Point", "coordinates": [13.35, 48.4667]}, "properties": {"id": "gdelt-1325243614", "source": "gdelt", "event_type": "Assault", "sub_type": "CAMEO 180", "date": "2026-09-28", "title": "Assault — Hillerod, Bayern, Germany", "description": "", "fatalities": null, "actors": ["MALE", "GERMANY"], "country": "GM", "links": ["https://www.tv2kosmopol.dk/metropolen/paedofilidomt-paedagog-vil-have-omstodt-forvaringsdom-7f46a"], "confidence": 0.7, "tone": -5.84329349269589, "goldstein": -9.0, "mentions": 8}}, {"type": "Feature", "geometry": {"type": "Point", "coordinates": [12.5, 43.0]}, "properties": {"id": "gdelt-1325243623", "source": "gdelt", "event_type": "Fight", "sub_type": "CAMEO 193", "date": "2026-09-28", "title": "Fight — Umbria, Umbria, Italy", "description": "", "fatalities": null, "actors": ["PUBLICATION"], "country": "IT", "links": ["https://orvietosi.it/2026/09/torna-fai-volare-la-speranza-26-promossa-da-occ-odv-le-iniziative-per-i-30-anni-della-costituzione-dellassociazione/"], "confidence": 0.8, "tone": 2.75080906148868, "goldstein": -10.0, "mentions": 10}}, {"type": "Feature", "geometry": {"type": "Point", "coordinates": [53.0, 32.0]}, "properties": {"id": "gdelt-1325243632", "source": "gdelt", "event_type": "Assault", "sub_type": "CAMEO 180", "date": "2026-09-28", "title": "Assault — Iran", "description": "", "fatalities": null, "actors": ["MARINES", "ADMINISTRATION"], "country": "IR", "links": ["https://www.protothema.gr/world/article/1885811/okto-amerikanoi-pezonautes-traumatistikan-apo-iraniki-epithesi-me-puraulo-krouz-sta-stena-tou-ormouz/"], "confidence": 0.8, "tone": -7.98548094373866, "goldstein": -9.0, "mentions": 10}}, {"type": "Feature", "geometry": {"type": "Point", "coordinates": [53.0, 32.0]}, "properties": {"id": "gdelt-1325243633", "source": "gdelt", "event_type": "Assault", "sub_type": "CAMEO 180", "date": "2026-09-28", "title": "Assault — Iran", "description": "", "fatalities": null, "actors": ["MARINES", "IRANIAN"], "country": "IR", "links": ["https://www.protothema.gr/world/article/1885811/okto-amerikanoi-pezonautes-traumatistikan-apo-iraniki-epithesi-me-puraulo-krouz-sta-stena-tou-ormouz/"], "confidence": 0.7, "tone": -7.98548094373866, "goldstein": -9.0, "mentions": 8}}, {"type": "Feature", "geometry": {"type": "Point", "coordinates": [106.829, -6.17444]}, "properties": {"id": "gdelt-1325243639", "source": "gdelt", "event_type": "Fight", "sub_type": "CAMEO 190", "date": "2026-09-28", "title": "Fight — Jakarta, Jakarta Raya, Indonesia", "description": "", "fatalities": null, "actors": ["ADMIRAL", "UNITED STATES"], "country": "ID", "links": ["https://www.antaranews.com/berita/5761781/dekat-dengan-marinir-as-indonesia-dapat-harga-khusus-aav-m-35"], "confidence": 0.8, "tone": -2.88461538461539, "goldstein": -10.0, "mentions": 10}}, {"type": "Feature", "geometry": {"type": "Point", "coordinates": [-98.5795, 39.828175]}, "properties": {"id": "gdelt-1325243640", "source": "gdelt", "event_type": "Fight", "sub_type": "CAMEO 190", "date": "2026-09-28", "title": "Fight — United States", "description": "", "fatalities": null, "actors": ["MARINES", "UNITED STATES"], "country": "US", "links": ["https://www.antaranews.com/berita/5761781/dekat-dengan-marinir-as-indonesia-dapat-harga-khusus-aav-m-35"], "confidence": 0.8, "tone": -2.88461538461539, "goldstein": -10.0, "mentions": 10}}, {"type": "Feature", "geometry": {"type": "Point", "coordinates": [-4.0, 54.0]}, "properties": {"id": "gdelt-1325243642", "source": "gdelt", "event_type": "Coerce", "sub_type": "CAMEO 173", "date": "2026-09-28", "title": "Coerce — United Kingdom", "description": "", "fatalities": null, "actors": ["AIR FORCE", "UNITED STATES"], "country": "UK", "links": ["https://www.ynet.co.il/news/article/s1ffbfpcgx"], "confidence": 0.6000000000000001, "tone": -6.43070787637089, "goldstein": -5.0, "mentions": 6}}, {"type": "Feature", "geometry": {"type": "Point", "coordinates": [21.4333, 42.0]}, "properties": {"id": "gdelt-1325243644", "source": "gdelt", "event_type": "Coerce", "sub_type": "CAMEO 172", "date": "2026-09-28", "title": "Coerce — Skopje, Macedonia (general), Macedonia", "description": "", "fatalities": null, "actors": ["MACEDONIA"], "country": "MK", "links": ["https://news.bg/bulgaria/problemi-za-vazrazhdane-severna-makedoniya-ne-pusna-deputat-na-kostadin-kostadinov-po-deloto-iva-mihaylova.html"], "confidence": 0.6000000000000001, "tone": -3.30188679245283, "goldstein": -5.0, "mentions": 6}}, {"type": "Feature", "geometry": {"type": "Point", "coordinates": [21.4333, 42.0]}, "properties": {"id": "gdelt-1325243645", "source": "gdelt", "event_type": "Coerce", "sub_type": "CAMEO 172", "date": "2026-09-28", "title": "Coerce — Skopje, Macedonia (general), Macedonia", "description": "", "fatalities": null, "actors": ["MACEDONIA", "BULGARIA"], "country": "MK", "links": ["https://news.bg/bulgaria/problemi-za-vazrazhdane-severna-makedoniya-ne-pusna-deputat-na-kostadin-kostadinov-po-deloto-iva-mihaylova.html"], "confidence": 0.4, "tone": -3.30188679245283, "goldstein": -5.0, "mentions": 2}}, {"type": "Feature", "geometry": {"type": "Point", "coordinates": [25.0, 43.0]}, "properties": {"id": "gdelt-1325243646", "source": "gdelt", "event_type": "Coerce", "sub_type": "CAMEO 172", "date": "2026-09-28", "title": "Coerce — Bulgaria", "description": "", "fatalities": null, "actors": ["MACEDONIA", "BULGARIA"], "country": "BU", "links": ["https://news.bg/bulgaria/problemi-za-vazrazhdane-severna-makedoniya-ne-pusna-deputat-na-kostadin-kostadinov-po-deloto-iva-mihaylova.html"], "confidence": 0.4, "tone": -3.30188679245283, "goldstein": -5.0, "mentions": 2}}, {"type": "Feature", "geometry": {"type": "Point", "coordinates": [21.0, 44.0]}, "properties": {"id": "gdelt-1325243648", "source": "gdelt", "event_type": "Coerce", "sub_type": "CAMEO 173", "date": "2026-09-28", "title": "Coerce — Serbia", "description": "", "fatalities": null, "actors": ["ZAIN", "SERBIA"], "country": "RI", "links": ["https://informer.rs/hronika/vesti/1155065/voznja-bez-dozvole-srbin-budva-kazna"], "confidence": 0.7, "tone": -7.9646017699115, "goldstein": -5.0, "mentions": 8}}, {"type": "Feature", "geometry": {"type": "Point", "coordinates": [84.0, 28.0]}, "properties": {"id": "gdelt-1325243655", "source": "gdelt", "event_type": "Coerce", "sub_type": "CAMEO 1712", "date": "2026-09-28", "title": "Coerce — Nepal", "description": "", "fatalities": null, "actors": ["NEPALESE"], "country": "NP", "links": ["https://www.tagesschau.de/ausland/asien/nepal-flutkatastrophe-lage-100.html"], "confidence": 0.8, "tone": -4.60081190798376, "goldstein": -9.2, "mentions": 10}}, {"type": "Feature", "geometry": {"type": "Point", "coordinates": [-8.0, 53.0]}, "properties": {"id": "gdelt-1325243657", "source": "gdelt", "event_type": "Fight", "sub_type": "CAMEO 191", "date": "2026-09-28", "title": "Fight — Ireland", "description": "", "fatalities": null, "actors": ["PROTESTER"], "country": "EI", "links": ["https://www.blic.rs/vesti/svet/stotine-demonstranta-blokiralo-rutu-parade-oranz-reda-u-severnoj-irskoj/c0wl5jh"], "confidence": 0.8, "tone": -6.49350649350649, "goldstein": -9.5, "mentions": 10}}, {"type": "Feature", "geometry": {"type": "Point", "coordinates": [72.6662, 33.5482]}, "properties": {"id": "gdelt-1325243659", "source": "gdelt", "event_type": "Assault", "sub_type": "CAMEO 181", "date": "2026-09-28", "title": "Assault — Dhok, Punjab, Pakistan", "description": "", "fatalities": null, "actors": ["PAKISTAN"], "country": "PK", "links": ["https://www.express.pk/story/2835114/rawalpindi-kidnapped-woman-killed-two-daughters-recovered-brother-in-law-arrested-2835114"], "confidence": 0.7, "tone": -3.75586854460094, "goldstein": -9.0, "mentions": 8}}, {"type": "Feature", "geometry": {"type": "Point", "coordinates": [72.6662, 33.5482]}, "properties": {"id": "gdelt-1325243660", "source": "gdelt", "event_type": "Fight", "sub_type": "CAMEO 190", "date": "2026-09-28", "title": "Fight — Dhok, Punjab, Pakistan", "description": "", "fatalities": null, "actors": ["PAKISTAN"], "country": "PK", "links": ["https://www.express.pk/story/2835114/rawalpindi-kidnapped-woman-killed-two-daughters-recovered-brother-in-law-arrested-2835114"], "confidence": 0.6000000000000001, "tone": -3.75586854460094, "goldstein": -10.0, "mentions": 6}}, {"type": "Feature", "geometry": {"type": "Point", "coordinates": [72.6662, 33.5482]}, "properties": {"id": "gdelt-1325243661", "source": "gdelt", "event_type": "Fight", "sub_type": "CAMEO 190", "date": "2026-09-28", "title": "Fight — Dhok, Punjab, Pakistan", "description": "", "fatalities": null, "actors": ["PAKISTAN"], "country": "PK", "links": ["https://www.express.pk/story/2835114/rawalpindi-kidnapped-woman-killed-two-daughters-recovered-brother-in-law-arrested-2835114"], "confidence": 0.4, "tone": -3.75586854460094, "goldstein": -10.0, "mentions": 2}}, {"type": "Feature", "geometry": {"type": "Point", "coordinates": [-9.13333, 38.7167]}, "properties": {"id": "gdelt-1325243679", "source": "gdelt", "event_type": "Protest", "sub_type": "CAMEO 141", "date": "2026-09-28", "title": "Protest — Lisbon, Lisboa, Portugal", "description": "", "fatalities": null, "actors": ["PORTUGUESE"], "country": "PO", "links": ["https://bomdia.lu/psd-ouve-comunidades-portuguesas-na-europa-sobre-impostos-voto-e-ensino/"], "confidence": 0.4, "tone": 1.23711340206185, "goldstein": -6.5, "mentions": 2}}, {"type": "Feature", "geometry": {"type": "Point", "coordinates": [-9.13333, 38.7167]}, "properties": {"id": "gdelt-1325243682", "source": "gdelt", "event_type": "Protest", "sub_type": "CAMEO 141", "date": "2026-09-28", "title": "Protest — Lisbon, Lisboa, Portugal", "description": "", "fatalities": null, "actors": ["PORTUGUESE", "EUROPE"], "country": "PO", "links": ["https://bomdia.lu/psd-ouve-comunidades-portuguesas-na-europa-sobre-impostos-voto-e-ensino/"], "confidence": 0.7, "tone": 1.23711340206185, "goldstein": -6.5, "mentions": 8}}, {"type": "Feature", "geometry": {"type": "Point", "coordinates": [2.0, 46.0]}, "properties": {"id": "gdelt-1325243683", "source": "gdelt", "event_type": "Protest", "sub_type": "CAMEO 141", "date": "2026-09-28", "title": "Protest — France", "description": "", "fatalities": null, "actors": ["PORTUGUESE", "FRANCE"], "country": "FR", "links": ["https://bomdia.lu/partidos-nao-podem-olhar-para-a-militancia-no-estrangeiro-atraves-de-modelos-concebidos-para-portugal/"], "confidence": 0.6000000000000001, "tone": 0.37546933667084, "goldstein": -6.5, "mentions": 6}}, {"type": "Feature", "geometry": {"type": "Point", "coordinates": [2.0, 46.0]}, "properties": {"id": "gdelt-1325243684", "source": "gdelt", "event_type": "Protest", "sub_type": "CAMEO 141", "date": "2026-09-28", "title": "Protest — France", "description": "", "fatalities": null, "actors": ["PORTUGAL", "FRANCE"], "country": "FR", "links": ["https://bomdia.lu/partidos-nao-podem-olhar-para-a-militancia-no-estrangeiro-atraves-de-modelos-concebidos-para-portugal/"], "confidence": 0.4, "tone": 0.37546933667084, "goldstein": -6.5, "mentions": 2}}, {"type": "Feature", "geometry": {"type": "Point", "coordinates": [-8.0, 39.5]}, "properties": {"id": "gdelt-1325243685", "source": "gdelt", "event_type": "Protest", "sub_type": "CAMEO 141", "date": "2026-09-28", "title": "Protest — Portugal", "description": "", "fatalities": null, "actors": ["PORTUGUESE", "FRANCE"], "country": "PO", "links": ["https://bomdia.lu/partidos-nao-podem-olhar-para-a-militancia-no-estrangeiro-atraves-de-modelos-concebidos-para-portugal/"], "confidence": 0.4, "tone": 0.37546933667084, "goldstein": -6.5, "mentions": 2}}, {"type": "Feature", "geometry": {"type": "Point", "coordinates": [-8.0, 39.5]}, "properties": {"id": "gdelt-1325243692", "source": "gdelt", "event_type": "Fight", "sub_type": "CAMEO 190", "date": "2026-09-28", "title": "Fight — Portugal", "description": "", "fatalities": null, "actors": ["PORTUGUESE", "PORTUGUESE"], "country": "PO", "links": ["https://bomdia.lu/medico-portugues-ajudou-a-combater-a-covid-19-na-amazonia-e-acabou-em-tribunal/"], "confidence": 0.7, "tone": -1.91815856777493, "goldstein": -10.0, "mentions": 8}}, {"type": "Feature", "geometry": {"type": "Point", "coordinates": [-57.996389, -22.993333]}, "properties": {"id": "gdelt-1325243693", "source": "gdelt", "event_type": "Fight", "sub_type": "CAMEO 192", "date": "2026-09-28", "title": "Fight — Paraguay", "description": "", "fatalities": null, "actors": ["PARAGUAY"], "country": "PA", "links": ["https://www.lanacion.com.py/columnistas/2026/09/28/de-crecer-a-competir-el-paso-que-debemos-dar/"], "confidence": 0.8, "tone": 1.931330472103, "goldstein": -9.5, "mentions": 10}}, {"type": "Feature", "geometry": {"type": "Point", "coordinates": [34.3333, 31.4167]}, "properties": {"id": "gdelt-1325243697", "source": "gdelt", "event_type": "Coerce", "sub_type": "CAMEO 173", "date": "2026-09-28", "title": "Coerce — Gaza, Israel (general), Israel", "description": "", "fatalities": null, "actors": ["PALESTINE"], "country": "IS", "links": ["https://jo24.net/article/578311"], "confidence": 0.4, "tone": 0.0919963201471998, "goldstein": -5.0, "mentions": 2}}, {"type": "Feature", "geometry": {"type": "Point", "coordinates": [36.0, 31.0]}, "properties": {"id": "gdelt-1325243698", "source": "gdelt", "event_type": "Coerce", "sub_type": "CAMEO 173", "date": "2026-09-28", "title": "Coerce — Jordan", "description": "", "fatalities": null, "actors": ["PALESTINE"], "country": "JO", "links": ["https://jo24.net/article/578311"], "confidence": 0.4, "tone": 0.0919963201471998, "goldstein": -5.0, "mentions": 2}}, {"type": "Feature", "geometry": {"type": "Point", "coordinates": [34.3333, 31.4167]}, "properties": {"id": "gdelt-1325243699", "source": "gdelt", "event_type": "Protest", "sub_type": "CAMEO 141", "date": "2026-09-28", "title": "Protest — Gaza, Israel (general), Israel", "description": "", "fatalities": null, "actors": ["GAZA", "SETTLEMENT"], "country": "IS", "links": ["https://alhourriah.org/article/172153"], "confidence": 0.8, "tone": -3.33333333333333, "goldstein": -6.5, "mentions": 10}}, {"type": "Feature", "geometry": {"type": "Point", "coordinates": [34.3333, 31.4167]}, "properties": {"id": "gdelt-1325243702", "source": "gdelt", "event_type": "Coerce", "sub_type": "CAMEO 173", "date": "2026-09-28", "title": "Coerce — Gaza, Israel (general), Israel", "description": "", "fatalities": null, "actors": ["PALESTINE", "ISRAEL"], "country": "IS", "links": ["https://jo24.net/article/578311"], "confidence": 0.4, "tone": 0.0919963201471998, "goldstein": -5.0, "mentions": 2}}, {"type": "Feature", "geometry": {"type": "Point", "coordinates": [36.0, 31.0]}, "properties": {"id": "gdelt-1325243703", "source": "gdelt", "event_type": "Coerce", "sub_type": "CAMEO 173", "date": "2026-09-28", "title": "Coerce — Jordan", "description": "", "fatalities": null, "actors": ["PALESTINE", "ISRAEL"], "country": "JO", "links": ["https://jo24.net/article/578311"], "confidence": 0.4, "tone": 0.0919963201471998, "goldstein": -5.0, "mentions": 2}}, {"type": "Feature", "geometry": {"type": "Point", "coordinates": [26.1, 44.4333]}, "properties": {"id": "gdelt-1325243720", "source": "gdelt", "event_type": "Fight", "sub_type": "CAMEO 195", "date": "2026-09-28", "title": "Fight — Bucharest, Bucuresti, Romania", "description": "", "fatalities": null, "actors": ["ROMANIA", "UKRAINE"], "country": "RO", "links": ["https://www.europapress.es/internacional/noticia-rumania-despliega-dos-cazas-incursion-artefacto-aereo-territorio-ucrania-20260928111102.html"], "confidence": 0.8, "tone": -2.28136882129277, "goldstein": -10.0, "mentions": 10}}, {"type": "Feature", "geometry": {"type": "Point", "coordinates": [15.0, 62.0]}, "properties": {"id": "gdelt-1325243721", "source": "gdelt", "event_type": "Fight", "sub_type": "CAMEO 195", "date": "2026-09-28", "title": "Fight — Sweden", "description": "", "fatalities": null, "actors": ["ROMANIA", "UKRAINE"], "country": "SW", "links": ["https://www.europapress.es/internacional/noticia-rumania-despliega-dos-cazas-incursion-artefacto-aereo-territorio-ucrania-20260928111102.html"], "confidence": 0.8, "tone": -2.28136882129277, "goldstein": -10.0, "mentions": 10}}, {"type": "Feature", "geometry": {"type": "Point", "coordinates": [34.3382, 53.5978]}, "properties": {"id": "gdelt-1325243734", "source": "gdelt", "event_type": "Coerce", "sub_type": "CAMEO 172", "date": "2026-09-28", "title": "Coerce — Dyatkovo, Bryanskaya Oblast', Russia", "description": "", "fatalities": null, "actors": ["BRYANSK"], "country": "RS", "links": ["https://www.5-tv.ru/news/5088696/vbranskoj-ikaluzskoj-oblastah-priostanovili-dvizenie-poezdov-izza-atak-vsu-aii/"], "confidence": 0.7, "tone": -6.13496932515337, "goldstein": -5.0, "mentions": 8}}, {"type": "Feature", "geometry": {"type": "Point", "coordinates": [32.0, 49.0]}, "properties": {"id": "gdelt-1325243735", "source": "gdelt", "event_type": "Coerce", "sub_type": "CAMEO 172", "date": "2026-09-28", "title": "Coerce — Ukraine", "description": "", "fatalities": null, "actors": ["BRYANSK"], "country": "UP", "links": ["https://www.5-tv.ru/news/5088696/vbranskoj-ikaluzskoj-oblastah-priostanovili-dvizenie-poezdov-izza-atak-vsu-aii/"], "confidence": 0.4, "tone": -6.13496932515337, "goldstein": -5.0, "mentions": 2}}, {"type": "Feature", "geometry": {"type": "Point", "coordinates": [34.8003, 50.9216]}, "properties": {"id": "gdelt-1325243744", "source": "gdelt", "event_type": "Fight", "sub_type": "CAMEO 190", "date": "2026-09-28", "title": "Fight — Sumy, Sums'ka Oblast', Ukraine", "description": "", "fatalities": null, "actors": ["RUSSIAN", "POPULATION"], "country": "UP", "links": ["https://tvzvezda.ru/news/2026928128-hDoEh.html"], "confidence": 0.8, "tone": -4.3103448275862, "goldstein": -10.0, "mentions": 10}}, {"type": "Feature", "geometry": {"type": "Point", "coordinates": [36.1873, 51.7373]}, "properties": {"id": "gdelt-1325243745", "source": "gdelt", "event_type": "Fight", "sub_type": "CAMEO 190", "date": "2026-09-28", "title": "Fight — Kursk, Kurskaya Oblast', Russia", "description": "", "fatalities": null, "actors": ["RUSSIAN", "CIVILIAN"], "country": "RS", "links": ["https://korrespondent.net/ukraine/4915455-okkupanty-prykryvauitsia-hrazhdanskymy-otstupaia-yz-kharkovschyny-khartyia"], "confidence": 0.5, "tone": -3.73134328358209, "goldstein": -10.0, "mentions": 4}}, {"type": "Feature", "geometry": {"type": "Point", "coordinates": [37.6156, 55.7522]}, "properties": {"id": "gdelt-1325243750", "source": "gdelt", "event_type": "Coerce", "sub_type": "CAMEO 172", "date": "2026-09-28", "title": "Coerce — Moscow, Moskva, Russia", "description": "", "fatalities": null, "actors": ["MOSCOW", "FINLAND"], "country": "RS", "links": ["https://wiadomosci.wp.pl/podgotowka-rosji-niepokoj-na-wschodniej-flance-7333242264963296a"], "confidence": 0.45, "tone": -2.9595015576324, "goldstein": -5.0, "mentions": 3}}, {"type": "Feature", "geometry": {"type": "Point", "coordinates": [26.0, 64.0]}, "properties": {"id": "gdelt-1325243751", "source": "gdelt", "event_type": "Coerce", "sub_type": "CAMEO 172", "date": "2026-09-28", "title": "Coerce — Finland", "description": "", "fatalities": null, "actors": ["MOSCOW", "FINLAND"], "country": "FI", "links": ["https://wiadomosci.wp.pl/podgotowka-rosji-niepokoj-na-wschodniej-flance-7333242264963296a"], "confidence": 0.55, "tone": -2.9595015576324, "goldstein": -5.0, "mentions": 5}}, {"type": "Feature", "geometry": {"type": "Point", "coordinates": [38.5, 48.5]}, "properties": {"id": "gdelt-1325243759", "source": "gdelt", "event_type": "Fight", "sub_type": "CAMEO 190", "date": "2026-09-28", "title": "Fight — Donbass, Ukraine (general), Ukraine", "description": "", "fatalities": null, "actors": ["RUSSIAN", "ARMY"], "country": "UP", "links": ["https://www.actualno.com/europe/nad-5000-km-razlika-mejdu-realnostta-i-tvyrdenijata-na-rusija-za-probiv-v-ukrajna-karti-news_2644035.html"], "confidence": 0.4, "tone": -1.81159420289855, "goldstein": -10.0, "mentions": 2}}, {"type": "Feature", "geometry": {"type": "Point", "coordinates": [36.1873, 51.7373]}, "properties": {"id": "gdelt-1325243765", "source": "gdelt", "event_type": "Assault", "sub_type": "CAMEO 180", "date": "2026-09-28", "title": "Assault — Kursk, Kurskaya Oblast', Russia", "description": "", "fatalities": null, "actors": ["RUSSIAN", "RUSSIA"], "country": "RS", "links": ["https://korrespondent.net/ukraine/4915455-okkupanty-prykryvauitsia-hrazhdanskymy-otstupaia-yz-kharkovschyny-khartyia"], "confidence": 0.5, "tone": -3.73134328358209, "goldstein": -9.0, "mentions": 4}}, {"type": "Feature", "geometry": {"type": "Point", "coordinates": [35.039, 48.463]}, "properties": {"id": "gdelt-1325243772", "source": "gdelt", "event_type": "Fight", "sub_type": "CAMEO 190", "date": "2026-09-28", "title": "Fight — Dnipropetrovsk, Dnipropetrovs'ka Oblast', Ukraine", "description": "", "fatalities": null, "actors": ["RUSSIAN", "UKRAINE"], "country": "UP", "links": ["https://korrespondent.net/city/dnepr/4915461-rossyiane-atakovaly-tsentr-dnepra-est-postradavshye"], "confidence": 0.8, "tone": -7.6530612244898, "goldstein": -10.0, "mentions": 10}}, {"type": "Feature", "geometry": {"type": "Point", "coordinates": [37.6156, 55.7522]}, "properties": {"id": "gdelt-1325243773", "source": "gdelt", "event_type": "Fight", "sub_type": "CAMEO 190", "date": "2026-09-28", "title": "Fight — Kremlin, Moskva, Russia", "description": "", "fatalities": null, "actors": ["RUSSIAN", "UKRAINIAN"], "country": "RS", "links": ["https://www.actualno.com/europe/nad-5000-km-razlika-mejdu-realnostta-i-tvyrdenijata-na-rusija-za-probiv-v-ukrajna-karti-news_2644035.html"], "confidence": 0.4, "tone": -1.81159420289855, "goldstein": -10.0, "mentions": 2}}, {"type": "Feature", "geometry": {"type": "Point", "coordinates": [36.1873, 51.7373]}, "properties": {"id": "gdelt-1325243788", "source": "gdelt", "event_type": "Assault", "sub_type": "CAMEO 180", "date": "2026-09-28", "title": "Assault — Kursk, Kurskaya Oblast', Russia", "description": "", "fatalities": null, "actors": ["RUSSIAN"], "country": "RS", "links": ["https://korrespondent.net/ukraine/4915455-okkupanty-prykryvauitsia-hrazhdanskymy-otstupaia-yz-kharkovschyny-khartyia"], "confidence": 0.6000000000000001, "tone": -3.73134328358209, "goldstein": -9.0, "mentions": 6}}, {"type": "Feature", "geometry": {"type": "Point", "coordinates": [36.1873, 51.7373]}, "properties": {"id": "gdelt-1325243789", "source": "gdelt", "event_type": "Fight", "sub_type": "CAMEO 190", "date": "2026-09-28", "title": "Fight — Kursk, Kurskaya Oblast', Russia", "description": "", "fatalities": null, "actors": ["RUSSIAN", "CIVILIAN"], "country": "RS", "links": ["https://korrespondent.net/ukraine/4915455-okkupanty-prykryvauitsia-hrazhdanskymy-otstupaia-yz-kharkovschyny-khartyia"], "confidence": 0.6000000000000001, "tone": -3.73134328358209, "goldstein": -10.0, "mentions": 6}}, {"type": "Feature", "geometry": {"type": "Point", "coordinates": [45.0, 25.0]}, "properties": {"id": "gdelt-1325243796", "source": "gdelt", "event_type": "Fight", "sub_type": "CAMEO 190", "date": "2026-09-28", "title": "Fight — Saudi Arabia", "description": "", "fatalities": null, "actors": ["SAUDI ARABIA"], "country": "SA", "links": ["https://alhourriah.org/article/172159"], "confidence": 0.8, "tone": -14.7058823529412, "goldstein": -10.0, "mentions": 10}}, {"type": "Feature", "geometry": {"type": "Point", "coordinates": [21.0, 44.0]}, "properties": {"id": "gdelt-1325243807", "source": "gdelt", "event_type": "Coerce", "sub_type": "CAMEO 173", "date": "2026-09-28", "title": "Coerce — Serbia", "description": "", "fatalities": null, "actors": ["SERBIA", "SERBIA"], "country": "RI", "links": ["https://informer.rs/hronika/vesti/1155065/voznja-bez-dozvole-srbin-budva-kazna"], "confidence": 0.4, "tone": -7.9646017699115, "goldstein": -5.0, "mentions": 2}}, {"type": "Feature", "geometry": {"type": "Point", "coordinates": [35.039, 48.463]}, "properties": {"id": "gdelt-1325243833", "source": "gdelt", "event_type": "Assault", "sub_type": "CAMEO 180", "date": "2026-09-28", "title": "Assault — Dnipropetrovsk, Dnipropetrovs'ka Oblast', Ukraine", "description": "", "fatalities": null, "actors": ["FIGHTER"], "country": "UP", "links": ["https://24tv.ua/kinets-pozitsiynoyi-viyni-ukrayina-povtoryuye-uroki-pershoyi_n3150081"], "confidence": 0.8, "tone": 0.82304526748972, "goldstein": -9.0, "mentions": 10}}, {"type": "Feature", "geometry": {"type": "Point", "coordinates": [28.25, -29.5]}, "properties": {"id": "gdelt-1325243834", "source": "gdelt", "event_type": "Assault", "sub_type": "CAMEO 180", "date": "2026-09-28", "title": "Assault — Lesotho", "description": "", "fatalities": null, "actors": ["GUNMEN"], "country": "LT", "links": ["https://lecourrier.vn/afrique-du-sud-le-bilan-dune-des-fusillades-du-weekend-passe-a-18-morts/1356282.html"], "confidence": 0.8, "tone": -10.0, "goldstein": -9.0, "mentions": 10}}, {"type": "Feature", "geometry": {"type": "Point", "coordinates": [23.5, 13.5]}, "properties": {"id": "gdelt-1325243835", "source": "gdelt", "event_type": "Fight", "sub_type": "CAMEO 195", "date": "2026-09-28", "title": "Fight — Darfur, Gharb Darfur, Sudan", "description": "", "fatalities": null, "actors": ["FIGHTER", "NYALA"], "country": "SU", "links": ["https://www.dostor.org/5718905"], "confidence": 0.8, "tone": -5.22088353413654, "goldstein": -10.0, "mentions": 10}}, {"type": "Feature", "geometry": {"type": "Point", "coordinates": [37.6156, 55.7522]}, "properties": {"id": "gdelt-1325243859", "source": "gdelt", "event_type": "Fight", "sub_type": "CAMEO 190", "date": "2026-09-28", "title": "Fight — Moscow, Moskva, Russia", "description": "", "fatalities": null, "actors": ["UKRAINE", "MOSCOW"], "country": "RS", "links": ["https://www.forbes.ro/rusia-loveste-sediul-kyivstar-si-centre-de-date-din-kiev-100-000-de-gospodarii-afectate-523117"], "confidence": 0.4, "tone": -4.84988452655889, "goldstein": -10.0, "mentions": 2}}, {"type": "Feature", "geometry": {"type": "Point", "coordinates": [32.0, 49.0]}, "properties": {"id": "gdelt-1325243860", "source": "gdelt", "event_type": "Fight", "sub_type": "CAMEO 190", "date": "2026-09-28", "title": "Fight — Ukraine", "description": "", "fatalities": null, "actors": ["UKRAINIAN", "RUSSIA"], "country": "UP", "links": ["https://www.mediafax.ro/externe/pretul-motorinei-bate-recordul-din-2022-in-marea-britanie-ce-se-intampla-pe-piata-carburantilor-23815443"], "confidence": 0.8, "tone": -3.01204819277109, "goldstein": -10.0, "mentions": 10}}, {"type": "Feature", "geometry": {"type": "Point", "coordinates": [37.5998, 49.7209]}, "properties": {"id": "gdelt-1325243864", "source": "gdelt", "event_type": "Fight", "sub_type": "CAMEO 193", "date": "2026-09-28", "title": "Fight — Kupyansk, Kharkivs'ka Oblast', Ukraine", "description": "", "fatalities": null, "actors": ["UKRAINIAN", "UKRAINE"], "country": "UP", "links": ["https://h.ua/2026/09/28/rosiyani-vyvely-tsyvilnykh-z-kupianska-cherez-hazohin-khartiia"], "confidence": 0.5, "tone": -3.32369942196532, "goldstein": -10.0, "mentions": 4}}, {"type": "Feature", "geometry": {"type": "Point", "coordinates": [77.5991, 53.622]}, "properties": {"id": "gdelt-1325243866", "source": "gdelt", "event_type": "Fight", "sub_type": "CAMEO 190", "date": "2026-09-28", "title": "Fight — Lugansk, Novosibirskaya Oblast', Russia", "description": "", "fatalities": null, "actors": ["UKRAINE", "RUSSIAN"], "country": "RS", "links": ["https://informer.rs/planeta/vesti/1155069/ukrajina-liman-ruski-vojnici-zarobljavanje"], "confidence": 0.7, "tone": -5.82010582010582, "goldstein": -10.0, "mentions": 8}}, {"type": "Feature", "geometry": {"type": "Point", "coordinates": [77.5991, 53.622]}, "properties": {"id": "gdelt-1325243867", "source": "gdelt", "event_type": "Fight", "sub_type": "CAMEO 195", "date": "2026-09-28", "title": "Fight — Lugansk, Novosibirskaya Oblast', Russia", "description": "", "fatalities": null, "actors": ["UKRAINE", "RUSSIAN"], "country": "RS", "links": ["https://informer.rs/planeta/vesti/1155069/ukrajina-liman-ruski-vojnici-zarobljavanje"], "confidence": 0.8, "tone": -5.82010582010582, "goldstein": -10.0, "mentions": 10}}, {"type": "Feature", "geometry": {"type": "Point", "coordinates": [37.5998, 49.7209]}, "properties": {"id": "gdelt-1325243871", "source": "gdelt", "event_type": "Fight", "sub_type": "CAMEO 193", "date": "2026-09-28", "title": "Fight — Kupyansk, Kharkivs'ka Oblast', Ukraine", "description": "", "fatalities": null, "actors": ["UKRAINIAN"], "country": "UP", "links": ["https://h.ua/2026/09/28/rosiyani-vyvely-tsyvilnykh-z-kupianska-cherez-hazohin-khartiia"], "confidence": 0.6000000000000001, "tone": -3.32369942196532, "goldstein": -10.0, "mentions": 6}}, {"type": "Feature", "geometry": {"type": "Point", "coordinates": [-4.0, 54.0]}, "properties": {"id": "gdelt-1325243895", "source": "gdelt", "event_type": "Fight", "sub_type": "CAMEO 190", "date": "2026-09-28", "title": "Fight — United Kingdom", "description": "", "fatalities": null, "actors": ["UNITED STATES", "AIR FORCE"], "country": "UK", "links": ["https://www.ynet.co.il/news/article/s1ffbfpcgx"], "confidence": 0.6000000000000001, "tone": -6.43070787637089, "goldstein": -10.0, "mentions": 6}}, {"type": "Feature", "geometry": {"type": "Point", "coordinates": [-4.0, 54.0]}, "properties": {"id": "gdelt-1325243896", "source": "gdelt", "event_type": "Fight", "sub_type": "CAMEO 190", "date": "2026-09-28", "title": "Fight — United Kingdom", "description": "", "fatalities": null, "actors": ["UNITED STATES", "AIR FORCE"], "country": "UK", "links": ["https://www.ynet.co.il/news/article/s1ffbfpcgx"], "confidence": 0.5, "tone": -6.43070787637089, "goldstein": -10.0, "mentions": 4}}, {"type": "Feature", "geometry": {"type": "Point", "coordinates": [37.6156, 55.7522]}, "properties": {"id": "gdelt-1325243898", "source": "gdelt", "event_type": "Fight", "sub_type": "CAMEO 190", "date": "2026-09-28", "title": "Fight — Moscow, Moskva, Russia", "description": "", "fatalities": null, "actors": ["REUTERS", "RUSSIAN"], "country": "RS", "links": ["https://informer.rs/planeta/vesti/1155095/ukrajina-napad-na-naftno-skladiste-krasnodor"], "confidence": 0.8, "tone": -8.10185185185185, "goldstein": -10.0, "mentions": 10}}, {"type": "Feature", "geometry": {"type": "Point", "coordinates": [28.0833, -26.2]}, "properties": {"id": "gdelt-1325243906", "source": "gdelt", "event_type": "Fight", "sub_type": "CAMEO 193", "date": "2026-09-28", "title": "Fight — Johannesburg, Gauteng, South Africa", "description": "", "fatalities": null, "actors": ["JOHANNESBURG", "ARMED MEN"], "country": "SF", "links": ["https://centralasia.media/news:2540585/"], "confidence": 0.6000000000000001, "tone": -13.6690647482014, "goldstein": -10.0, "mentions": 6}}, {"type": "Feature", "geometry": {"type": "Point", "coordinates": [23.6, 46.7667]}, "properties": {"id": "gdelt-1325244977", "source": "gdelt", "event_type": "Protest", "sub_type": "CAMEO 141", "date": "2025-09-28", "title": "Protest — Cluj, Cluj, Romania", "description": "", "fatalities": null, "actors": ["COMPANIES"], "country": "RO", "links": ["https://business24.ro/transgaz/transgaz-alocare-milioane-lot-conducta-huedin-lugasu-1668946"], "confidence": 0.9, "tone": 3.08507522100631, "goldstein": -6.5, "mentions": 20}}, {"type": "Feature", "geometry": {"type": "Point", "coordinates": [23.25, 47.1667]}, "properties": {"id": "gdelt-1325244978", "source": "gdelt", "event_type": "Assault", "sub_type": "CAMEO 186", "date": "2025-09-28", "title": "Assault — Salaj, Salaj, Romania", "description": "", "fatalities": null, "actors": ["COMPANIES"], "country": "RO", "links": ["https://business24.ro/transgaz/transgaz-alocare-milioane-lot-conducta-huedin-lugasu-1668946"], "confidence": 0.9, "tone": 3.08507522100631, "goldstein": -10.0, "mentions": 20}}, {"type": "Feature", "geometry": {"type": "Point", "coordinates": [-55.0, -10.0]}, "properties": {"id": "gdelt-1325244990", "source": "gdelt", "event_type": "Coerce", "sub_type": "CAMEO 173", "date": "2026-09-28", "title": "Coerce — Brazil", "description": "", "fatalities": null, "actors": ["BRAZIL"], "country": "BR", "links": ["https://www.radiofrance.fr/franceculture/podcasts/cultures-monde/un-scrutin-sous-le-signe-de-la-corruption-3673363"], "confidence": 0.8, "tone": -4.9079754601227, "goldstein": -5.0, "mentions": 10}}, {"type": "Feature", "geometry": {"type": "Point", "coordinates": [77.2167, 28.6667]}, "properties": {"id": "gdelt-1325245001", "source": "gdelt", "event_type": "Coerce", "sub_type": "CAMEO 174", "date": "2026-09-28", "title": "Coerce — Delhi, Delhi, India", "description": "", "fatalities": null, "actors": ["COMPANIES"], "country": "IN", "links": ["https://vaartha.com/crime/delhi-ncr-rape-cases-supreme-court-nirbhaya-case/782758/"], "confidence": 0.8, "tone": -4.88599348534198, "goldstein": -5.0, "mentions": 10}}, {"type": "Feature", "geometry": {"type": "Point", "coordinates": [-55.0, -10.0]}, "properties": {"id": "gdelt-1325245007", "source": "gdelt", "event_type": "Coerce", "sub_type": "CAMEO 173", "date": "2026-09-28", "title": "Coerce — Brazil", "description": "", "fatalities": null, "actors": ["POLICE"], "country": "BR", "links": ["https://www.europapress.es/comunitat-valenciana/noticia-policia-detiene-benidorm-hombre-asesinato-pareja-otros-dos-encubrimiento-20260928104830.html"], "confidence": 0.8, "tone": -6.49122807017544, "goldstein": -5.0, "mentions": 10}}, {"type": "Feature", "geometry": {"type": "Point", "coordinates": [100.0, 60.0]}, "properties": {"id": "gdelt-1325245015", "source": "gdelt", "event_type": "Fight", "sub_type": "CAMEO 190", "date": "2026-09-28", "title": "Fight — Russia", "description": "", "fatalities": null, "actors": ["VILLAGE"], "country": "RS", "links": ["https://lenta.ru/news/2026/09/28/obstanovka-v-atakovannom-vsu-rossiyskom-regione-izmenilas/"], "confidence": 0.8, "tone": 0.0, "goldstein": -10.0, "mentions": 10}}, {"type": "Feature", "geometry": {"type": "Point", "coordinates": [31.2384, 30.0537]}, "properties": {"id": "gdelt-1325245022", "source": "gdelt", "event_type": "Fight", "sub_type": "CAMEO 190", "date": "2026-09-28", "title": "Fight — Abd An Nasir, Al Qahirah, Egypt", "description": "", "fatalities": null, "actors": ["EGYPT"], "country": "EG", "links": ["https://www.dostor.org/5719073"], "confidence": 0.7, "tone": 0.1996007984032, "goldstein": -10.0, "mentions": 8}}, {"type": "Feature", "geometry": {"type": "Point", "coordinates": [31.2384, 30.0537]}, "properties": {"id": "gdelt-1325245023", "source": "gdelt", "event_type": "Fight", "sub_type": "CAMEO 190", "date": "2026-09-28", "title": "Fight — Abd An Nasir, Al Qahirah, Egypt", "description": "", "fatalities": null, "actors": ["GAMAL ABDEL NASSER"], "country": "EG", "links": ["https://www.dostor.org/5719073"], "confidence": 0.8, "tone": 0.1996007984032, "goldstein": -10.0, "mentions": 10}}, {"type": "Feature", "geometry": {"type": "Point", "coordinates": [31.311, 30.0577]}, "properties": {"id": "gdelt-1325245047", "source": "gdelt", "event_type": "Coerce", "sub_type": "CAMEO 173", "date": "2026-09-28", "title": "Coerce — Wizarat Al Bitrul, Al Qahirah, Egypt", "description": "", "fatalities": null, "actors": ["AMBASSADOR"], "country": "EG", "links": ["https://www.nile.eg/%D8%A7%D9%84%D8%B1%D8%A6%D9%8A%D8%B3-%D8%A7%D9%84%D8%B3%D9%8A%D8%B3%D9%89-%D9%8A%D9%81%D8%AA%D8%AA%D8%AD-%D8%A7%D9%84%D9%8A%D9%88%D9%85-%D9%85%D9%86%D8%AA%D8%AF%D9%89-%D9%85%D8%B5%D8%B1-%D8%A7%D9%84"], "confidence": 0.6000000000000001, "tone": 2.17391304347826, "goldstein": -5.0, "mentions": 6}}, {"type": "Feature", "geometry": {"type": "Point", "coordinates": [12.4833, 41.9]}, "properties": {"id": "gdelt-1325245048", "source": "gdelt", "event_type": "Fight", "sub_type": "CAMEO 190", "date": "2026-09-28", "title": "Fight — Rome, Lazio, Italy", "description": "", "fatalities": null, "actors": ["CONSUL"], "country": "IT", "links": ["https://www.ilgiornale.it/news/politica-internazionale/i-legami-dellex-brigatista-rosso-coi-terroristi-vicini-ad-hannoun/"], "confidence": 0.8, "tone": -2.32558139534883, "goldstein": -10.0, "mentions": 10}}, {"type": "Feature", "geometry": {"type": "Point", "coordinates": [-90.25, 15.5]}, "properties": {"id": "gdelt-1325245049", "source": "gdelt", "event_type": "Fight", "sub_type": "CAMEO 190", "date": "2026-09-28", "title": "Fight — Guatemala", "description": "", "fatalities": null, "actors": ["GUATEMALA"], "country": "GT", "links": ["https://dca.gob.gt/noticias-guatemala-diario-centro-america/dictamen-favorable-para-clubes-de-ciencias/"], "confidence": 0.8, "tone": 1.47058823529412, "goldstein": -10.0, "mentions": 10}}, {"type": "Feature", "geometry": {"type": "Point", "coordinates": [20.0, 52.0]}, "properties": {"id": "gdelt-1325245076", "source": "gdelt", "event_type": "Fight", "sub_type": "CAMEO 192", "date": "2026-09-28", "title": "Fight — Poland", "description": "", "fatalities": null, "actors": ["POLAND"], "country": "PL", "links": ["https://www.bankier.pl/wiadomosc/Erste-Group-Bank-zamierza-wezwac-do-sprzedazy-akcji-Erste-Bank-Polska-po-cenie-713-6-zl-za-szt-9203484.html"], "confidence": 0.9, "tone": 0.0, "goldstein": -9.5, "mentions": 20}}, {"type": "Feature", "geometry": {"type": "Point", "coordinates": [37.6156, 55.7522]}, "properties": {"id": "gdelt-1325245085", "source": "gdelt", "event_type": "Coerce", "sub_type": "CAMEO 174", "date": "2026-09-28", "title": "Coerce — Moscow, Moskva, Russia", "description": "", "fatalities": null, "actors": ["RUSSIAN"], "country": "RS", "links": ["https://www.gp.se/nyheter/varlden/oro-for-framtiden-far-ryssar-att-lamna-sitt-land.d86b8a56-99fe-5c12-bd20-08041fdb233e"], "confidence": 0.8, "tone": -4.13793103448276, "goldstein": -5.0, "mentions": 10}}, {"type": "Feature", "geometry": {"type": "Point", "coordinates": [69.1833, 34.5167]}, "properties": {"id": "gdelt-1325245087", "source": "gdelt", "event_type": "Fight", "sub_type": "CAMEO 190", "date": "2026-09-28", "title": "Fight — Kabul, Kabol, Afghanistan", "description": "", "fatalities": null, "actors": ["MUJAHIDEEN"], "country": "AF", "links": ["https://www.bbc.com/urdu/articles/ck9qrz4g4j21o"], "confidence": 0.8, "tone": -2.22634508348794, "goldstein": -10.0, "mentions": 10}}, {"type": "Feature", "geometry": {"type": "Point", "coordinates": [34.8003, 50.9216]}, "properties": {"id": "gdelt-1325245096", "source": "gdelt", "event_type": "Coerce", "sub_type": "CAMEO 173", "date": "2026-09-28", "title": "Coerce — Sumy, Sums'ka Oblast', Ukraine", "description": "", "fatalities": null, "actors": ["UKRAINIAN"], "country": "UP", "links": ["https://ua.korrespondent.net/ukraine/4915465-udar-rf-po-faktor-druku-sudytymut-chotyrokh-rosiiskykh-komandyriv"], "confidence": 0.4, "tone": -5.80204778156996, "goldstein": -5.0, "mentions": 2}}, {"type": "Feature", "geometry": {"type": "Point", "coordinates": [34.8003, 50.9216]}, "properties": {"id": "gdelt-1325245097", "source": "gdelt", "event_type": "Coerce", "sub_type": "CAMEO 173", "date": "2026-09-28", "title": "Coerce — Sumy, Sums'ka Oblast', Ukraine", "description": "", "fatalities": null, "actors": ["UKRAINIAN"], "country": "UP", "links": ["https://ua.korrespondent.net/ukraine/4915465-udar-rf-po-faktor-druku-sudytymut-chotyrokh-rosiiskykh-komandyriv"], "confidence": 0.6000000000000001, "tone": -5.80204778156996, "goldstein": -5.0, "mentions": 6}}, {"type": "Feature", "geometry": {"type": "Point", "coordinates": [88.271, 24.5911]}, "properties": {"id": "gdelt-1325245110", "source": "gdelt", "event_type": "Assault", "sub_type": "CAMEO 181", "date": "2026-09-28", "title": "Assault — Nawabganj, Rajshahi, Bangladesh", "description": "", "fatalities": null, "actors": ["AUSTRALIA", "BANGLADESH"], "country": "BG", "links": ["https://www.dhakatimes24.com/2026/09/28/413778"], "confidence": 0.4, "tone": -9.68468468468465, "goldstein": -9.0, "mentions": 2}}, {"type": "Feature", "geometry": {"type": "Point", "coordinates": [88.271, 24.5911]}, "properties": {"id": "gdelt-1325245111", "source": "gdelt", "event_type": "Assault", "sub_type": "CAMEO 181", "date": "2026-09-28", "title": "Assault — Nawabganj, Rajshahi, Bangladesh", "description": "", "fatalities": null, "actors": ["AUSTRALIA", "BANGLADESH"], "country": "BG", "links": ["https://www.dhakatimes24.com/2026/09/28/413778"], "confidence": 0.6000000000000001, "tone": -9.68468468468465, "goldstein": -9.0, "mentions": 6}}, {"type": "Feature", "geometry": {"type": "Point", "coordinates": [88.271, 24.5911]}, "properties": {"id": "gdelt-1325245112", "source": "gdelt", "event_type": "Assault", "sub_type": "CAMEO 181", "date": "2026-09-28", "title": "Assault — Nawabganj, Rajshahi, Bangladesh", "description": "", "fatalities": null, "actors": ["AUSTRALIA", "BANGLADESH"], "country": "BG", "links": ["https://www.dhakatimes24.com/2026/09/28/413778"], "confidence": 0.4, "tone": -9.68468468468465, "goldstein": -9.0, "mentions": 2}}, {"type": "Feature", "geometry": {"type": "Point", "coordinates": [153.017, -27.5]}, "properties": {"id": "gdelt-1325245113", "source": "gdelt", "event_type": "Assault", "sub_type": "CAMEO 186", "date": "2026-09-28", "title": "Assault — Brisbane, Queensland, Australia", "description": "", "fatalities": null, "actors": ["AUSTRALIA", "BANGLADESH"], "country": "AS", "links": ["https://www.dhakatimes24.com/2026/09/28/413778"], "confidence": 0.4, "tone": -9.68468468468465, "goldstein": -10.0, "mentions": 2}}, {"type": "Feature", "geometry": {"type": "Point", "coordinates": [88.271, 24.5911]}, "properties": {"id": "gdelt-1325245114", "source": "gdelt", "event_type": "Assault", "sub_type": "CAMEO 186", "date": "2026-09-28", "title": "Assault — Nawabganj, Rajshahi, Bangladesh", "description": "", "fatalities": null, "actors": ["AUSTRALIA", "BANGLADESH"], "country": "BG", "links": ["https://www.dhakatimes24.com/2026/09/28/413778"], "confidence": 0.7, "tone": -9.68468468468465, "goldstein": -10.0, "mentions": 8}}, {"type": "Feature", "geometry": {"type": "Point", "coordinates": [38.0, 35.0]}, "properties": {"id": "gdelt-1325245179", "source": "gdelt", "event_type": "Force posture", "sub_type": "CAMEO 154", "date": "2026-09-28", "title": "Force posture — Syria", "description": "", "fatalities": null, "actors": ["BUSINESS"], "country": "SY", "links": ["https://www.albiladpress.com/news/2026/6559/spaces/1022465.html"], "confidence": 0.8, "tone": 4.03225806451612, "goldstein": -7.2, "mentions": 10}}, {"type": "Feature", "geometry": {"type": "Point", "coordinates": [32.8644, 39.9272]}, "properties": {"id": "gdelt-1325245180", "source": "gdelt", "event_type": "Coerce", "sub_type": "CAMEO 173", "date": "2026-09-28", "title": "Coerce — Ankara, Ankara, Turkey", "description": "", "fatalities": null, "actors": ["BUSINESS"], "country": "TU", "links": ["https://mansethaber.com/makale/elektrikli-araclarda-97-milyon-469-bin-kwh-lik-sarj-tuketimi-evlerdeki-tuketim-bu-rakamda-yok"], "confidence": 0.8, "tone": -2.79898218829517, "goldstein": -5.0, "mentions": 10}}, {"type": "Feature", "geometry": {"type": "Point", "coordinates": [100.0, 60.0]}, "properties": {"id": "gdelt-1325245181", "source": "gdelt", "event_type": "Fight", "sub_type": "CAMEO 190", "date": "2026-09-28", "title": "Fight — Russia", "description": "", "fatalities": null, "actors": ["COMPANY"], "country": "RS", "links": ["https://runews24.ru/technology/28/09/2026/lishit-ix-glaz-i-mozgov-kak-rossijskie-xakeryi-i-udaryi-po-data-czentram-paralizuyut-sistemu-vsu"], "confidence": 0.4, "tone": -3.83275261324042, "goldstein": -10.0, "mentions": 2}}, {"type": "Feature", "geometry": {"type": "Point", "coordinates": [-96.0, 60.0]}, "properties": {"id": "gdelt-1325245182", "source": "gdelt", "event_type": "Fight", "sub_type": "CAMEO 190", "date": "2026-09-28", "title": "Fight — Canada", "description": "", "fatalities": null, "actors": ["COMPANY"], "country": "CA", "links": ["https://www.albiladpress.com/news/2026/6559/spaces/1022477.html"], "confidence": 0.8, "tone": -7.27023319615912, "goldstein": -10.0, "mentions": 10}}, {"type": "Feature", "geometry": {"type": "Point", "coordinates": [100.0, 60.0]}, "properties": {"id": "gdelt-1325245183", "source": "gdelt", "event_type": "Fight", "sub_type": "CAMEO 190", "date": "2026-09-28", "title": "Fight — Russia", "description": "", "fatalities": null, "actors": ["COMPANY"], "country": "RS", "links": ["https://runews24.ru/technology/28/09/2026/lishit-ix-glaz-i-mozgov-kak-rossijskie-xakeryi-i-udaryi-po-data-czentram-paralizuyut-sistemu-vsu"], "confidence": 0.7, "tone": -3.83275261324042, "goldstein": -10.0, "mentions": 8}}, {"type": "Feature", "geometry": {"type": "Point", "coordinates": [32.3086, 46.4975]}, "properties": {"id": "gdelt-1325245207", "source": "gdelt", "event_type": "Fight", "sub_type": "CAMEO 190", "date": "2026-09-28", "title": "Fight — Dnipro, Ukraine (general), Ukraine", "description": "", "fatalities": null, "actors": ["CHINA"], "country": "UP", "links": ["https://www.ilgiornale.it/news/guerra/tavolo-tra-usa-cina-e-russia-e-leuropa-rimane-a-guardare/"], "confidence": 0.8, "tone": -0.43859649122807, "goldstein": -10.0, "mentions": 10}}, {"type": "Feature", "geometry": {"type": "Point", "coordinates": [-72.0, 4.0]}, "properties": {"id": "gdelt-1325245214", "source": "gdelt", "event_type": "Force posture", "sub_type": "CAMEO 154", "date": "2026-09-28", "title": "Force posture — Colombia", "description": "", "fatalities": null, "actors": ["COLOMBIA"], "country": "CO", "links": ["https://www.infodefensa.com/texto-diario/mostrar/6030120/199-colombia-hercules-colombianos-movilizan-tropas-reforzar-ofensiva-contra-acsn-norte-pais"], "confidence": 0.8, "tone": 1.71232876712329, "goldstein": -7.2, "mentions": 10}}, {"type": "Feature", "geometry": {"type": "Point", "coordinates": [79.95, 23.1667]}, "properties": {"id": "gdelt-1325245224", "source": "gdelt", "event_type": "Fight", "sub_type": "CAMEO 190", "date": "2026-09-28", "title": "Fight — Jabalpur, Madhya Pradesh, India", "description": "", "fatalities": null, "actors": ["POLICE"], "country": "IN", "links": ["https://www.lokmat.com/national/what-exactly-was-deepak-lodhi-doing-in-premanand-maharajs-ashram-a-a1013/"], "confidence": 0.8, "tone": -0.41666666666667, "goldstein": -10.0, "mentions": 10}}, {"type": "Feature", "geometry": {"type": "Point", "coordinates": [2.0, 46.0]}, "properties": {"id": "gdelt-1325245225", "source": "gdelt", "event_type": "Fight", "sub_type": "CAMEO 190", "date": "2026-09-28", "title": "Fight — France", "description": "", "fatalities": null, "actors": ["POLICE"], "country": "FR", "links": ["https://www.leparisien.fr/hauts-de-seine-92/nanterre-92000/mort-de-nahel-en-2023-la-justice-reexamine-mardi-la-qualification-des-faits-visant-le-policier-28-09-2026-BSTKXMVAFJASBDX7RFSBVWLT4Y.php"], "confidence": 0.6000000000000001, "tone": -5.65110565110565, "goldstein": -10.0, "mentions": 6}}, {"type": "Feature", "geometry": {"type": "Point", "coordinates": [2.0, 46.0]}, "properties": {"id": "gdelt-1325245230", "source": "gdelt", "event_type": "Fight", "sub_type": "CAMEO 190", "date": "2026-09-28", "title": "Fight — France", "description": "", "fatalities": null, "actors": ["POLICE", "FRANCE"], "country": "FR", "links": ["https://www.leparisien.fr/hauts-de-seine-92/nanterre-92000/mort-de-nahel-en-2023-la-justice-reexamine-mardi-la-qualification-des-faits-visant-le-policier-28-09-2026-BSTKXMVAFJASBDX7RFSBVWLT4Y.php"], "confidence": 0.5, "tone": -5.65110565110565, "goldstein": -10.0, "mentions": 4}}, {"type": "Feature", "geometry": {"type": "Point", "coordinates": [72.8258, 18.975]}, "properties": {"id": "gdelt-1325245233", "source": "gdelt", "event_type": "Coerce", "sub_type": "CAMEO 173", "date": "2026-09-28", "title": "Coerce — Mumbai, Maharashtra, India", "description": "", "fatalities": null, "actors": ["POLICE", "MUMBAI"], "country": "IN", "links": ["https://www.prahaar.in/2026/09/28/mumbai-police-recently-arrested-18-thieves-and-recovered-192-stolen-mobile-phones-during-the-lalbaugcha-raja-visarjan-2026-crowds/"], "confidence": 0.6000000000000001, "tone": -5.51724137931035, "goldstein": -5.0, "mentions": 6}}, {"type": "Feature", "geometry": {"type": "Point", "coordinates": [44.5858, 48.8047]}, "properties": {"id": "gdelt-1325245246", "source": "gdelt", "event_type": "Fight", "sub_type": "CAMEO 190", "date": "2026-09-28", "title": "Fight — Volgograd, Volgogradskaya Oblast', Russia", "description": "", "fatalities": null, "actors": ["CRIMINAL"], "country": "RS", "links": ["https://iz.ru/2174729/ubiistvo-mnogodetnogo-ottca-v-magazine-v-volgograde-chto-izvestno-izi"], "confidence": 0.8, "tone": -11.219512195122, "goldstein": -10.0, "mentions": 10}}, {"type": "Feature", "geometry": {"type": "Point", "coordinates": [60.6125, 56.8575]}, "properties": {"id": "gdelt-1325245247", "source": "gdelt", "event_type": "Coerce", "sub_type": "CAMEO 173", "date": "2026-09-28", "title": "Coerce — Sverdlovsk, Sverdlovskaya Oblast', Russia", "description": "", "fatalities": null, "actors": ["CRIMINAL", "RUSSIA"], "country": "RS", "links": ["http://www.apiural.ru/news/society/178520/"], "confidence": 0.7, "tone": -7.52212389380531, "goldstein": -5.0, "mentions": 8}}, {"type": "Feature", "geometry": {"type": "Point", "coordinates": [34.7709, 51.0811]}, "properties": {"id": "gdelt-1325245266", "source": "gdelt", "event_type": "Fight", "sub_type": "CAMEO 190", "date": "2026-09-28", "title": "Fight — Khotin, Sums'ka Oblast', Ukraine", "description": "", "fatalities": null, "actors": ["SETTLEMENT"], "country": "UP", "links": ["https://racurs.ua/n216474-rossiyskie-zahvatchiki-za-sutki-poteryali-bolee-2-tys-chelovek-genshtab-infografika.html"], "confidence": 0.4, "tone": -7.42574257425742, "goldstein": -10.0, "mentions": 2}}, {"type": "Feature", "geometry": {"type": "Point", "coordinates": [34.8003, 50.9216]}, "properties": {"id": "gdelt-1325245267", "source": "gdelt", "event_type": "Fight", "sub_type": "CAMEO 193", "date": "2026-09-28", "title": "Fight — Sumy, Sums'ka Oblast', Ukraine", "description": "", "fatalities": null, "actors": ["CIVILIAN"], "country": "UP", "links": ["https://ua.korrespondent.net/ukraine/4915455-okupanty-prykryvauitsia-tsyvilnymy-vidstupauichy-z-kharkivschyny-khartiia"], "confidence": 0.8, "tone": -4.8, "goldstein": -10.0, "mentions": 10}}, {"type": "Feature", "geometry": {"type": "Point", "coordinates": [35.2333, 31.7667]}, "properties": {"id": "gdelt-1325245281", "source": "gdelt", "event_type": "Coerce", "sub_type": "CAMEO 172", "date": "2026-09-28", "title": "Coerce — Jerusalem, Israel (general), Israel", "description": "", "fatalities": null, "actors": ["SETTLEMENT", "DUTCH"], "country": "IS", "links": ["https://www.aa.com.tr/tr/dunya/israil-basini-yasa-disi-yerlesim-urunleri-yasagi-sonrasi-hollandada-israilliler-siki-sekilde-arandi/4071420"], "confidence": 0.8, "tone": -4.3778801843318, "goldstein": -5.0, "mentions": 10}}, {"type": "Feature", "geometry": {"type": "Point", "coordinates": [100.0, 60.0]}, "properties": {"id": "gdelt-1325245284", "source": "gdelt", "event_type": "Fight", "sub_type": "CAMEO 190", "date": "2026-09-28", "title": "Fight — Russia", "description": "", "fatalities": null, "actors": ["POPULATION", "RUSSIAN"], "country": "RS", "links": ["https://lenta.ru/news/2026/09/28/poyavilis-podrobnosti-ob-obstanovke-v-kotle-v-harkovskoy-oblasti/"], "confidence": 0.5, "tone": -0.840336134453782, "goldstein": -10.0, "mentions": 4}}, {"type": "Feature", "geometry": {"type": "Point", "coordinates": [100.0, 60.0]}, "properties": {"id": "gdelt-1325245285", "source": "gdelt", "event_type": "Fight", "sub_type": "CAMEO 190", "date": "2026-09-28", "title": "Fight — Russia", "description": "", "fatalities": null, "actors": ["POPULATION", "RUSSIAN"], "country": "RS", "links": ["https://lenta.ru/news/2026/09/28/poyavilis-podrobnosti-ob-obstanovke-v-kotle-v-harkovskoy-oblasti/"], "confidence": 0.6000000000000001, "tone": -0.840336134453782, "goldstein": -10.0, "mentions": 6}}, {"type": "Feature", "geometry": {"type": "Point", "coordinates": [100.0, 60.0]}, "properties": {"id": "gdelt-1325245287", "source": "gdelt", "event_type": "Fight", "sub_type": "CAMEO 190", "date": "2026-09-28", "title": "Fight — Russia", "description": "", "fatalities": null, "actors": ["CYPRUS", "RUSSIAN"], "country": "RS", "links": ["https://iz.ru/2174717/2026-09-28/posolstvo-rf-soobshchilo-ob-otsutstvii-kriminala-v-smerti-rossiianina-na-kipre"], "confidence": 0.7, "tone": -8.57142857142857, "goldstein": -10.0, "mentions": 8}}, {"type": "Feature", "geometry": {"type": "Point", "coordinates": [37.6156, 55.7522]}, "properties": {"id": "gdelt-1325245300", "source": "gdelt", "event_type": "Coerce", "sub_type": "CAMEO 172", "date": "2026-09-28", "title": "Coerce — Moscow, Moskva, Russia", "description": "", "fatalities": null, "actors": ["GERMAN", "RUSSIAN"], "country": "RS", "links": ["https://rg.ru/2026/09/28/bild-specsluzhby-germanii-usilili-slezhku-za-posolstvom-rossii-v-berline.html"], "confidence": 0.4, "tone": -1.47058823529412, "goldstein": -5.0, "mentions": 2}}, {"type": "Feature", "geometry": {"type": "Point", "coordinates": [30.5167, 50.4333]}, "properties": {"id": "gdelt-1325245301", "source": "gdelt", "event_type": "Coerce", "sub_type": "CAMEO 174", "date": "2026-09-28", "title": "Coerce — Kiev, Ukraine (general), Ukraine", "description": "", "fatalities": null, "actors": ["GERMANY", "RUSSIAN"], "country": "UP", "links": ["https://glavred.info/analytics/rf-gotovit-novyy-front-v-evrope-chto-proishodit-v-nato-i-k-chemu-gotovitsya-zapad-10799843.html"], "confidence": 0.4, "tone": -5.04527813712808, "goldstein": -5.0, "mentions": 2}}, {"type": "Feature", "geometry": {"type": "Point", "coordinates": [12.3333, 51.3]}, "properties": {"id": "gdelt-1325245302", "source": "gdelt", "event_type": "Coerce", "sub_type": "CAMEO 174", "date": "2026-09-28", "title": "Coerce — Leipzig, Sachsen, Germany", "description": "", "fatalities": null, "actors": ["GERMANY", "RUSSIAN"], "country": "GM", "links": ["https://glavred.info/analytics/rf-gotovit-novyy-front-v-evrope-chto-proishodit-v-nato-i-k-chemu-gotovitsya-zapad-10799843.html"], "confidence": 0.4, "tone": -5.04527813712808, "goldstein": -5.0, "mentions": 2}}, {"type": "Feature", "geometry": {"type": "Point", "coordinates": [13.4, 52.5167]}, "properties": {"id": "gdelt-1325245303", "source": "gdelt", "event_type": "Coerce", "sub_type": "CAMEO 172", "date": "2026-09-28", "title": "Coerce — Berlin, Berlin, Germany", "description": "", "fatalities": null, "actors": ["GERMAN", "RUSSIAN"], "country": "GM", "links": ["https://rg.ru/2026/09/28/bild-specsluzhby-germanii-usilili-slezhku-za-posolstvom-rossii-v-berline.html"], "confidence": 0.6000000000000001, "tone": -1.47058823529412, "goldstein": -5.0, "mentions": 6}}, {"type": "Feature", "geometry": {"type": "Point", "coordinates": [12.3333, 51.3]}, "properties": {"id": "gdelt-1325245304", "source": "gdelt", "event_type": "Coerce", "sub_type": "CAMEO 174", "date": "2026-09-28", "title": "Coerce — Leipzig, Sachsen, Germany", "description": "", "fatalities": null, "actors": ["GERMANY", "RUSSIAN"], "country": "GM", "links": ["https://glavred.info/analytics/rf-gotovit-novyy-front-v-evrope-chto-proishodit-v-nato-i-k-chemu-gotovitsya-zapad-10799843.html"], "confidence": 0.6000000000000001, "tone": -5.04527813712808, "goldstein": -5.0, "mentions": 6}}, {"type": "Feature", "geometry": {"type": "Point", "coordinates": [77.0, 20.0]}, "properties": {"id": "gdelt-1325245323", "source": "gdelt", "event_type": "Assault", "sub_type": "CAMEO 1821", "date": "2026-09-28", "title": "Assault — India", "description": "", "fatalities": null, "actors": ["STUDENT"], "country": "IN", "links": ["https://www.haberler.com/guncel/hindistan-in-pencap-eyaletindeki-lpu-da-tecavuz-20278038-haberi/"], "confidence": 0.9, "tone": -6.84931506849315, "goldstein": -9.0, "mentions": 20}}, {"type": "Feature", "geometry": {"type": "Point", "coordinates": [13.333333, 47.333333]}, "properties": {"id": "gdelt-1325245328", "source": "gdelt", "event_type": "Coerce", "sub_type": "CAMEO 172", "date": "2026-09-28", "title": "Coerce — Austria", "description": "", "fatalities": null, "actors": ["SCHOOL", "ISLAM"], "country": "AU", "links": ["https://www.ilgiornale.it/news/politica-estera/austria-il-divieto-di-velo-a-scuola-funziona-solo-80-violazioni-in-due-settimane-il-ministro-dellistruzione-bilancio-inferiore-al-previsto/"], "confidence": 0.8, "tone": -6.29722921914358, "goldstein": -5.0, "mentions": 10}}, {"type": "Feature", "geometry": {"type": "Point", "coordinates": [31.2384, 30.0537]}, "properties": {"id": "gdelt-1325245334", "source": "gdelt", "event_type": "Fight", "sub_type": "CAMEO 190", "date": "2026-09-28", "title": "Fight — Abd An Nasir, Al Qahirah, Egypt", "description": "", "fatalities": null, "actors": ["EGYPT"], "country": "EG", "links": ["https://www.dostor.org/5719073"], "confidence": 0.7, "tone": 0.1996007984032, "goldstein": -10.0, "mentions": 8}}, {"type": "Feature", "geometry": {"type": "Point", "coordinates": [35.1461, 33.0747]}, "properties": {"id": "gdelt-1325245341", "source": "gdelt", "event_type": "Fight", "sub_type": "CAMEO 190", "date": "2026-09-28", "title": "Fight — Shlomi, Ha?afon, Israel", "description": "", "fatalities": null, "actors": ["EGYPT", "ISRAEL"], "country": "IS", "links": ["https://www.haaretz.co.il/news/politics/2026-09-28/ty-article/000001a0-e76f-d272-adf6-ffef56e00000"], "confidence": 0.4, "tone": -5.53935860058309, "goldstein": -10.0, "mentions": 2}}, {"type": "Feature", "geometry": {"type": "Point", "coordinates": [30.0, 27.0]}, "properties": {"id": "gdelt-1325245342", "source": "gdelt", "event_type": "Fight", "sub_type": "CAMEO 190", "date": "2026-09-28", "title": "Fight — Egypt", "description": "", "fatalities": null, "actors": ["EGYPT", "ISRAEL"], "country": "EG", "links": ["https://www.haaretz.co.il/news/politics/2026-09-28/ty-article/000001a0-e76f-d272-adf6-ffef56e00000"], "confidence": 0.7, "tone": -5.53935860058309, "goldstein": -10.0, "mentions": 8}}, {"type": "Feature", "geometry": {"type": "Point", "coordinates": [30.0, 27.0]}, "properties": {"id": "gdelt-1325245344", "source": "gdelt", "event_type": "Coerce", "sub_type": "CAMEO 173", "date": "2026-09-28", "title": "Coerce — Egypt", "description": "", "fatalities": null, "actors": ["EGYPTIAN", "ATTORNEY"], "country": "EG", "links": ["https://tg.la7.it/cronaca/giulio-regeni-sentenza-ergastolo-condanne-28-09-2026-263315"], "confidence": 0.8, "tone": -2.53671562082777, "goldstein": -5.0, "mentions": 10}}, {"type": "Feature", "geometry": {"type": "Point", "coordinates": [31.2384, 30.0537]}, "properties": {"id": "gdelt-1325245346", "source": "gdelt", "event_type": "Fight", "sub_type": "CAMEO 190", "date": "2026-09-28", "title": "Fight — Abd An Nasir, Al Qahirah, Egypt", "description": "", "fatalities": null, "actors": ["GAMAL ABDEL NASSER"], "country": "EG", "links": ["https://www.dostor.org/5719073"], "confidence": 0.8, "tone": 0.1996007984032, "goldstein": -10.0, "mentions": 10}}, {"type": "Feature", "geometry": {"type": "Point", "coordinates": [-4.0, 40.0]}, "properties": {"id": "gdelt-1325245359", "source": "gdelt", "event_type": "Coerce", "sub_type": "CAMEO 173", "date": "2026-09-28", "title": "Coerce — Spain", "description": "", "fatalities": null, "actors": ["SPAIN", "SPANISH"], "country": "SP", "links": ["https://www.abc.es/gente/rama-rey-tener-manos-futuro-daniel-sancho-20260928115418-nt.html"], "confidence": 0.6000000000000001, "tone": 0.46029919447641, "goldstein": -5.0, "mentions": 6}}, {"type": "Feature", "geometry": {"type": "Point", "coordinates": [3.05056, 36.7631]}, "properties": {"id": "gdelt-1325245364", "source": "gdelt", "event_type": "Fight", "sub_type": "CAMEO 190", "date": "2026-09-28", "title": "Fight — Algiers, Alger, Algeria", "description": "", "fatalities": null, "actors": ["SPANISH"], "country": "AG", "links": ["https://www.dnoticias.pt/2026/9/28/507004-companhia-aerea-swiftair-condenada-a-multa-de-225-mil-euros-por-acidente-em-2014/"], "confidence": 0.8, "tone": -9.50413223140496, "goldstein": -10.0, "mentions": 10}}, {"type": "Feature", "geometry": {"type": "Point", "coordinates": [37.6156, 55.7522]}, "properties": {"id": "gdelt-1325245379", "source": "gdelt", "event_type": "Force posture", "sub_type": "CAMEO 150", "date": "2026-09-28", "title": "Force posture — Moscow, Moskva, Russia", "description": "", "fatalities": null, "actors": ["EUROPE"], "country": "RS", "links": ["https://glavred.info/analytics/rf-gotovit-novyy-front-v-evrope-chto-proishodit-v-nato-i-k-chemu-gotovitsya-zapad-10799843.html"], "confidence": 0.8, "tone": -5.04527813712808, "goldstein": -7.2, "mentions": 10}}, {"type": "Feature", "geometry": {"type": "Point", "coordinates": [2.01667, 46.3167]}, "properties": {"id": "gdelt-1325245402", "source": "gdelt", "event_type": "Protest", "sub_type": "CAMEO 141", "date": "2026-09-28", "title": "Protest — Saint-Dizier, Limousin, France", "description": "", "fatalities": null, "actors": ["FRANCE"], "country": "FR", "links": ["https://www.leparisien.fr/societe/religions/visite-du-pape-leon-xiv-lavion-escorte-par-des-rafale-de-larmee-entre-lourdes-et-metz-28-09-2026-SX2HDNBHUFDCHD76HZQTKH5VPY.php"], "confidence": 0.5, "tone": 1.31578947368421, "goldstein": -6.5, "mentions": 4}}, {"type": "Feature", "geometry": {"type": "Point", "coordinates": [30.5167, 50.4333]}, "properties": {"id": "gdelt-1325245404", "source": "gdelt", "event_type": "Fight", "sub_type": "CAMEO 190", "date": "2026-09-28", "title": "Fight — Kiev, Ukraine (general), Ukraine", "description": "", "fatalities": null, "actors": ["FRANCE", "UKRAINE"], "country": "UP", "links": ["https://lenta.ru/news/2026/09/28/vo-frantsii-nazvali-chislo-podgotovlennyh-voennyh-vsu/"], "confidence": 0.8, "tone": 1.34228187919463, "goldstein": -10.0, "mentions": 10}}, {"type": "Feature", "geometry": {"type": "Point", "coordinates": [53.0, 32.0]}, "properties": {"id": "gdelt-1325245411", "source": "gdelt", "event_type": "Coerce", "sub_type": "CAMEO 173", "date": "2026-09-28", "title": "Coerce — Iran", "description": "", "fatalities": null, "actors": ["BRITISH", "AUTHORITIES"], "country": "IR", "links": ["https://www.nile.eg/%D8%A8%D8%B1%D9%8A%D8%B7%D8%A7%D9%86%D9%8A%D8%A7-%D9%85%D9%86-%D8%BA%D9%8A%D8%B1-%D8%A7%D9%84%D8%AD%D9%83%D9%85%D8%A9-%D8%A7%D9%84%D8%AA%D9%83%D9%87%D9%86-%D8%A8%D8%AA%D9%88%D8%B1%D8%B7-%D8%A5%D9%8A"], "confidence": 0.4, "tone": -7.5, "goldstein": -5.0, "mentions": 2}}, {"type": "Feature", "geometry": {"type": "Point", "coordinates": [-4.0, 54.0]}, "properties": {"id": "gdelt-1325245414", "source": "gdelt", "event_type": "Coerce", "sub_type": "CAMEO 173", "date": "2026-09-28", "title": "Coerce — United Kingdom", "description": "", "fatalities": null, "actors": ["UNITED KINGDOM", "PRESIDENT"], "country": "UK", "links": ["https://www.onlinekhabar.com/2026/09/2027793/five-suspects-arrested-near-us-military-base-in-uk"], "confidence": 0.8, "tone": -1.0752688172043, "goldstein": -5.0, "mentions": 10}}, {"type": "Feature", "geometry": {"type": "Point", "coordinates": [-0.116667, 51.5]}, "properties": {"id": "gdelt-1325245419", "source": "gdelt", "event_type": "Fight", "sub_type": "CAMEO 190", "date": "2026-09-28", "title": "Fight — London, London, City of, United Kingdom", "description": "", "fatalities": null, "actors": ["UNITED KINGDOM"], "country": "UK", "links": ["https://www.bankier.pl/wiadomosc/Brytyjski-minister-ostrzega-bazy-wojskowe-sa-potencjalnym-celem-terrorystow-9203564.html"], "confidence": 0.8, "tone": -8.08823529411765, "goldstein": -10.0, "mentions": 10}}, {"type": "Feature", "geometry": {"type": "Point", "coordinates": [79.5, 18.0]}, "properties": {"id": "gdelt-1325245459", "source": "gdelt", "event_type": "Coerce", "sub_type": "CAMEO 172", "date": "2026-09-28", "title": "Coerce — Telangana, Andhra Pradesh, India", "description": "", "fatalities": null, "actors": ["GOVERNMENT"], "country": "IN", "links": ["https://vaartha.com/sunday-magazine/telugu-states-government-lands-illegal-occupations-and-laws/782853/"], "confidence": 0.8, "tone": -1.6728624535316, "goldstein": -5.0, "mentions": 10}}, {"type": "Feature", "geometry": {"type": "Point", "coordinates": [31.311, 30.0577]}, "properties": {"id": "gdelt-1325245483", "source": "gdelt", "event_type": "Coerce", "sub_type": "CAMEO 173", "date": "2026-09-28", "title": "Coerce — Wizarat Al Bitrul, Al Qahirah, Egypt", "description": "", "fatalities": null, "actors": ["AMBASSADOR", "EGYPT"], "country": "EG", "links": ["https://www.nile.eg/%D8%A7%D9%84%D8%B1%D8%A6%D9%8A%D8%B3-%D8%A7%D9%84%D8%B3%D9%8A%D8%B3%D9%89-%D9%8A%D9%81%D8%AA%D8%AA%D8%AD-%D8%A7%D9%84%D9%8A%D9%88%D9%85-%D9%85%D9%86%D8%AA%D8%AF%D9%89-%D9%85%D8%B5%D8%B1-%D8%A7%D9%84"], "confidence": 0.4, "tone": 2.17391304347826, "goldstein": -5.0, "mentions": 2}}, {"type": "Feature", "geometry": {"type": "Point", "coordinates": [31.311, 30.0577]}, "properties": {"id": "gdelt-1325245484", "source": "gdelt", "event_type": "Coerce", "sub_type": "CAMEO 173", "date": "2026-09-28", "title": "Coerce — Wizarat Al Bitrul, Al Qahirah, Egypt", "description": "", "fatalities": null, "actors": ["PRESIDENT", "EGYPT"], "country": "EG", "links": ["https://www.nile.eg/%D8%A7%D9%84%D8%B1%D8%A6%D9%8A%D8%B3-%D8%A7%D9%84%D8%B3%D9%8A%D8%B3%D9%89-%D9%8A%D9%81%D8%AA%D8%AA%D8%AD-%D8%A7%D9%84%D9%8A%D9%88%D9%85-%D9%85%D9%86%D8%AA%D8%AF%D9%89-%D9%85%D8%B5%D8%B1-%D8%A7%D9%84"], "confidence": 0.4, "tone": 2.17391304347826, "goldstein": -5.0, "mentions": 2}}, {"type": "Feature", "geometry": {"type": "Point", "coordinates": [105.0, 35.0]}, "properties": {"id": "gdelt-1325245494", "source": "gdelt", "event_type": "Coerce", "sub_type": "CAMEO 173", "date": "2026-09-28", "title": "Coerce — China", "description": "", "fatalities": null, "actors": ["PRESIDENT", "IRAN"], "country": "CH", "links": ["https://www.lapresse.it/esteri/2026/09/28/attentato-a-base-usa-nel-regno-unito-trump-li-abbiamo-presi/"], "confidence": 0.8, "tone": -3.64372469635627, "goldstein": -5.0, "mentions": 10}}, {"type": "Feature", "geometry": {"type": "Point", "coordinates": [138.0, 36.0]}, "properties": {"id": "gdelt-1325245550", "source": "gdelt", "event_type": "Fight", "sub_type": "CAMEO 192", "date": "2026-09-28", "title": "Fight — Japan", "description": "", "fatalities": null, "actors": ["HOSPITAL"], "country": "JA", "links": ["https://www.elprogreso.es/blog/manuel-de-lorenzo/deriva-oceano-pacifico/202609281006192001496.html"], "confidence": 0.8, "tone": -2.41102181400689, "goldstein": -9.5, "mentions": 10}}, {"type": "Feature", "geometry": {"type": "Point", "coordinates": [34.75, 31.5]}, "properties": {"id": "gdelt-1325245585", "source": "gdelt", "event_type": "Fight", "sub_type": "CAMEO 192", "date": "2026-09-28", "title": "Fight — Israel", "description": "", "fatalities": null, "actors": ["ISRAELI"], "country": "IS", "links": ["https://www.nile.eg/%D9%84%D8%A8%D9%86%D8%A7%D9%86-%D8%A7%D8%B3%D8%AA%D9%85%D8%B1%D8%A7%D8%B1-%D8%A7%D9%84%D9%82%D8%B5%D9%81-%D8%A7%D9%84%D8%A5%D8%B3%D8%B1%D8%A7%D8%A6%D9%8A%D9%84%D9%89-%D8%B9%D9%84%D9%89-%D9%85%D9%86"], "confidence": 0.8, "tone": -8.87096774193548, "goldstein": -9.5, "mentions": 10}}, {"type": "Feature", "geometry": {"type": "Point", "coordinates": [12.833333, 42.833333]}, "properties": {"id": "gdelt-1325245617", "source": "gdelt", "event_type": "Protest", "sub_type": "CAMEO 143", "date": "2026-09-28", "title": "Protest — Italy", "description": "", "fatalities": null, "actors": ["ITALIAN"], "country": "IT", "links": ["https://www.laleggepertutti.it/832618_si-puo-andare-in-pensione-con-i-contributi-versati-allestero"], "confidence": 0.8, "tone": 1.23076923076923, "goldstein": -6.5, "mentions": 10}}, {"type": "Feature", "geometry": {"type": "Point", "coordinates": [12.4833, 41.9]}, "properties": {"id": "gdelt-1325245618", "source": "gdelt", "event_type": "Fight", "sub_type": "CAMEO 193", "date": "2026-09-28", "title": "Fight — Rome, Lazio, Italy", "description": "", "fatalities": null, "actors": ["ITALY"], "country": "IT", "links": ["https://www.zazoom.it/2026-09-28/e-successo-di-nuovo-li-orrore-nel-lago-italiano-la-morte-atroce-a-44-anni/19732477/"], "confidence": 0.8, "tone": -7.41687979539638, "goldstein": -10.0, "mentions": 10}}, {"type": "Feature", "geometry": {"type": "Point", "coordinates": [18.3833, 43.85]}, "properties": {"id": "gdelt-1325245682", "source": "gdelt", "event_type": "Coerce", "sub_type": "CAMEO 173", "date": "2026-09-28", "title": "Coerce — Sarajevo, Federation of Bosnia and Herzegovina, Bosnia-Herzegovina", "description": "", "fatalities": null, "actors": ["PARLIAMENTARIAN"], "country": "BK", "links": ["https://www.oslobodjenje.ba/vijesti/bih/historijska-odluka-donesena-u-opkoljenom-sarajevu-prije-33-godine/"], "confidence": 0.8, "tone": -3.53982300884955, "goldstein": -5.0, "mentions": 10}}, {"type": "Feature", "geometry": {"type": "Point", "coordinates": [34.911546, 39.059012]}, "properties": {"id": "gdelt-1325245707", "source": "gdelt", "event_type": "Fight", "sub_type": "CAMEO 193", "date": "2026-09-28", "title": "Fight — Turkey", "description": "", "fatalities": null, "actors": ["MALE", "POLICE"], "country": "TU", "links": ["https://www.focus.de/panorama/welt/mann-wird-vor-polizeiwache-aus-fahrendem-auto-angeschossen_bcc5ec2b-18a6-40af-b6a0-b56c565f162e.html"], "confidence": 0.9, "tone": -7.22433460076046, "goldstein": -10.0, "mentions": 20}}, {"type": "Feature", "geometry": {"type": "Point", "coordinates": [-72.0, 4.0]}, "properties": {"id": "gdelt-1325245740", "source": "gdelt", "event_type": "Force posture", "sub_type": "CAMEO 154", "date": "2026-09-28", "title": "Force posture — Colombia", "description": "", "fatalities": null, "actors": ["ARMY"], "country": "CO", "links": ["https://www.infodefensa.com/texto-diario/mostrar/6030120/199-colombia-hercules-colombianos-movilizan-tropas-reforzar-ofensiva-contra-acsn-norte-pais"], "confidence": 0.8, "tone": 1.71232876712329, "goldstein": -7.2, "mentions": 10}}, {"type": "Feature", "geometry": {"type": "Point", "coordinates": [105.0, 35.0]}, "properties": {"id": "gdelt-1325245741", "source": "gdelt", "event_type": "Coerce", "sub_type": "CAMEO 172", "date": "2026-09-28", "title": "Coerce — China", "description": "", "fatalities": null, "actors": ["MILITARY"], "country": "CH", "links": ["https://www.onlinekhabar.com/2026/09/2027786/president-trumps-proposal-to-sell-arms-to-china-revealed-white-house-denies"], "confidence": 0.8, "tone": -2.31884057971014, "goldstein": -5.0, "mentions": 10}}, {"type": "Feature", "geometry": {"type": "Point", "coordinates": [37.5998, 49.7209]}, "properties": {"id": "gdelt-1325245742", "source": "gdelt", "event_type": "Assault", "sub_type": "CAMEO 180", "date": "2026-09-28", "title": "Assault — Kupyansk, Kharkivs'ka Oblast', Ukraine", "description": "", "fatalities": null, "actors": ["MILITARY"], "country": "UP", "links": ["https://ua.korrespondent.net/ukraine/4915455-okupanty-prykryvauitsia-tsyvilnymy-vidstupauichy-z-kharkivschyny-khartiia"], "confidence": 0.8, "tone": -4.8, "goldstein": -9.0, "mentions": 10}}, {"type": "Feature", "geometry": {"type": "Point", "coordinates": [20.7347, 50.2113]}, "properties": {"id": "gdelt-1325245743", "source": "gdelt", "event_type": "Fight", "sub_type": "CAMEO 193", "date": "2026-09-28", "title": "Fight — Deblin, Malopolskie, Poland", "description": "", "fatalities": null, "actors": ["COMMANDER"], "country": "PL", "links": ["https://www.bankier.pl/wiadomosc/Wazna-zmiana-dla-polskiego-lotnictwa-Pilot-bedzie-mogl-zestrzelic-obcy-statek-powietrzny-9203599.html"], "confidence": 0.9, "tone": -1.67597765363128, "goldstein": -10.0, "mentions": 20}}, {"type": "Feature", "geometry": {"type": "Point", "coordinates": [-77.0364, 38.8951]}, "properties": {"id": "gdelt-1325245744", "source": "gdelt", "event_type": "Coerce", "sub_type": "CAMEO 172", "date": "2026-09-28", "title": "Coerce — White House, District of Columbia, United States", "description": "", "fatalities": null, "actors": ["MILITARY", "CHINA"], "country": "US", "links": ["https://www.onlinekhabar.com/2026/09/2027786/president-trumps-proposal-to-sell-arms-to-china-revealed-white-house-denies"], "confidence": 0.8, "tone": -2.31884057971014, "goldstein": -5.0, "mentions": 10}}, {"type": "Feature", "geometry": {"type": "Point", "coordinates": [-72.0, 4.0]}, "properties": {"id": "gdelt-1325245747", "source": "gdelt", "event_type": "Force posture", "sub_type": "CAMEO 154", "date": "2026-09-28", "title": "Force posture — Colombia", "description": "", "fatalities": null, "actors": ["MILITARY", "POLICE"], "country": "CO", "links": ["https://www.infodefensa.com/texto-diario/mostrar/6030120/199-colombia-hercules-colombianos-movilizan-tropas-reforzar-ofensiva-contra-acsn-norte-pais"], "confidence": 0.8, "tone": 1.71232876712329, "goldstein": -7.2, "mentions": 10}}, {"type": "Feature", "geometry": {"type": "Point", "coordinates": [53.0, 32.0]}, "properties": {"id": "gdelt-1325245748", "source": "gdelt", "event_type": "Fight", "sub_type": "CAMEO 195", "date": "2026-09-28", "title": "Fight — Iran", "description": "", "fatalities": null, "actors": ["AIR FORCE", "POLICE"], "country": "IR", "links": ["https://www.gp.se/nyheter/varlden/bonde-kan-ha-stoppat-terrorplan.d1c82942-ec18-5b33-816b-0b9865ef1d27"], "confidence": 0.8, "tone": -4.85436893203883, "goldstein": -10.0, "mentions": 10}}, {"type": "Feature", "geometry": {"type": "Point", "coordinates": [37.5895, 48.8414]}, "properties": {"id": "gdelt-1325245750", "source": "gdelt", "event_type": "Assault", "sub_type": "CAMEO 180", "date": "2026-09-28", "title": "Assault — Slovyansk, Donets'ka Oblast', Ukraine", "description": "", "fatalities": null, "actors": ["MILITARY", "CIVILIAN"], "country": "UP", "links": ["https://zn.ua/ukr/war/prikrivajut-svij-vidkhid-na-kupjanshchini-okupanti-vikradajut-ljudej-i-zhenut-jikh-cherez-hazovu-trubu-khartija.html"], "confidence": 0.8, "tone": -3.7037037037037, "goldstein": -9.0, "mentions": 10}}, {"type": "Feature", "geometry": {"type": "Point", "coordinates": [37.5998, 49.7209]}, "properties": {"id": "gdelt-1325245751", "source": "gdelt", "event_type": "Fight", "sub_type": "CAMEO 190", "date": "2026-09-28", "title": "Fight — Kupyansk, Kharkivs'ka Oblast', Ukraine", "description": "", "fatalities": null, "actors": ["MILITARY", "CIVILIAN"], "country": "UP", "links": ["https://ua.korrespondent.net/ukraine/4915455-okupanty-prykryvauitsia-tsyvilnymy-vidstupauichy-z-kharkivschyny-khartiia"], "confidence": 0.8, "tone": -4.8, "goldstein": -10.0, "mentions": 10}}, {"type": "Feature", "geometry": {"type": "Point", "coordinates": [-157.531, 21.1098]}, "properties": {"id": "gdelt-1325245754", "source": "gdelt", "event_type": "Fight", "sub_type": "CAMEO 195", "date": "2026-09-28", "title": "Fight — Hawaii, United States", "description": "", "fatalities": null, "actors": ["AIR FORCE", "FIGHTER"], "country": "US", "links": ["https://divyamarathi.bhaskar.com/international/news/uk-us-airbase-terror-plot-arrests-made-amid-security-alert-139176919.html"], "confidence": 0.7, "tone": -8.97959183673473, "goldstein": -10.0, "mentions": 8}}, {"type": "Feature", "geometry": {"type": "Point", "coordinates": [-157.531, 21.1098]}, "properties": {"id": "gdelt-1325245755", "source": "gdelt", "event_type": "Fight", "sub_type": "CAMEO 195", "date": "2026-09-28", "title": "Fight — Hawaii, United States", "description": "", "fatalities": null, "actors": ["AIR FORCE", "FIGHTER"], "country": "US", "links": ["https://divyamarathi.bhaskar.com/international/news/uk-us-airbase-terror-plot-arrests-made-amid-security-alert-139176919.html"], "confidence": 0.4, "tone": -8.97959183673473, "goldstein": -10.0, "mentions": 2}}, {"type": "Feature", "geometry": {"type": "Point", "coordinates": [37.6156, 55.7522]}, "properties": {"id": "gdelt-1325245776", "source": "gdelt", "event_type": "Coerce", "sub_type": "CAMEO 173", "date": "2026-09-28", "title": "Coerce — Moscow, Moskva, Russia", "description": "", "fatalities": null, "actors": ["ACTIVIST", "UKRAINE"], "country": "RS", "links": ["https://www.dw.com/de/ukraine-suedkorea-nordkorea-soldaten-ukraine-krieg-kriegsgefangene/a-79455523"], "confidence": 0.8, "tone": -3.38600451467269, "goldstein": -5.0, "mentions": 10}}, {"type": "Feature", "geometry": {"type": "Point", "coordinates": [32.0, 49.0]}, "properties": {"id": "gdelt-1325245787", "source": "gdelt", "event_type": "Coerce", "sub_type": "CAMEO 172", "date": "2026-09-28", "title": "Coerce — Ukraine", "description": "", "fatalities": null, "actors": ["POLISH"], "country": "UP", "links": ["https://www.bankier.pl/wiadomosc/Syreny-alarmowe-zbyt-czesto-Kierwinski-tlumaczy-kiedy-sa-uruchamiane-9203524.html"], "confidence": 0.8, "tone": -2.43055555555555, "goldstein": -5.0, "mentions": 10}}, {"type": "Feature", "geometry": {"type": "Point", "coordinates": [21.0, 52.25]}, "properties": {"id": "gdelt-1325245788", "source": "gdelt", "event_type": "Fight", "sub_type": "CAMEO 192", "date": "2026-09-28", "title": "Fight — Warsaw, (PL67), Poland", "description": "", "fatalities": null, "actors": ["WARSAW"], "country": "PL", "links": ["https://www.trojmiasto.pl/wiadomosci/Podejrzany-o-zbrodnie-vatowska-zatrzymany-w-Hiszpanii-i-aresztowany-w-Gdansku-n226378.html"], "confidence": 0.4, "tone": -11.5479115479116, "goldstein": -9.5, "mentions": 2}}, {"type": "Feature", "geometry": {"type": "Point", "coordinates": [18.55, 54.5]}, "properties": {"id": "gdelt-1325245795", "source": "gdelt", "event_type": "Coerce", "sub_type": "CAMEO 173", "date": "2026-09-28", "title": "Coerce — Gdynia, Pomorskie, Poland", "description": "", "fatalities": null, "actors": ["GDANSK", "SPAIN"], "country": "PL", "links": ["https://www.trojmiasto.pl/wiadomosci/Podejrzany-o-zbrodnie-vatowska-zatrzymany-w-Hiszpanii-i-aresztowany-w-Gdansku-n226378.html"], "confidence": 0.8, "tone": -11.5479115479116, "goldstein": -5.0, "mentions": 10}}, {"type": "Feature", "geometry": {"type": "Point", "coordinates": [-4.0, 40.0]}, "properties": {"id": "gdelt-1325245796", "source": "gdelt", "event_type": "Coerce", "sub_type": "CAMEO 173", "date": "2026-09-28", "title": "Coerce — Spain", "description": "", "fatalities": null, "actors": ["GDANSK", "SPAIN"], "country": "SP", "links": ["https://www.trojmiasto.pl/wiadomosci/Podejrzany-o-zbrodnie-vatowska-zatrzymany-w-Hiszpanii-i-aresztowany-w-Gdansku-n226378.html"], "confidence": 0.8, "tone": -11.5479115479116, "goldstein": -5.0, "mentions": 10}}, {"type": "Feature", "geometry": {"type": "Point", "coordinates": [21.0, 52.25]}, "properties": {"id": "gdelt-1325245798", "source": "gdelt", "event_type": "Fight", "sub_type": "CAMEO 192", "date": "2026-09-28", "title": "Fight — Warsaw, (PL67), Poland", "description": "", "fatalities": null, "actors": ["WARSAW", "EUROPEAN"], "country": "PL", "links": ["https://www.trojmiasto.pl/wiadomosci/Podejrzany-o-zbrodnie-vatowska-zatrzymany-w-Hiszpanii-i-aresztowany-w-Gdansku-n226378.html"], "confidence": 0.6000000000000001, "tone": -11.5479115479116, "goldstein": -9.5, "mentions": 6}}, {"type": "Feature", "geometry": {"type": "Point", "coordinates": [21.0, 52.25]}, "properties": {"id": "gdelt-1325245799", "source": "gdelt", "event_type": "Fight", "sub_type": "CAMEO 192", "date": "2026-09-28", "title": "Fight — Warsaw, (PL67), Poland", "description": "", "fatalities": null, "actors": ["WARSAW", "EUROPEAN"], "country": "PL", "links": ["https://www.trojmiasto.pl/wiadomosci/Podejrzany-o-zbrodnie-vatowska-zatrzymany-w-Hiszpanii-i-aresztowany-w-Gdansku-n226378.html"], "confidence": 0.4, "tone": -11.5479115479116, "goldstein": -9.5, "mentions": 2}}, {"type": "Feature", "geometry": {"type": "Point", "coordinates": [46.5039, 48.2907]}, "properties": {"id": "gdelt-1325245859", "source": "gdelt", "event_type": "Fight", "sub_type": "CAMEO 190", "date": "2026-09-28", "title": "Fight — Zelenskiy, Astrakhanskaya Oblast', Russia", "description": "", "fatalities": null, "actors": ["RUSSIA"], "country": "RS", "links": ["https://runews24.ru/articles/28/09/2026/dajte-rossii-spokojno-proigryivat-prosrochennyij-ustroil-isteriku-na-shabashe-v-oon-vse-iz-za-kotlov"], "confidence": 0.4, "tone": -5.3211009174312, "goldstein": -10.0, "mentions": 2}}, {"type": "Feature", "geometry": {"type": "Point", "coordinates": [25.3167, 54.6833]}, "properties": {"id": "gdelt-1325245860", "source": "gdelt", "event_type": "Fight", "sub_type": "CAMEO 190", "date": "2026-09-28", "title": "Fight — Vilnius, Vilniaus Apskritis, Lithuania", "description": "", "fatalities": null, "actors": ["RUSSIA"], "country": "LH", "links": ["https://glavred.info/analytics/rf-gotovit-novyy-front-v-evrope-chto-proishodit-v-nato-i-k-chemu-gotovitsya-zapad-10799843.html"], "confidence": 0.4, "tone": -5.04527813712808, "goldstein": -10.0, "mentions": 2}}, {"type": "Feature", "geometry": {"type": "Point", "coordinates": [25.3167, 54.6833]}, "properties": {"id": "gdelt-1325245861", "source": "gdelt", "event_type": "Fight", "sub_type": "CAMEO 190", "date": "2026-09-28", "title": "Fight — Vilnius, Vilniaus Apskritis, Lithuania", "description": "", "fatalities": null, "actors": ["RUSSIA"], "country": "LH", "links": ["https://glavred.info/analytics/rf-gotovit-novyy-front-v-evrope-chto-proishodit-v-nato-i-k-chemu-gotovitsya-zapad-10799843.html"], "confidence": 0.6000000000000001, "tone": -5.04527813712808, "goldstein": -10.0, "mentions": 6}}, {"type": "Feature", "geometry": {"type": "Point", "coordinates": [37.6156, 55.7522]}, "properties": {"id": "gdelt-1325245862", "source": "gdelt", "event_type": "Fight", "sub_type": "CAMEO 190", "date": "2026-09-28", "title": "Fight — Moscow, Moskva, Russia", "description": "", "fatalities": null, "actors": ["RUSSIA"], "country": "RS", "links": ["https://glavred.info/analytics/rf-gotovit-novyy-front-v-evrope-chto-proishodit-v-nato-i-k-chemu-gotovitsya-zapad-10799843.html"], "confidence": 0.4, "tone": -5.04527813712808, "goldstein": -10.0, "mentions": 2}}, {"type": "Feature", "geometry": {"type": "Point", "coordinates": [82.9344, 55.0411]}, "properties": {"id": "gdelt-1325245863", "source": "gdelt", "event_type": "Coerce", "sub_type": "CAMEO 172", "date": "2026-09-28", "title": "Coerce — Novosibirsk, Novosibirskaya Oblast', Russia", "description": "", "fatalities": null, "actors": ["ULYANOVSK", "COMPANY"], "country": "RS", "links": ["https://misanec.ru/2026/09/28/%D0%B2-%D1%83%D0%BB%D1%8C%D1%8F%D0%BD%D0%BE%D0%B2%D1%81%D0%BA%D0%B5-%D0%B4%D0%B8%D1%80%D0%B5%D0%BA%D1%82%D0%BE%D1%80%D0%B0-%D0%BA%D0%BE%D0%BC%D0%BF%D0%B0%D0%BD%D0%B8%D0%B8-%D0%BE%D1%88%D1%82%D1%80/"], "confidence": 0.8, "tone": -4.29447852760737, "goldstein": -5.0, "mentions": 10}}, {"type": "Feature", "geometry": {"type": "Point", "coordinates": [30.2642, 59.8944]}, "properties": {"id": "gdelt-1325245867", "source": "gdelt", "event_type": "Coerce", "sub_type": "CAMEO 173", "date": "2026-09-28", "title": "Coerce — Leningrad, Sankt-Peterburg, Russia", "description": "", "fatalities": null, "actors": ["SAINT PETERSBURG", "PRISON"], "country": "RS", "links": ["https://lenta.ru/news/2026/09/28/nelegal-shpion-vyslushal-prigovor-v-rossiyskom-gorode/"], "confidence": 0.5, "tone": -8.33333333333334, "goldstein": -5.0, "mentions": 4}}, {"type": "Feature", "geometry": {"type": "Point", "coordinates": [30.5167, 50.4333]}, "properties": {"id": "gdelt-1325245871", "source": "gdelt", "event_type": "Fight", "sub_type": "CAMEO 192", "date": "2026-09-28", "title": "Fight — Kiev, Ukraine (general), Ukraine", "description": "", "fatalities": null, "actors": ["RUSSIAN", "POPULATION"], "country": "UP", "links": ["https://lenta.ru/news/2026/09/28/armiya-rossii-vzyala-pod-kontrol-esche-dva-naselennyh-punkta-v-zone-svo/"], "confidence": 0.5, "tone": -3.36134453781513, "goldstein": -9.5, "mentions": 4}}, {"type": "Feature", "geometry": {"type": "Point", "coordinates": [30.5167, 50.4333]}, "properties": {"id": "gdelt-1325245876", "source": "gdelt", "event_type": "Fight", "sub_type": "CAMEO 190", "date": "2026-09-28", "title": "Fight — Kiev, Ukraine (general), Ukraine", "description": "", "fatalities": null, "actors": ["RUSSIA", "NATO"], "country": "UP", "links": ["https://glavred.info/analytics/rf-gotovit-novyy-front-v-evrope-chto-proishodit-v-nato-i-k-chemu-gotovitsya-zapad-10799843.html"], "confidence": 0.4, "tone": -5.04527813712808, "goldstein": -10.0, "mentions": 2}}, {"type": "Feature", "geometry": {"type": "Point", "coordinates": [37.6156, 55.7522]}, "properties": {"id": "gdelt-1325245877", "source": "gdelt", "event_type": "Fight", "sub_type": "CAMEO 190", "date": "2026-09-28", "title": "Fight — Moscow, Moskva, Russia", "description": "", "fatalities": null, "actors": ["RUSSIA", "NATO"], "country": "RS", "links": ["https://glavred.info/analytics/rf-gotovit-novyy-front-v-evrope-chto-proishodit-v-nato-i-k-chemu-gotovitsya-zapad-10799843.html"], "confidence": 0.7, "tone": -5.04527813712808, "goldstein": -10.0, "mentions": 8}}, {"type": "Feature", "geometry": {"type": "Point", "coordinates": [30.5167, 50.4333]}, "properties": {"id": "gdelt-1325245917", "source": "gdelt", "event_type": "Fight", "sub_type": "CAMEO 192", "date": "2026-09-28", "title": "Fight — Kiev, Ukraine (general), Ukraine", "description": "", "fatalities": null, "actors": ["RUSSIAN", "POPULATION"], "country": "UP", "links": ["https://lenta.ru/news/2026/09/28/armiya-rossii-vzyala-pod-kontrol-esche-dva-naselennyh-punkta-v-zone-svo/"], "confidence": 0.6000000000000001, "tone": -3.36134453781513, "goldstein": -9.5, "mentions": 6}}, {"type": "Feature", "geometry": {"type": "Point", "coordinates": [30.2642, 59.8944]}, "properties": {"id": "gdelt-1325245919", "source": "gdelt", "event_type": "Coerce", "sub_type": "CAMEO 173", "date": "2026-09-28", "title": "Coerce — Leningrad, Sankt-Peterburg, Russia", "description": "", "fatalities": null, "actors": ["RUSSIA", "PRISON"], "country": "RS", "links": ["https://lenta.ru/news/2026/09/28/nelegal-shpion-vyslushal-prigovor-v-rossiyskom-gorode/"], "confidence": 0.5, "tone": -8.33333333333334, "goldstein": -5.0, "mentions": 4}}, {"type": "Feature", "geometry": {"type": "Point", "coordinates": [44.2067, 15.3547]}, "properties": {"id": "gdelt-1325245923", "source": "gdelt", "event_type": "Assault", "sub_type": "CAMEO 180", "date": "2026-09-28", "title": "Assault — Sanaa, Sana', Yemen", "description": "", "fatalities": null, "actors": ["SAUDI ARABIA", "A US"], "country": "YM", "links": ["https://www.bbc.com/urdu/articles/cm17jkz0v7n7o"], "confidence": 0.5, "tone": -3.04975922953451, "goldstein": -9.0, "mentions": 4}}, {"type": "Feature", "geometry": {"type": "Point", "coordinates": [44.2067, 15.3547]}, "properties": {"id": "gdelt-1325245924", "source": "gdelt", "event_type": "Assault", "sub_type": "CAMEO 180", "date": "2026-09-28", "title": "Assault — Sanaa, Sana', Yemen", "description": "", "fatalities": null, "actors": ["SAUDI ARABIA", "A US"], "country": "YM", "links": ["https://www.bbc.com/urdu/articles/cm17jkz0v7n7o"], "confidence": 0.5, "tone": -3.04975922953451, "goldstein": -9.0, "mentions": 4}}, {"type": "Feature", "geometry": {"type": "Point", "coordinates": [45.0, 25.0]}, "properties": {"id": "gdelt-1325245925", "source": "gdelt", "event_type": "Assault", "sub_type": "CAMEO 180", "date": "2026-09-28", "title": "Assault — Saudi Arabia", "description": "", "fatalities": null, "actors": ["SAUDI", "A US"], "country": "SA", "links": ["https://www.bbc.com/urdu/articles/cm17jkz0v7n7o"], "confidence": 0.4, "tone": -3.04975922953451, "goldstein": -9.0, "mentions": 2}}, {"type": "Feature", "geometry": {"type": "Point", "coordinates": [100.0, 60.0]}, "properties": {"id": "gdelt-1325245937", "source": "gdelt", "event_type": "Fight", "sub_type": "CAMEO 190", "date": "2026-09-28", "title": "Fight — Russia", "description": "", "fatalities": null, "actors": ["MUJAHIDEEN"], "country": "RS", "links": ["https://www.bbc.com/urdu/articles/ck9qrz4g4j21o"], "confidence": 0.8, "tone": -2.22634508348794, "goldstein": -10.0, "mentions": 10}}, {"type": "Feature", "geometry": {"type": "Point", "coordinates": [15.0, 62.0]}, "properties": {"id": "gdelt-1325245947", "source": "gdelt", "event_type": "Coerce", "sub_type": "CAMEO 1712", "date": "2026-09-28", "title": "Coerce — Sweden", "description": "", "fatalities": null, "actors": ["SWEDEN"], "country": "SW", "links": ["https://www.zeit.de/politik/ausland/2026-09/schweden-magdalena-andersson-regierungsbildung-parlamentswahl"], "confidence": 0.8, "tone": -2.17391304347826, "goldstein": -9.2, "mentions": 10}}, {"type": "Feature", "geometry": {"type": "Point", "coordinates": [38.5, 48.5]}, "properties": {"id": "gdelt-1325245985", "source": "gdelt", "event_type": "Assault", "sub_type": "CAMEO 180", "date": "2026-09-28", "title": "Assault — Donbass, Ukraine (general), Ukraine", "description": "", "fatalities": null, "actors": ["FIGHTER"], "country": "UP", "links": ["https://korrespondent.net/ukraine/4915430-vsu-osvobodyly-176-kv-km-na-donbasse"], "confidence": 0.5, "tone": -2.64900662251656, "goldstein": -9.0, "mentions": 4}}, {"type": "Feature", "geometry": {"type": "Point", "coordinates": [-4.0, 54.0]}, "properties": {"id": "gdelt-1325245986", "source": "gdelt", "event_type": "Fight", "sub_type": "CAMEO 195", "date": "2026-09-28", "title": "Fight — United Kingdom", "description": "", "fatalities": null, "actors": ["TERRORIST", "ISMAIL KHAN"], "country": "UK", "links": ["https://www.alriyadh.com/2208565"], "confidence": 0.6000000000000001, "tone": -13.2530120481928, "goldstein": -10.0, "mentions": 6}}, {"type": "Feature", "geometry": {"type": "Point", "coordinates": [-4.0, 54.0]}, "properties": {"id": "gdelt-1325245988", "source": "gdelt", "event_type": "Fight", "sub_type": "CAMEO 195", "date": "2026-09-28", "title": "Fight — United Kingdom", "description": "", "fatalities": null, "actors": ["TERRORIST", "PAKISTAN"], "country": "UK", "links": ["https://www.alriyadh.com/2208565"], "confidence": 0.5, "tone": -13.2530120481928, "goldstein": -10.0, "mentions": 4}}, {"type": "Feature", "geometry": {"type": "Point", "coordinates": [100.0, 60.0]}, "properties": {"id": "gdelt-1325245989", "source": "gdelt", "event_type": "Coerce", "sub_type": "CAMEO 172", "date": "2026-09-28", "title": "Coerce — Russia", "description": "", "fatalities": null, "actors": ["TERRORIST ORGANIZATION", "RUSSIA"], "country": "RS", "links": ["https://expert.ru/news/fsb-vozbudila-delo-protiv-eks-modeli-ksenii-maksimovoy"], "confidence": 0.8, "tone": -6.14334470989761, "goldstein": -5.0, "mentions": 10}}, {"type": "Feature", "geometry": {"type": "Point", "coordinates": [2.0, 46.0]}, "properties": {"id": "gdelt-1325245990", "source": "gdelt", "event_type": "Fight", "sub_type": "CAMEO 190", "date": "2026-09-28", "title": "Fight — France", "description": "", "fatalities": null, "actors": ["ARMED GROUP", "NORTH WEST"], "country": "FR", "links": ["https://maliactu.net/abeibara-les-fama-ciblent-des-regroupements-armes-dans-le-cadre-de-dougoukoloko/"], "confidence": 0.8, "tone": -1.19047619047619, "goldstein": -10.0, "mentions": 10}}, {"type": "Feature", "geometry": {"type": "Point", "coordinates": [34.7709, 51.0811]}, "properties": {"id": "gdelt-1325246004", "source": "gdelt", "event_type": "Fight", "sub_type": "CAMEO 190", "date": "2026-09-28", "title": "Fight — Khotin, Sums'ka Oblast', Ukraine", "description": "", "fatalities": null, "actors": ["UKRAINE", "SETTLEMENT"], "country": "UP", "links": ["https://racurs.ua/n216474-rossiyskie-zahvatchiki-za-sutki-poteryali-bolee-2-tys-chelovek-genshtab-infografika.html"], "confidence": 0.4, "tone": -7.42574257425742, "goldstein": -10.0, "mentions": 2}}, {"type": "Feature", "geometry": {"type": "Point", "coordinates": [34.7709, 51.0811]}, "properties": {"id": "gdelt-1325246005", "source": "gdelt", "event_type": "Fight", "sub_type": "CAMEO 190", "date": "2026-09-28", "title": "Fight — Khotin, Sums'ka Oblast', Ukraine", "description": "", "fatalities": null, "actors": ["UKRAINE", "SETTLEMENT"], "country": "UP", "links": ["https://racurs.ua/n216474-rossiyskie-zahvatchiki-za-sutki-poteryali-bolee-2-tys-chelovek-genshtab-infografika.html"], "confidence": 0.5, "tone": -7.42574257425742, "goldstein": -10.0, "mentions": 4}}, {"type": "Feature", "geometry": {"type": "Point", "coordinates": [38.5, 48.5]}, "properties": {"id": "gdelt-1325246035", "source": "gdelt", "event_type": "Fight", "sub_type": "CAMEO 190", "date": "2026-09-28", "title": "Fight — Donbas, Ukraine (general), Ukraine", "description": "", "fatalities": null, "actors": ["UKRAINIAN", "RUSSIA"], "country": "UP", "links": ["https://nieuws.nl/buitenland/oekraine-claimt-overgave-250-russen-bij-offensief-in-donbas"], "confidence": 0.5, "tone": -9.77443609022556, "goldstein": -10.0, "mentions": 4}}, {"type": "Feature", "geometry": {"type": "Point", "coordinates": [131.378, 42.8696]}, "properties": {"id": "gdelt-1325246036", "source": "gdelt", "event_type": "Fight", "sub_type": "CAMEO 190", "date": "2026-09-28", "title": "Fight — Slavyansk, Primorskiy Kray, Russia", "description": "", "fatalities": null, "actors": ["UKRAINIAN", "RUSSIAN"], "country": "RS", "links": ["http://www.kreiszeitung.de/politik/kiew-trifft-wichtige-militaerziele-russlands-nachschub-unter-druck-zr-94513504.html"], "confidence": 0.6000000000000001, "tone": -6.62251655629139, "goldstein": -10.0, "mentions": 6}}, {"type": "Feature", "geometry": {"type": "Point", "coordinates": [131.378, 42.8696]}, "properties": {"id": "gdelt-1325246037", "source": "gdelt", "event_type": "Fight", "sub_type": "CAMEO 190", "date": "2026-09-28", "title": "Fight — Slavyansk, Primorskiy Kray, Russia", "description": "", "fatalities": null, "actors": ["UKRAINIAN", "RUSSIAN"], "country": "RS", "links": ["http://www.kreiszeitung.de/politik/kiew-trifft-wichtige-militaerziele-russlands-nachschub-unter-druck-zr-94513504.html"], "confidence": 0.9, "tone": -6.62251655629139, "goldstein": -10.0, "mentions": 24}}, {"type": "Feature", "geometry": {"type": "Point", "coordinates": [38.5, 48.5]}, "properties": {"id": "gdelt-1325246039", "source": "gdelt", "event_type": "Fight", "sub_type": "CAMEO 190", "date": "2026-09-28", "title": "Fight — Donbas, Ukraine (general), Ukraine", "description": "", "fatalities": null, "actors": ["UKRAINIAN", "UKRAINE"], "country": "UP", "links": ["https://nieuws.nl/buitenland/oekraine-claimt-overgave-250-russen-bij-offensief-in-donbas"], "confidence": 0.4, "tone": -9.77443609022556, "goldstein": -10.0, "mentions": 2}}, {"type": "Feature", "geometry": {"type": "Point", "coordinates": [32.6178, 46.6558]}, "properties": {"id": "gdelt-1325246040", "source": "gdelt", "event_type": "Fight", "sub_type": "CAMEO 193", "date": "2026-09-28", "title": "Fight — Kherson, Khersons'ka Oblast', Ukraine", "description": "", "fatalities": null, "actors": ["UKRAINIAN", "UKRAINE"], "country": "UP", "links": ["https://glavred.info/front/okkupanty-vyveli-svoi-sily-iz-harkovshchiny-prikryvayas-detmi-i-pozhilymi-lyudmi-10799852.html"], "confidence": 0.4, "tone": -3.80761523046092, "goldstein": -10.0, "mentions": 2}}, {"type": "Feature", "geometry": {"type": "Point", "coordinates": [32.6178, 46.6558]}, "properties": {"id": "gdelt-1325246047", "source": "gdelt", "event_type": "Fight", "sub_type": "CAMEO 193", "date": "2026-09-28", "title": "Fight — Kherson, Khersons'ka Oblast', Ukraine", "description": "", "fatalities": null, "actors": ["UKRAINIAN"], "country": "UP", "links": ["https://glavred.info/front/okkupanty-vyveli-svoi-sily-iz-harkovshchiny-prikryvayas-detmi-i-pozhilymi-lyudmi-10799852.html"], "confidence": 0.6000000000000001, "tone": -3.80761523046092, "goldstein": -10.0, "mentions": 6}}, {"type": "Feature", "geometry": {"type": "Point", "coordinates": [38.5, 48.5]}, "properties": {"id": "gdelt-1325246049", "source": "gdelt", "event_type": "Assault", "sub_type": "CAMEO 180", "date": "2026-09-28", "title": "Assault — Donbass, Ukraine (general), Ukraine", "description": "", "fatalities": null, "actors": ["UKRAINE", "REGIMENT"], "country": "UP", "links": ["https://lenta.ru/news/2026/09/28/raskryty-detali-boev-s-vsu-na-klyuchevom-dlya-zaversheniya-operatsii-v-donbasse-napravlenii/"], "confidence": 0.8, "tone": -2.81690140845071, "goldstein": -9.0, "mentions": 10}}, {"type": "Feature", "geometry": {"type": "Point", "coordinates": [38.5, 48.5]}, "properties": {"id": "gdelt-1325246050", "source": "gdelt", "event_type": "Fight", "sub_type": "CAMEO 190", "date": "2026-09-28", "title": "Fight — Donbas, Ukraine (general), Ukraine", "description": "", "fatalities": null, "actors": ["UKRAINIAN", "RUSSIAN"], "country": "UP", "links": ["https://nieuws.nl/buitenland/oekraine-claimt-overgave-250-russen-bij-offensief-in-donbas"], "confidence": 0.6000000000000001, "tone": -9.77443609022556, "goldstein": -10.0, "mentions": 6}}, {"type": "Feature", "geometry": {"type": "Point", "coordinates": [34.0, 45.0]}, "properties": {"id": "gdelt-1325246051", "source": "gdelt", "event_type": "Fight", "sub_type": "CAMEO 190", "date": "2026-09-28", "title": "Fight — Crimea, Krym, Avtonomna Respublika, Ukraine", "description": "", "fatalities": null, "actors": ["UKRAINE", "RUSSIAN"], "country": "UP", "links": ["https://www.albiladpress.com/news/2026/6559/arab-and-world/1022451.html"], "confidence": 0.8, "tone": -7.14285714285714, "goldstein": -10.0, "mentions": 10}}, {"type": "Feature", "geometry": {"type": "Point", "coordinates": [38.5, 48.5]}, "properties": {"id": "gdelt-1325246052", "source": "gdelt", "event_type": "Fight", "sub_type": "CAMEO 190", "date": "2026-09-28", "title": "Fight — Donbas, Ukraine (general), Ukraine", "description": "", "fatalities": null, "actors": ["UKRAINIAN", "UKRAINIAN"], "country": "UP", "links": ["https://nieuws.nl/buitenland/oekraine-claimt-overgave-250-russen-bij-offensief-in-donbas"], "confidence": 0.6000000000000001, "tone": -9.77443609022556, "goldstein": -10.0, "mentions": 6}}, {"type": "Feature", "geometry": {"type": "Point", "coordinates": [34.8003, 50.9216]}, "properties": {"id": "gdelt-1325246053", "source": "gdelt", "event_type": "Coerce", "sub_type": "CAMEO 173", "date": "2026-09-28", "title": "Coerce — Sumy, Sums'ka Oblast', Ukraine", "description": "", "fatalities": null, "actors": ["UKRAINE", "UKRAINIAN"], "country": "UP", "links": ["https://ua.korrespondent.net/ukraine/4915465-udar-rf-po-faktor-druku-sudytymut-chotyrokh-rosiiskykh-komandyriv"], "confidence": 0.4, "tone": -5.80204778156996, "goldstein": -5.0, "mentions": 2}}, {"type": "Feature", "geometry": {"type": "Point", "coordinates": [-56.1708, -34.8581]}, "properties": {"id": "gdelt-1325246068", "source": "gdelt", "event_type": "Fight", "sub_type": "CAMEO 190", "date": "2026-09-28", "title": "Fight — Montevideo, Montevideo, Uruguay", "description": "", "fatalities": null, "actors": ["THE US"], "country": "UY", "links": ["https://www.oslobodjenje.ba/vijesti/bbc/bio-je-monstrum-ubio-je-oca-zlostavljaca-a-porodica-trazi-pomilovanje-0z4olat0/"], "confidence": 0.8, "tone": -5.3030303030303, "goldstein": -10.0, "mentions": 10}}, {"type": "Feature", "geometry": {"type": "Point", "coordinates": [-77.0364, 38.8951]}, "properties": {"id": "gdelt-1325246074", "source": "gdelt", "event_type": "Coerce", "sub_type": "CAMEO 173", "date": "2026-09-28", "title": "Coerce — Washington, District of Columbia, United States", "description": "", "fatalities": null, "actors": ["WASHINGTON", "CITIZEN"], "country": "US", "links": ["https://www.informazionecorretta.com/main.php?mediaId=329&sez=120&id=104480"], "confidence": 0.4, "tone": -2.2608695652174, "goldstein": -5.0, "mentions": 2}}, {"type": "Feature", "geometry": {"type": "Point", "coordinates": [-77.0364, 38.8951]}, "properties": {"id": "gdelt-1325246075", "source": "gdelt", "event_type": "Coerce", "sub_type": "CAMEO 173", "date": "2026-09-28", "title": "Coerce — Washington, District of Columbia, United States", "description": "", "fatalities": null, "actors": ["WASHINGTON", "CITIZEN"], "country": "US", "links": ["https://www.informazionecorretta.com/main.php?mediaId=329&sez=120&id=104480"], "confidence": 0.7, "tone": -2.2608695652174, "goldstein": -5.0, "mentions": 8}}, {"type": "Feature", "geometry": {"type": "Point", "coordinates": [71.2478, 40.9975]}, "properties": {"id": "gdelt-1325246107", "source": "gdelt", "event_type": "Protest", "sub_type": "CAMEO 143", "date": "2026-09-28", "title": "Protest — Namangan, Namangan, Uzbekistan", "description": "", "fatalities": null, "actors": ["UZBEKISTAN"], "country": "UZ", "links": ["https://nuz.uz/2026/09/28/v-uzbekistane-v-2026-godu-prekratyat-rabotu-eshhyo-18-poligonov-othodov/"], "confidence": 0.9, "tone": -3.89610389610389, "goldstein": -6.5, "mentions": 20}}, {"type": "Feature", "geometry": {"type": "Point", "coordinates": [45.6116, 16.6897]}, "properties": {"id": "gdelt-1325246110", "source": "gdelt", "event_type": "Fight", "sub_type": "CAMEO 190", "date": "2026-09-28", "title": "Fight — Muhafazat Al Jawf, Al Jawf, Yemen", "description": "", "fatalities": null, "actors": ["YEMEN"], "country": "YM", "links": ["https://www.nile.eg/%D8%A7%D9%84%D9%82%D9%88%D8%A7%D8%AA-%D8%A7%D9%84%D9%85%D8%B3%D9%84%D8%AD%D8%A9-%D8%A7%D9%84%D9%8A%D9%85%D9%86%D9%8A%D8%A9-%D8%AA%D8%B3%D8%AA%D9%87%D8%AF%D9%81-%D9%85%D9%88%D8%A7%D9%82%D8%B9-%D8%A7"], "confidence": 0.8, "tone": -8.03571428571429, "goldstein": -10.0, "mentions": 10}}, {"type": "Feature", "geometry": {"type": "Point", "coordinates": [4.0, 50.833333]}, "properties": {"id": "gdelt-1325247504", "source": "gdelt", "event_type": "Fight", "sub_type": "CAMEO 192", "date": "2026-09-28", "title": "Fight — Belgium", "description": "", "fatalities": null, "actors": ["BELGIUM"], "country": "BE", "links": ["https://www.computable.nl/persberichten/billogram-en-coeo-starten-strategisch-partnerschap/"], "confidence": 0.8, "tone": -0.35149384885764, "goldstein": -9.5, "mentions": 10}}, {"type": "Feature", "geometry": {"type": "Point", "coordinates": [2.25, 9.5]}, "properties": {"id": "gdelt-1325247505", "source": "gdelt", "event_type": "Coerce", "sub_type": "CAMEO 173", "date": "2026-09-28", "title": "Coerce — Benin", "description": "", "fatalities": null, "actors": ["BENIN"], "country": "BN", "links": ["https://lanouvelletribune.info/2026/09/benin-pres-de-20-kg-de-chanvre-saisis-chez-un-suspect-a-ketou/"], "confidence": 0.5, "tone": -4.96031746031746, "goldstein": -5.0, "mentions": 4}}, {"type": "Feature", "geometry": {"type": "Point", "coordinates": [12.4833, 41.9]}, "properties": {"id": "gdelt-1325247533", "source": "gdelt", "event_type": "Fight", "sub_type": "CAMEO 190", "date": "2026-09-28", "title": "Fight — Rome, Lazio, Italy", "description": "", "fatalities": null, "actors": ["EUROPE"], "country": "IT", "links": ["https://www.tanea.gr/2026/09/28/economy/diethni/italia-23-dis-eyro-gia-nea-genia-tethorakismenon-i-megali-epistrofi-ton-armaton-stin-eyropi/"], "confidence": 0.9, "tone": 0.64935064935065, "goldstein": -10.0, "mentions": 20}}, {"type": "Feature", "geometry": {"type": "Point", "coordinates": [-46.6167, -23.5333]}, "properties": {"id": "gdelt-1325247570", "source": "gdelt", "event_type": "Protest", "sub_type": "CAMEO 141", "date": "2026-09-28", "title": "Protest — Sao Paulo, SãPaulo, Brazil", "description": "", "fatalities": null, "actors": ["ACTIVIST"], "country": "BR", "links": ["https://www.correiobraziliense.com.br/mundo/2026/09/7509559-por-que-lula-acusa-trump-de-tentar-interferir-na-eleicao-a-favor-de-flavio-bolsonaro.html"], "confidence": 0.8, "tone": -1.67300380228137, "goldstein": -6.5, "mentions": 10}}, {"type": "Feature", "geometry": {"type": "Point", "coordinates": [34.3333, 31.4167]}, "properties": {"id": "gdelt-1325247571", "source": "gdelt", "event_type": "Coerce", "sub_type": "CAMEO 173", "date": "2026-09-28", "title": "Coerce — Gaza, Israel (general), Israel", "description": "", "fatalities": null, "actors": ["PRISONER"], "country": "IS", "links": ["https://www.shorouknews.com/news/view.aspx?cdate=28092026&id=277e3e9b-e30b-479e-8c89-0ca02f0366d6"], "confidence": 0.8, "tone": -11.4503816793893, "goldstein": -5.0, "mentions": 10}}, {"type": "Feature", "geometry": {"type": "Point", "coordinates": [46.5039, 48.2907]}, "properties": {"id": "gdelt-1325247576", "source": "gdelt", "event_type": "Fight", "sub_type": "CAMEO 190", "date": "2026-09-28", "title": "Fight — Zelenskiy, Astrakhanskaya Oblast', Russia", "description": "", "fatalities": null, "actors": ["RUSSIAN"], "country": "RS", "links": ["https://ipress.ua/articles/ukraina_buduie_armiyu_robotiv_rosiya_bie_po_promyslovosti_a_tramp_povertaie_putina_u_svitovu_polityku__fillips_obrayen_390806.html"], "confidence": 0.6000000000000001, "tone": -1.8018018018018, "goldstein": -10.0, "mentions": 6}}, {"type": "Feature", "geometry": {"type": "Point", "coordinates": [28.7868, 48.699]}, "properties": {"id": "gdelt-1325247582", "source": "gdelt", "event_type": "Fight", "sub_type": "CAMEO 190", "date": "2026-09-28", "title": "Fight — Zarichne, Vinnyts'ka Oblast', Ukraine", "description": "", "fatalities": null, "actors": ["UKRAINIAN"], "country": "UP", "links": ["https://ipress.ua/articles/ukraina_buduie_armiyu_robotiv_rosiya_bie_po_promyslovosti_a_tramp_povertaie_putina_u_svitovu_polityku__fillips_obrayen_390806.html"], "confidence": 0.8, "tone": -1.8018018018018, "goldstein": -10.0, "mentions": 10}}, {"type": "Feature", "geometry": {"type": "Point", "coordinates": [-49.0, -22.0]}, "properties": {"id": "gdelt-1325247610", "source": "gdelt", "event_type": "Fight", "sub_type": "CAMEO 190", "date": "2026-09-28", "title": "Fight — Estado De Sao Paulo, SãPaulo, Brazil", "description": "", "fatalities": null, "actors": ["BRAZILIAN", "BRAZILIAN"], "country": "BR", "links": ["https://www.correiobraziliense.com.br/mundo/2026/09/7509559-por-que-lula-acusa-trump-de-tentar-interferir-na-eleicao-a-favor-de-flavio-bolsonaro.html"], "confidence": 0.7, "tone": -1.67300380228137, "goldstein": -10.0, "mentions": 8}}, {"type": "Feature", "geometry": {"type": "Point", "coordinates": [100.0, 60.0]}, "properties": {"id": "gdelt-1325247630", "source": "gdelt", "event_type": "Protest", "sub_type": "CAMEO 143", "date": "2026-09-28", "title": "Protest — Russia", "description": "", "fatalities": null, "actors": ["BUSINESS"], "country": "RS", "links": ["https://aif.ru/money/business/chelovek-za-algoritmom-marat-mullagaliev-v-cifrovizacii-bankov"], "confidence": 0.8, "tone": 1.48571428571429, "goldstein": -6.5, "mentions": 10}}, {"type": "Feature", "geometry": {"type": "Point", "coordinates": [37.5998, 49.7209]}, "properties": {"id": "gdelt-1325247632", "source": "gdelt", "event_type": "Fight", "sub_type": "CAMEO 190", "date": "2026-09-28", "title": "Fight — Kupyansk, Kharkivs'ka Oblast', Ukraine", "description": "", "fatalities": null, "actors": ["BUSINESS"], "country": "UP", "links": ["https://24tv.ua/ru/konec-pozicionnoj-vojny-ukraina-povtorjaet-uroki-pervoj-mirovoj_n3150082"], "confidence": 0.8, "tone": -1.81159420289855, "goldstein": -10.0, "mentions": 10}}, {"type": "Feature", "geometry": {"type": "Point", "coordinates": [32.0, 49.0]}, "properties": {"id": "gdelt-1325247633", "source": "gdelt", "event_type": "Fight", "sub_type": "CAMEO 190", "date": "2026-09-28", "title": "Fight — Ukraine", "description": "", "fatalities": null, "actors": ["INDUSTRY"], "country": "UP", "links": ["https://interfax.com.ua/news/general/1210893.html"], "confidence": 0.8, "tone": -5.20231213872832, "goldstein": -10.0, "mentions": 10}}, {"type": "Feature", "geometry": {"type": "Point", "coordinates": [32.0, 49.0]}, "properties": {"id": "gdelt-1325247634", "source": "gdelt", "event_type": "Fight", "sub_type": "CAMEO 194", "date": "2026-09-28", "title": "Fight — Ukraine", "description": "", "fatalities": null, "actors": ["INDUSTRY"], "country": "UP", "links": ["https://interfax.com.ua/news/general/1210893.html"], "confidence": 0.8, "tone": -5.20231213872832, "goldstein": -10.0, "mentions": 10}}, {"type": "Feature", "geometry": {"type": "Point", "coordinates": [2.0, 46.0]}, "properties": {"id": "gdelt-1325247671", "source": "gdelt", "event_type": "Coerce", "sub_type": "CAMEO 173", "date": "2026-09-28", "title": "Coerce — France", "description": "", "fatalities": null, "actors": ["PRISON"], "country": "FR", "links": ["https://www.inewsgr.com/93/i-zizel-peliko-protagonistei-se-ekstrateia-kata-tis-chimikis-ypotagis.htm"], "confidence": 0.8, "tone": -4.8, "goldstein": -5.0, "mentions": 10}}, {"type": "Feature", "geometry": {"type": "Point", "coordinates": [12.2061, 56.0568]}, "properties": {"id": "gdelt-1325247672", "source": "gdelt", "event_type": "Assault", "sub_type": "CAMEO 180", "date": "2026-09-28", "title": "Assault — Valby, Hovedstaden, Denmark", "description": "", "fatalities": null, "actors": ["POLICE"], "country": "DA", "links": ["https://www.dr.dk/nyheder/indland/politi-massivt-til-stede-i-valby-efter-mand-har-sat-ild-til-sig-selv"], "confidence": 0.6000000000000001, "tone": -4.28571428571429, "goldstein": -9.0, "mentions": 6}}, {"type": "Feature", "geometry": {"type": "Point", "coordinates": [75.0, 17.4833]}, "properties": {"id": "gdelt-1325247673", "source": "gdelt", "event_type": "Fight", "sub_type": "CAMEO 190", "date": "2026-09-28", "title": "Fight — Pimpri, Maharashtra, India", "description": "", "fatalities": null, "actors": ["POLICE"], "country": "IN", "links": ["https://pudhari.news/maharashtra/marathwada/beed/ambhora-police-solve-murder-case-within-six-hours-np88"], "confidence": 0.8, "tone": -4.59183673469388, "goldstein": -10.0, "mentions": 10}}, {"type": "Feature", "geometry": {"type": "Point", "coordinates": [12.2061, 56.0568]}, "properties": {"id": "gdelt-1325247679", "source": "gdelt", "event_type": "Assault", "sub_type": "CAMEO 180", "date": "2026-09-28", "title": "Assault — Valby, Hovedstaden, Denmark", "description": "", "fatalities": null, "actors": ["POLICE", "DENMARK"], "country": "DA", "links": ["https://www.dr.dk/nyheder/indland/politi-massivt-til-stede-i-valby-efter-mand-har-sat-ild-til-sig-selv"], "confidence": 0.9, "tone": -4.28571428571429, "goldstein": -9.0, "mentions": 12}}, {"type": "Feature", "geometry": {"type": "Point", "coordinates": [12.833333, 42.833333]}, "properties": {"id": "gdelt-1325247684", "source": "gdelt", "event_type": "Coerce", "sub_type": "CAMEO 173", "date": "2026-09-28", "title": "Coerce — Italy", "description": "", "fatalities": null, "actors": ["POLICE", "MOROCCAN"], "country": "IT", "links": ["https://www.gonews.it/2026/09/28/spaccio-di-droga-a-firenze-arrestato-34enne-sequestrati-cocaina-hashish-e-oltre-2mila-euro/"], "confidence": 0.8, "tone": -4.91803278688525, "goldstein": -5.0, "mentions": 10}}, {"type": "Feature", "geometry": {"type": "Point", "coordinates": [20.0, 52.0]}, "properties": {"id": "gdelt-1325247686", "source": "gdelt", "event_type": "Fight", "sub_type": "CAMEO 190", "date": "2026-09-28", "title": "Fight — Poland", "description": "", "fatalities": null, "actors": ["PERPETRATOR"], "country": "PL", "links": ["https://www.se.pl/wiadomosci/swiat/krwawa-strzelanina-w-amerykanskim-klubie-klotnia-przerodzila-sie-w-rzez-aa-Ay5Z-tNje-Ssyn.html"], "confidence": 0.8, "tone": -9.375, "goldstein": -10.0, "mentions": 10}}, {"type": "Feature", "geometry": {"type": "Point", "coordinates": [-4.0, 54.0]}, "properties": {"id": "gdelt-1325247689", "source": "gdelt", "event_type": "Coerce", "sub_type": "CAMEO 173", "date": "2026-09-28", "title": "Coerce — United Kingdom", "description": "", "fatalities": null, "actors": ["CRIMINAL", "UNITED KINGDOM"], "country": "UK", "links": ["https://360grade.al/824345/cfare-dime-per-hetimin-kunder-terrorizmit-ne-bazen-amerikane-ne-britani/"], "confidence": 0.8, "tone": -3.8265306122449, "goldstein": -5.0, "mentions": 10}}, {"type": "Feature", "geometry": {"type": "Point", "coordinates": [53.0, 32.0]}, "properties": {"id": "gdelt-1325247713", "source": "gdelt", "event_type": "Fight", "sub_type": "CAMEO 190", "date": "2026-09-28", "title": "Fight — Iran", "description": "", "fatalities": null, "actors": ["VILLAGE"], "country": "IR", "links": ["https://360grade.al/824345/cfare-dime-per-hetimin-kunder-terrorizmit-ne-bazen-amerikane-ne-britani/"], "confidence": 0.8, "tone": -3.8265306122449, "goldstein": -10.0, "mentions": 10}}, {"type": "Feature", "geometry": {"type": "Point", "coordinates": [-1.80458, 42.0794]}, "properties": {"id": "gdelt-1325247714", "source": "gdelt", "event_type": "Fight", "sub_type": "CAMEO 193", "date": "2026-09-28", "title": "Fight — Cintruenigo, Navarra, Spain", "description": "", "fatalities": null, "actors": ["CIVILIAN"], "country": "SP", "links": ["https://www.xataka.com/magnet/aparece-villatuerta-proyectil-guerras-carlistas-guardia-civil-exhibicion-para-250-ninos"], "confidence": 0.8, "tone": -2.36907730673316, "goldstein": -10.0, "mentions": 10}}, {"type": "Feature", "geometry": {"type": "Point", "coordinates": [10.5, 51.5]}, "properties": {"id": "gdelt-1325247718", "source": "gdelt", "event_type": "Coerce", "sub_type": "CAMEO 174", "date": "2026-09-28", "title": "Coerce — Germany", "description": "", "fatalities": null, "actors": ["IMMIGRANT", "GERMANY"], "country": "GM", "links": ["https://www.rnz.de/politik/wirtschaft-regional_artikel,-Zahlen-fuer-2025-Einwanderer-in-vielen-Berufen-unverzichtbar-_arid,2441565.html"], "confidence": 0.8, "tone": -2.1505376344086, "goldstein": -5.0, "mentions": 10}}, {"type": "Feature", "geometry": {"type": "Point", "coordinates": [-4.5, 37.6]}, "properties": {"id": "gdelt-1325247758", "source": "gdelt", "event_type": "Fight", "sub_type": "CAMEO 193", "date": "2026-09-28", "title": "Fight — Andalusia, Spain (general), Spain", "description": "", "fatalities": null, "actors": ["STUDENT", "MEXICO"], "country": "SP", "links": ["https://www.esdiario.com/andalucia/260928/198840/asesinan-dos-estudiantes-morelos-mexico-dos-semanas-despues-muerte-claudia-tacoronte.html"], "confidence": 0.8, "tone": -8.22622107969152, "goldstein": -10.0, "mentions": 10}}, {"type": "Feature", "geometry": {"type": "Point", "coordinates": [-4.0, 40.0]}, "properties": {"id": "gdelt-1325247775", "source": "gdelt", "event_type": "Fight", "sub_type": "CAMEO 190", "date": "2026-09-28", "title": "Fight — Spain", "description": "", "fatalities": null, "actors": ["SPANISH"], "country": "SP", "links": ["https://24-horas.mx/columnas/sera-mencion-necesaria/"], "confidence": 0.6000000000000001, "tone": -1.38504155124653, "goldstein": -10.0, "mentions": 6}}, {"type": "Feature", "geometry": {"type": "Point", "coordinates": [-4.0, 40.0]}, "properties": {"id": "gdelt-1325247776", "source": "gdelt", "event_type": "Fight", "sub_type": "CAMEO 190", "date": "2026-09-28", "title": "Fight — Spain", "description": "", "fatalities": null, "actors": ["SPANISH", "SPAIN"], "country": "SP", "links": ["https://24-horas.mx/columnas/sera-mencion-necesaria/"], "confidence": 0.5, "tone": -1.38504155124653, "goldstein": -10.0, "mentions": 4}}, {"type": "Feature", "geometry": {"type": "Point", "coordinates": [10.5, 51.5]}, "properties": {"id": "gdelt-1325247796", "source": "gdelt", "event_type": "Fight", "sub_type": "CAMEO 190", "date": "2026-09-28", "title": "Fight — Germany", "description": "", "fatalities": null, "actors": ["EUROPE"], "country": "GM", "links": ["https://www.tanea.gr/2026/09/28/economy/diethni/italia-23-dis-eyro-gia-nea-genia-tethorakismenon-i-megali-epistrofi-ton-armaton-stin-eyropi/"], "confidence": 0.9, "tone": 0.64935064935065, "goldstein": -10.0, "mentions": 20}}, {"type": "Feature", "geometry": {"type": "Point", "coordinates": [12.5833, 55.6667]}, "properties": {"id": "gdelt-1325247797", "source": "gdelt", "event_type": "Fight", "sub_type": "CAMEO 192", "date": "2026-09-28", "title": "Fight — Copenhagen, Køavn*, Denmark", "description": "", "fatalities": null, "actors": ["EUROPEAN"], "country": "DA", "links": ["https://actualidad.rt.com/actualidad/629758-proxima-guerra-librara-america-europa"], "confidence": 0.4, "tone": -0.36026762738033, "goldstein": -9.5, "mentions": 2}}, {"type": "Feature", "geometry": {"type": "Point", "coordinates": [-77.0364, 38.8951]}, "properties": {"id": "gdelt-1325247798", "source": "gdelt", "event_type": "Fight", "sub_type": "CAMEO 192", "date": "2026-09-28", "title": "Fight — Washington, District of Columbia, United States", "description": "", "fatalities": null, "actors": ["EUROPEAN"], "country": "US", "links": ["https://actualidad.rt.com/actualidad/629758-proxima-guerra-librara-america-europa"], "confidence": 0.7, "tone": -0.36026762738033, "goldstein": -9.5, "mentions": 8}}, {"type": "Feature", "geometry": {"type": "Point", "coordinates": [22.0, 41.833333]}, "properties": {"id": "gdelt-1325247801", "source": "gdelt", "event_type": "Fight", "sub_type": "CAMEO 190", "date": "2026-09-28", "title": "Fight — Macedonia", "description": "", "fatalities": null, "actors": ["EUROPE", "CRIMINAL"], "country": "MK", "links": ["https://novamakedonija.com.mk/makedonija/regionalnata-konferencija-za-femicid-sekoja-godina-povekje-od-50-000-zheni-i-devojki-svirepo-ubieni/"], "confidence": 0.8, "tone": -3.28947368421053, "goldstein": -10.0, "mentions": 10}}, {"type": "Feature", "geometry": {"type": "Point", "coordinates": [-77.0364, 38.8951]}, "properties": {"id": "gdelt-1325247806", "source": "gdelt", "event_type": "Coerce", "sub_type": "CAMEO 172", "date": "2026-09-28", "title": "Coerce — Washington, District of Columbia, United States", "description": "", "fatalities": null, "actors": ["EUROPEAN"], "country": "US", "links": ["https://actualidad.rt.com/actualidad/629758-proxima-guerra-librara-america-europa"], "confidence": 0.7, "tone": -0.36026762738033, "goldstein": -5.0, "mentions": 8}}, {"type": "Feature", "geometry": {"type": "Point", "coordinates": [-40.0, 72.0]}, "properties": {"id": "gdelt-1325247807", "source": "gdelt", "event_type": "Coerce", "sub_type": "CAMEO 172", "date": "2026-09-28", "title": "Coerce — Greenland", "description": "", "fatalities": null, "actors": ["EUROPEAN"], "country": "GL", "links": ["https://actualidad.rt.com/actualidad/629758-proxima-guerra-librara-america-europa"], "confidence": 0.4, "tone": -0.36026762738033, "goldstein": -5.0, "mentions": 2}}, {"type": "Feature", "geometry": {"type": "Point", "coordinates": [100.0, 60.0]}, "properties": {"id": "gdelt-1325247817", "source": "gdelt", "event_type": "Fight", "sub_type": "CAMEO 190", "date": "2026-09-28", "title": "Fight — Russia", "description": "", "fatalities": null, "actors": ["FRANCE"], "country": "RS", "links": ["https://www.inewsgr.com/351/gia-ton-v-pagkosmio-polemo.htm"], "confidence": 0.8, "tone": -7.19178082191781, "goldstein": -10.0, "mentions": 10}}, {"type": "Feature", "geometry": {"type": "Point", "coordinates": [13.4, 52.5167]}, "properties": {"id": "gdelt-1325247828", "source": "gdelt", "event_type": "Coerce", "sub_type": "CAMEO 173", "date": "2026-09-28", "title": "Coerce — Berlin, Berlin, Germany", "description": "", "fatalities": null, "actors": ["UNITED KINGDOM", "TERRORIST"], "country": "GM", "links": ["https://xornalgalicia.com/hoy/o-ex-guardaespaldas-de-haniyeh-que-obtivo-asilo-e-cidadania-no-reino-unido-e-agora-enfrontase-a-extradicion-a-alemana-por-un-complot-terrorista-en-europa"], "confidence": 0.6000000000000001, "tone": -5.38057742782153, "goldstein": -5.0, "mentions": 6}}, {"type": "Feature", "geometry": {"type": "Point", "coordinates": [-0.116667, 51.5]}, "properties": {"id": "gdelt-1325247829", "source": "gdelt", "event_type": "Coerce", "sub_type": "CAMEO 173", "date": "2026-09-28", "title": "Coerce — London, London, City of, United Kingdom", "description": "", "fatalities": null, "actors": ["UNITED KINGDOM", "TERRORIST"], "country": "UK", "links": ["https://xornalgalicia.com/hoy/o-ex-guardaespaldas-de-haniyeh-que-obtivo-asilo-e-cidadania-no-reino-unido-e-agora-enfrontase-a-extradicion-a-alemana-por-un-complot-terrorista-en-europa"], "confidence": 0.5, "tone": -5.38057742782153, "goldstein": -5.0, "mentions": 4}}, {"type": "Feature", "geometry": {"type": "Point", "coordinates": [-4.0, 54.0]}, "properties": {"id": "gdelt-1325247831", "source": "gdelt", "event_type": "Assault", "sub_type": "CAMEO 180", "date": "2026-09-28", "title": "Assault — United Kingdom", "description": "", "fatalities": null, "actors": ["UNITED KINGDOM"], "country": "UK", "links": ["https://ipress.ua/news/brytaniya_zatrymala_pyatoh_cholovikiv_bilya_aviabazy_ssha_cherez_pidozru_v_terakti_390804.html"], "confidence": 0.8, "tone": -9.01639344262299, "goldstein": -9.0, "mentions": 10}}, {"type": "Feature", "geometry": {"type": "Point", "coordinates": [-0.116667, 51.5]}, "properties": {"id": "gdelt-1325247882", "source": "gdelt", "event_type": "Coerce", "sub_type": "CAMEO 173", "date": "2026-09-28", "title": "Coerce — London, London, City of, United Kingdom", "description": "", "fatalities": null, "actors": ["KINGDOM"], "country": "UK", "links": ["https://www.notimerica.com/politica/noticia-runido-reino-unido-asegura-muy-avanzada-investigacion-cinco-detenidos-terrorismo-20260928120341.html"], "confidence": 0.9, "tone": -3.22751997280299, "goldstein": -5.0, "mentions": 20}}, {"type": "Feature", "geometry": {"type": "Point", "coordinates": [35.5, 33.9]}, "properties": {"id": "gdelt-1325247883", "source": "gdelt", "event_type": "Assault", "sub_type": "CAMEO 186", "date": "2026-09-28", "title": "Assault — Al Qasr Al Jumhuri, Beyrouth, Lebanon", "description": "", "fatalities": null, "actors": ["PRESIDENT"], "country": "LE", "links": ["https://www.alquds.co.uk/%D9%86%D8%A7%D8%A6%D8%A8-%D9%85%D8%AF%D9%8A%D8%B1-%D8%A3%D9%85%D9%86-%D8%A7%D9%84%D8%AF%D9%88%D9%84%D8%A9-%D8%A7%D9%84%D9%84%D8%A8%D9%86%D8%A7%D9%86%D9%8A-%D9%8A%D8%AA%D9%85%D8%B1%D9%91%D8%AF/"], "confidence": 0.6000000000000001, "tone": -3.89972144846797, "goldstein": -10.0, "mentions": 6}}, {"type": "Feature", "geometry": {"type": "Point", "coordinates": [80.15, 25.95]}, "properties": {"id": "gdelt-1325247884", "source": "gdelt", "event_type": "Fight", "sub_type": "CAMEO 190", "date": "2026-09-28", "title": "Fight — Hamirpur, Uttar Pradesh, India", "description": "", "fatalities": null, "actors": ["PRINCE"], "country": "IN", "links": ["https://www.dainiktribuneonline.com/news/nation/congress-protests-in-haryana-punjab-and-himachal-pradesh-over-allegations-of-vote-theft-burning-effigies-of-gyanesh-kumar/"], "confidence": 0.5, "tone": -4.09007352941177, "goldstein": -10.0, "mentions": 4}}, {"type": "Feature", "geometry": {"type": "Point", "coordinates": [35.5, 33.9]}, "properties": {"id": "gdelt-1325247916", "source": "gdelt", "event_type": "Assault", "sub_type": "CAMEO 186", "date": "2026-09-28", "title": "Assault — Al Qasr Al Jumhuri, Beyrouth, Lebanon", "description": "", "fatalities": null, "actors": ["PRESIDENT", "LEBANON"], "country": "LE", "links": ["https://www.alquds.co.uk/%D9%86%D8%A7%D8%A6%D8%A8-%D9%85%D8%AF%D9%8A%D8%B1-%D8%A3%D9%85%D9%86-%D8%A7%D9%84%D8%AF%D9%88%D9%84%D8%A9-%D8%A7%D9%84%D9%84%D8%A8%D9%86%D8%A7%D9%86%D9%8A-%D9%8A%D8%AA%D9%85%D8%B1%D9%91%D8%AF/"], "confidence": 0.5, "tone": -3.89972144846797, "goldstein": -10.0, "mentions": 4}}, {"type": "Feature", "geometry": {"type": "Point", "coordinates": [30.5167, 50.4333]}, "properties": {"id": "gdelt-1325247939", "source": "gdelt", "event_type": "Fight", "sub_type": "CAMEO 192", "date": "2026-09-28", "title": "Fight — Kyiv, Kyyiv, Misto, Ukraine", "description": "", "fatalities": null, "actors": ["ADMINISTRATION", "JOE BIDEN"], "country": "UP", "links": ["https://ipress.ua/articles/proval_naratyvu_u_rosii_ta_zahodu_problema_z_tym_yak_rozpovidaty_istoriyu_viyny__tomas_kent_390811.html"], "confidence": 0.4, "tone": -2.12527964205816, "goldstein": -9.5, "mentions": 2}}, {"type": "Feature", "geometry": {"type": "Point", "coordinates": [46.5039, 48.2907]}, "properties": {"id": "gdelt-1325247940", "source": "gdelt", "event_type": "Fight", "sub_type": "CAMEO 192", "date": "2026-09-28", "title": "Fight — Zelenskiy, Astrakhanskaya Oblast', Russia", "description": "", "fatalities": null, "actors": ["ADMINISTRATION", "JOE BIDEN"], "country": "RS", "links": ["https://ipress.ua/articles/proval_naratyvu_u_rosii_ta_zahodu_problema_z_tym_yak_rozpovidaty_istoriyu_viyny__tomas_kent_390811.html"], "confidence": 0.7, "tone": -2.12527964205816, "goldstein": -9.5, "mentions": 8}}, {"type": "Feature", "geometry": {"type": "Point", "coordinates": [37.6156, 55.7522]}, "properties": {"id": "gdelt-1325247968", "source": "gdelt", "event_type": "Fight", "sub_type": "CAMEO 190", "date": "2026-09-28", "title": "Fight — Moscow, Moskva, Russia", "description": "", "fatalities": null, "actors": ["DOCTOR", "MOSCOW"], "country": "RS", "links": ["https://life.ru/p/chempionka-rf-po-dzhiu-dzhitsu-mariya-elizarova-stala-komandirom-medvzvoda-na"], "confidence": 0.8, "tone": -1.26582278481013, "goldstein": -10.0, "mentions": 10}}, {"type": "Feature", "geometry": {"type": "Point", "coordinates": [-98.5795, 39.828175]}, "properties": {"id": "gdelt-1325247974", "source": "gdelt", "event_type": "Coerce", "sub_type": "CAMEO 1712", "date": "2026-09-28", "title": "Coerce — United States", "description": "", "fatalities": null, "actors": ["BUDAPEST", "UNITED STATES"], "country": "US", "links": ["https://www.economx.hu/belfold/2026/09/28/magyar-peter-tisza-part-miniszterelnok-mentelmi-jog-felfuggesztes/"], "confidence": 0.8, "tone": -3.53982300884956, "goldstein": -9.2, "mentions": 10}}, {"type": "Feature", "geometry": {"type": "Point", "coordinates": [20.0, 47.0]}, "properties": {"id": "gdelt-1325247975", "source": "gdelt", "event_type": "Protest", "sub_type": "CAMEO 143", "date": "2026-09-28", "title": "Protest — Hungary", "description": "", "fatalities": null, "actors": ["VIKTOR ORBAN"], "country": "HU", "links": ["https://hotnews.ro/parlamentul-ungariei-a-votat-pentru-ridicarea-imunitatii-premierului-peter-magyar-si-a-doi-fosti-ministri-2360081"], "confidence": 0.8, "tone": -3.78378378378379, "goldstein": -6.5, "mentions": 10}}, {"type": "Feature", "geometry": {"type": "Point", "coordinates": [80.15, 25.95]}, "properties": {"id": "gdelt-1325247984", "source": "gdelt", "event_type": "Fight", "sub_type": "CAMEO 190", "date": "2026-09-28", "title": "Fight — Hamirpur, Uttar Pradesh, India", "description": "", "fatalities": null, "actors": ["HARYANA", "ELECTION COMMISSION"], "country": "IN", "links": ["https://www.dainiktribuneonline.com/news/nation/congress-protests-in-haryana-punjab-and-himachal-pradesh-over-allegations-of-vote-theft-burning-effigies-of-gyanesh-kumar/"], "confidence": 0.6000000000000001, "tone": -4.09007352941177, "goldstein": -10.0, "mentions": 6}}, {"type": "Feature", "geometry": {"type": "Point", "coordinates": [68.0, 48.0]}, "properties": {"id": "gdelt-1325248020", "source": "gdelt", "event_type": "Fight", "sub_type": "CAMEO 190", "date": "2026-09-28", "title": "Fight — Kazakhstan", "description": "", "fatalities": null, "actors": ["KAZAKHSTAN", "KAZAKHSTAN"], "country": "KZ", "links": ["https://www.lrytas.lt/pasaulis/ivykiai/2026/09/28/news/tragedija-kazachstane-per-karines-pratybas-zuvo-14-kariu-atleistas-gynybos-ministras-44217544"], "confidence": 0.8, "tone": -4.58715596330275, "goldstein": -10.0, "mentions": 10}}, {"type": "Feature", "geometry": {"type": "Point", "coordinates": [17.0, 25.0]}, "properties": {"id": "gdelt-1325248033", "source": "gdelt", "event_type": "Coerce", "sub_type": "CAMEO 173", "date": "2026-09-28", "title": "Coerce — Libya", "description": "", "fatalities": null, "actors": ["LIBYAN", "MINIST"], "country": "LY", "links": ["https://www.touteleurope.eu/vie-politique-des-etats-membres/senatoriales-2026-la-droite-conserve-sa-majorite-le-rn-obtient-un-groupe-et-lfi-entre-au-senat/"], "confidence": 0.8, "tone": -0.30349013657056, "goldstein": -5.0, "mentions": 10}}, {"type": "Feature", "geometry": {"type": "Point", "coordinates": [17.0, 25.0]}, "properties": {"id": "gdelt-1325248034", "source": "gdelt", "event_type": "Assault", "sub_type": "CAMEO 186", "date": "2026-09-28", "title": "Assault — Libya", "description": "", "fatalities": null, "actors": ["LIBYAN", "MINIST"], "country": "LY", "links": ["https://www.touteleurope.eu/vie-politique-des-etats-membres/senatoriales-2026-la-droite-conserve-sa-majorite-le-rn-obtient-un-groupe-et-lfi-entre-au-senat/"], "confidence": 0.8, "tone": -0.30349013657056, "goldstein": -10.0, "mentions": 10}}, {"type": "Feature", "geometry": {"type": "Point", "coordinates": [15.1833, 40.25]}, "properties": {"id": "gdelt-1325248043", "source": "gdelt", "event_type": "Protest", "sub_type": "CAMEO 141", "date": "2026-09-28", "title": "Protest — Salento, Campania, Italy", "description": "", "fatalities": null, "actors": ["REPRESENTATIVES", "INDIGENOUS PEOPLE"], "country": "IT", "links": ["https://www.zazoom.it/2026-09-28/crediti-di-carbonio-turismo-progetti-green-i-rappresentati-indigeni-di-26-popoli-uniti-contro-chi-in-nome-della-conservazione-gli-sta-rubando-la-vita-e-ora-di-riprenderci-i-nostri-diritti/19732552/"], "confidence": 0.8, "tone": 1.53550863723608, "goldstein": -6.5, "mentions": 10}}, {"type": "Feature", "geometry": {"type": "Point", "coordinates": [76.3167, 29.3167]}, "properties": {"id": "gdelt-1325248050", "source": "gdelt", "event_type": "Protest", "sub_type": "CAMEO 141", "date": "2026-09-28", "title": "Protest — Jind, Haryana, India", "description": "", "fatalities": null, "actors": ["CONGRESS"], "country": "IN", "links": ["https://www.dainiktribuneonline.com/news/nation/congress-protests-in-haryana-punjab-and-himachal-pradesh-over-allegations-of-vote-theft-burning-effigies-of-gyanesh-kumar/"], "confidence": 0.7, "tone": -4.09007352941177, "goldstein": -6.5, "mentions": 8}}, {"type": "Feature", "geometry": {"type": "Point", "coordinates": [12.5833, 55.6667]}, "properties": {"id": "gdelt-1325248064", "source": "gdelt", "event_type": "Coerce", "sub_type": "CAMEO 173", "date": "2026-09-28", "title": "Coerce — Copenhagen, Køavn*, Denmark", "description": "", "fatalities": null, "actors": ["MALE"], "country": "DA", "links": ["https://www.dr.dk/nyheder/indland/tidligere-paedagog-idoemt-forvaring-seksuelle-overgreb"], "confidence": 0.8, "tone": -8.23529411764706, "goldstein": -5.0, "mentions": 10}}, {"type": "Feature", "geometry": {"type": "Point", "coordinates": [12.3167, 55.9333]}, "properties": {"id": "gdelt-1325248065", "source": "gdelt", "event_type": "Assault", "sub_type": "CAMEO 180", "date": "2026-09-28", "title": "Assault — Hillerod, Hovedstaden, Denmark", "description": "", "fatalities": null, "actors": ["MALE"], "country": "DA", "links": ["https://www.dr.dk/nyheder/indland/tidligere-paedagog-idoemt-forvaring-seksuelle-overgreb"], "confidence": 0.8, "tone": -8.23529411764706, "goldstein": -9.0, "mentions": 10}}, {"type": "Feature", "geometry": {"type": "Point", "coordinates": [-71.0, -30.0]}, "properties": {"id": "gdelt-1325248066", "source": "gdelt", "event_type": "Assault", "sub_type": "CAMEO 180", "date": "2026-09-28", "title": "Assault — Chile", "description": "", "fatalities": null, "actors": ["MALE"], "country": "CI", "links": ["https://newsmonkey.be/a-man-on-the-inside-netflix-bevestigt-dat-de-serie-na-seizoen-3-stopt/"], "confidence": 0.8, "tone": 0.54794520547945, "goldstein": -9.0, "mentions": 10}}, {"type": "Feature", "geometry": {"type": "Point", "coordinates": [30.5167, 50.4333]}, "properties": {"id": "gdelt-1325248071", "source": "gdelt", "event_type": "Fight", "sub_type": "CAMEO 193", "date": "2026-09-28", "title": "Fight — Kiev, Ukraine (general), Ukraine", "description": "", "fatalities": null, "actors": ["PUBLICATION"], "country": "UP", "links": ["https://aif.ru/incidents/raneny-troe-detey-povrezhdeny-doma-vse-detali-ataki-na-voronezh-28-sentyabrya"], "confidence": 0.75, "tone": -6.65499124343258, "goldstein": -10.0, "mentions": 9}}, {"type": "Feature", "geometry": {"type": "Point", "coordinates": [36.5802, 50.6107]}, "properties": {"id": "gdelt-1325248072", "source": "gdelt", "event_type": "Fight", "sub_type": "CAMEO 193", "date": "2026-09-28", "title": "Fight — Belgorod, Belgorodskaya Oblast', Russia", "description": "", "fatalities": null, "actors": ["PUBLICATION"], "country": "RS", "links": ["https://aif.ru/incidents/raneny-troe-detey-povrezhdeny-doma-vse-detali-ataki-na-voronezh-28-sentyabrya"], "confidence": 0.35, "tone": -6.65499124343258, "goldstein": -10.0, "mentions": 1}}, {"type": "Feature", "geometry": {"type": "Point", "coordinates": [-93.8833, 17.9167]}, "properties": {"id": "gdelt-1325248088", "source": "gdelt", "event_type": "Coerce", "sub_type": "CAMEO 172", "date": "2026-09-28", "title": "Coerce — Michoacan, Tabasco, Mexico", "description": "", "fatalities": null, "actors": ["MEXICO"], "country": "MX", "links": ["https://www.se.pl/wiadomosci/swiat/horror-w-meksyku-znaleziono-zeby-setek-zaginionych-dzieci-aa-dWa7-Honz-77A2.html"], "confidence": 0.8, "tone": -1.75953079178885, "goldstein": -5.0, "mentions": 10}}, {"type": "Feature", "geometry": {"type": "Point", "coordinates": [-93.7833, 16.4167]}, "properties": {"id": "gdelt-1325248089", "source": "gdelt", "event_type": "Fight", "sub_type": "CAMEO 191", "date": "2026-09-28", "title": "Fight — Baja California, Chiapas, Mexico", "description": "", "fatalities": null, "actors": ["BAJA CALIFORNIA"], "country": "MX", "links": ["https://24-horas.mx/columnas/sera-mencion-necesaria/"], "confidence": 0.8, "tone": -1.38504155124653, "goldstein": -9.5, "mentions": 10}}, {"type": "Feature", "geometry": {"type": "Point", "coordinates": [68.0, 48.0]}, "properties": {"id": "gdelt-1325248102", "source": "gdelt", "event_type": "Force posture", "sub_type": "CAMEO 150", "date": "2026-09-28", "title": "Force posture — Kazakhstan", "description": "", "fatalities": null, "actors": ["MILITARY"], "country": "KZ", "links": ["https://www.lrytas.lt/pasaulis/ivykiai/2026/09/28/news/tragedija-kazachstane-per-karines-pratybas-zuvo-14-kariu-atleistas-gynybos-ministras-44217544"], "confidence": 0.9, "tone": -4.58715596330275, "goldstein": -7.2, "mentions": 20}}, {"type": "Feature", "geometry": {"type": "Point", "coordinates": [-4.0, 54.0]}, "properties": {"id": "gdelt-1325248103", "source": "gdelt", "event_type": "Fight", "sub_type": "CAMEO 195", "date": "2026-09-28", "title": "Fight — United Kingdom", "description": "", "fatalities": null, "actors": ["MILITARY"], "country": "UK", "links": ["https://www.rtp.pt/noticias/guerra-no-medio-oriente/detidos-em-base-aerea-usada-pelos-eua-estao-a-ser-interrogados-por-suspeitas-de-terrorismo_n1768177"], "confidence": 0.8, "tone": -5.43933054393305, "goldstein": -10.0, "mentions": 10}}, {"type": "Feature", "geometry": {"type": "Point", "coordinates": [68.0, 48.0]}, "properties": {"id": "gdelt-1325248116", "source": "gdelt", "event_type": "Force posture", "sub_type": "CAMEO 150", "date": "2026-09-28", "title": "Force posture — Kazakhstan", "description": "", "fatalities": null, "actors": ["MILITARY", "KAZAKHSTAN"], "country": "KZ", "links": ["https://www.lrytas.lt/pasaulis/ivykiai/2026/09/28/news/tragedija-kazachstane-per-karines-pratybas-zuvo-14-kariu-atleistas-gynybos-ministras-44217544"], "confidence": 0.8, "tone": -4.58715596330275, "goldstein": -7.2, "mentions": 10}}, {"type": "Feature", "geometry": {"type": "Point", "coordinates": [20.0, 52.0]}, "properties": {"id": "gdelt-1325248123", "source": "gdelt", "event_type": "Coerce", "sub_type": "CAMEO 172", "date": "2026-09-28", "title": "Coerce — Poland", "description": "", "fatalities": null, "actors": ["COCA COLA"], "country": "PL", "links": ["https://www.fakt.pl/pieniadze/promocja-w-dino-tylko-199-zl-klienci-biora-kilogramy/58pn92z"], "confidence": 0.8, "tone": 0.47846889952154, "goldstein": -5.0, "mentions": 10}}, {"type": "Feature", "geometry": {"type": "Point", "coordinates": [-8.0, 53.0]}, "properties": {"id": "gdelt-1325248132", "source": "gdelt", "event_type": "Protest", "sub_type": "CAMEO 141", "date": "2026-09-28", "title": "Protest — Ireland", "description": "", "fatalities": null, "actors": ["PROTESTER"], "country": "EI", "links": ["https://www.zazoom.it/2026-09-28/irlanda-del-nord-tensione-tra-unionisti-e-repubblicani/19732588/"], "confidence": 0.8, "tone": -1.23456790123457, "goldstein": -6.5, "mentions": 10}}, {"type": "Feature", "geometry": {"type": "Point", "coordinates": [-76.0, -10.0]}, "properties": {"id": "gdelt-1325248136", "source": "gdelt", "event_type": "Fight", "sub_type": "CAMEO 190", "date": "2026-09-28", "title": "Fight — Peru", "description": "", "fatalities": null, "actors": ["PERU"], "country": "PE", "links": ["https://www.df.cl/empresas/telecom-tecnologia/clientes-de-entel-en-peru-casi-igualan-a-los-de-chile-y-la-firma-apunta-a"], "confidence": 0.8, "tone": 0.24721878862794, "goldstein": -10.0, "mentions": 10}}, {"type": "Feature", "geometry": {"type": "Point", "coordinates": [125.755, 39.0194]}, "properties": {"id": "gdelt-1325248144", "source": "gdelt", "event_type": "Fight", "sub_type": "CAMEO 190", "date": "2026-09-28", "title": "Fight — Pyongyang, P'yongyang-si, North Korea", "description": "", "fatalities": null, "actors": ["PYONGYANG", "UKRAINE"], "country": "KN", "links": ["https://zavtra.com.ua/2026/09/28/budanov-vidreaguvav-na-pogrozy-kremlya-krayinam-yes/"], "confidence": 0.6000000000000001, "tone": -4.70588235294118, "goldstein": -10.0, "mentions": 6}}, {"type": "Feature", "geometry": {"type": "Point", "coordinates": [-99.0525, 19.6011]}, "properties": {"id": "gdelt-1325248152", "source": "gdelt", "event_type": "Fight", "sub_type": "CAMEO 191", "date": "2026-09-28", "title": "Fight — Morelos, Méco, Mexico", "description": "", "fatalities": null, "actors": ["UPRISING"], "country": "MX", "links": ["https://pulsoslp.com.mx/nacional/asesinan-a-otros-dos-estudiantes/2090115"], "confidence": 0.8, "tone": -6.9164265129683, "goldstein": -9.5, "mentions": 10}}, {"type": "Feature", "geometry": {"type": "Point", "coordinates": [100.0, 60.0]}, "properties": {"id": "gdelt-1325248183", "source": "gdelt", "event_type": "Coerce", "sub_type": "CAMEO 173", "date": "2026-09-28", "title": "Coerce — Russia", "description": "", "fatalities": null, "actors": ["RUSSIA"], "country": "RS", "links": ["https://www.voruta.lt/sovietiniuose-muruose-ikalinta-sventove-prarastas-a-vivulskio-sedevras/"], "confidence": 0.4, "tone": 0.97087378640776, "goldstein": -5.0, "mentions": 2}}, {"type": "Feature", "geometry": {"type": "Point", "coordinates": [30.7386, 46.4639]}, "properties": {"id": "gdelt-1325248184", "source": "gdelt", "event_type": "Assault", "sub_type": "CAMEO 180", "date": "2026-09-28", "title": "Assault — Odessa, Odes'ka Oblast, Ukraine", "description": "", "fatalities": null, "actors": ["RUSSIAN"], "country": "UP", "links": ["https://www.lifo.gr/now/world/oykrania-14-nekroi-kai-57-traymaties-meta-apo-maziki-rosiki-epithesi"], "confidence": 0.6000000000000001, "tone": -11.1913357400722, "goldstein": -9.0, "mentions": 6}}, {"type": "Feature", "geometry": {"type": "Point", "coordinates": [37.6156, 55.7522]}, "properties": {"id": "gdelt-1325248185", "source": "gdelt", "event_type": "Assault", "sub_type": "CAMEO 180", "date": "2026-09-28", "title": "Assault — Moscow, Moskva, Russia", "description": "", "fatalities": null, "actors": ["RUSSIAN"], "country": "RS", "links": ["https://www.lifo.gr/now/world/oykrania-14-nekroi-kai-57-traymaties-meta-apo-maziki-rosiki-epithesi"], "confidence": 0.4, "tone": -11.1913357400722, "goldstein": -9.0, "mentions": 2}}, {"type": "Feature", "geometry": {"type": "Point", "coordinates": [100.0, 60.0]}, "properties": {"id": "gdelt-1325248186", "source": "gdelt", "event_type": "Assault", "sub_type": "CAMEO 181", "date": "2026-09-28", "title": "Assault — Russia", "description": "", "fatalities": null, "actors": ["RUSSIAN"], "country": "RS", "links": ["https://unn.ua/ru/news/v-okkupirovannikh-oleshkakh-ostayutsya-okolo-40-detei-lyudi-mogut-pitatsya-odin-raz-v-den"], "confidence": 0.7, "tone": -4.38356164383562, "goldstein": -9.0, "mentions": 8}}, {"type": "Feature", "geometry": {"type": "Point", "coordinates": [60.6125, 56.8575]}, "properties": {"id": "gdelt-1325248187", "source": "gdelt", "event_type": "Fight", "sub_type": "CAMEO 190", "date": "2026-09-28", "title": "Fight — Sverdlovsk, Sverdlovskaya Oblast', Russia", "description": "", "fatalities": null, "actors": ["URALS"], "country": "RS", "links": ["https://ria.ru/20260928/ubiystvo-2120692033.html"], "confidence": 0.6000000000000001, "tone": -7.48502994011976, "goldstein": -10.0, "mentions": 6}}, {"type": "Feature", "geometry": {"type": "Point", "coordinates": [32.0, 49.0]}, "properties": {"id": "gdelt-1325248188", "source": "gdelt", "event_type": "Fight", "sub_type": "CAMEO 190", "date": "2026-09-28", "title": "Fight — Ukraine", "description": "", "fatalities": null, "actors": ["RUSSIA"], "country": "UP", "links": ["https://24tv.ua/ru/udary-po-rossijskim-npz-djevid-sharp-rasskazal-razrushit-jekonomiku_n3150248"], "confidence": 0.35, "tone": -4.8582995951417, "goldstein": -10.0, "mentions": 1}}, {"type": "Feature", "geometry": {"type": "Point", "coordinates": [37.6156, 55.7522]}, "properties": {"id": "gdelt-1325248190", "source": "gdelt", "event_type": "Coerce", "sub_type": "CAMEO 173", "date": "2026-09-28", "title": "Coerce — Moscow, Moskva, Russia", "description": "", "fatalities": null, "actors": ["MOSCOW", "PRISON"], "country": "RS", "links": ["https://ria.ru/20260928/moskva-2120691262.html"], "confidence": 0.8, "tone": -3.57142857142857, "goldstein": -5.0, "mentions": 10}}, {"type": "Feature", "geometry": {"type": "Point", "coordinates": [125.755, 39.0194]}, "properties": {"id": "gdelt-1325248197", "source": "gdelt", "event_type": "Coerce", "sub_type": "CAMEO 173", "date": "2026-09-28", "title": "Coerce — Pyongyang, P'yongyang-si, North Korea", "description": "", "fatalities": null, "actors": ["RUSSIAN", "NORTH KOREA"], "country": "KN", "links": ["https://www.europalibera.md/a/coreea-de-sud-cere-ucrainei-scuze-prizonieri-nord-coreeni/33865569.html"], "confidence": 0.4, "tone": -3.46232179226069, "goldstein": -5.0, "mentions": 2}}, {"type": "Feature", "geometry": {"type": "Point", "coordinates": [46.5039, 48.2907]}, "properties": {"id": "gdelt-1325248205", "source": "gdelt", "event_type": "Fight", "sub_type": "CAMEO 190", "date": "2026-09-28", "title": "Fight — Zelenskiy, Astrakhanskaya Oblast', Russia", "description": "", "fatalities": null, "actors": ["RUSSIAN", "RUSSIA"], "country": "RS", "links": ["https://ipress.ua/articles/ukraina_buduie_armiyu_robotiv_rosiya_bie_po_promyslovosti_a_tramp_povertaie_putina_u_svitovu_polityku__fillips_obrayen_390806.html"], "confidence": 0.35, "tone": -1.8018018018018, "goldstein": -10.0, "mentions": 1}}, {"type": "Feature", "geometry": {"type": "Point", "coordinates": [46.5039, 48.2907]}, "properties": {"id": "gdelt-1325248206", "source": "gdelt", "event_type": "Fight", "sub_type": "CAMEO 190", "date": "2026-09-28", "title": "Fight — Zelenskiy, Astrakhanskaya Oblast', Russia", "description": "", "fatalities": null, "actors": ["RUSSIAN", "RUSSIA"], "country": "RS", "links": ["https://ipress.ua/articles/ukraina_buduie_armiyu_robotiv_rosiya_bie_po_promyslovosti_a_tramp_povertaie_putina_u_svitovu_polityku__fillips_obrayen_390806.html"], "confidence": 0.35, "tone": -1.8018018018018, "goldstein": -10.0, "mentions": 1}}, {"type": "Feature", "geometry": {"type": "Point", "coordinates": [37.6156, 55.7522]}, "properties": {"id": "gdelt-1325248207", "source": "gdelt", "event_type": "Fight", "sub_type": "CAMEO 191", "date": "2026-09-28", "title": "Fight — Moscow, Moskva, Russia", "description": "", "fatalities": null, "actors": ["NEVA", "RUSSIA"], "country": "RS", "links": ["https://life.ru/p/pri-snose-doma-v-peterburge-oblomki-ruhnuli-na-proezzhavshuyu-mimo-gazel"], "confidence": 0.5, "tone": -9.61538461538458, "goldstein": -9.5, "mentions": 4}}, {"type": "Feature", "geometry": {"type": "Point", "coordinates": [100.0, 60.0]}, "properties": {"id": "gdelt-1325248208", "source": "gdelt", "event_type": "Assault", "sub_type": "CAMEO 180", "date": "2026-09-28", "title": "Assault — Russia", "description": "", "fatalities": null, "actors": ["RUSSIAN", "FIGHTER"], "country": "RS", "links": ["https://www.dialog.ua/war/pod-kupyanskom-rossiyskie-okkupanty-sovershili-voennoe-prestuplenie-i-pytalis-spryatatsya.html"], "confidence": 0.8, "tone": -8.13953488372094, "goldstein": -9.0, "mentions": 10}}, {"type": "Feature", "geometry": {"type": "Point", "coordinates": [30.7386, 46.4639]}, "properties": {"id": "gdelt-1325248211", "source": "gdelt", "event_type": "Fight", "sub_type": "CAMEO 190", "date": "2026-09-28", "title": "Fight — Odessa, Odes'ka Oblast, Ukraine", "description": "", "fatalities": null, "actors": ["RUSSIAN", "UKRAINE"], "country": "UP", "links": ["https://www.lifo.gr/now/world/oykrania-14-nekroi-kai-57-traymaties-meta-apo-maziki-rosiki-epithesi"], "confidence": 0.4, "tone": -11.1913357400722, "goldstein": -10.0, "mentions": 2}}, {"type": "Feature", "geometry": {"type": "Point", "coordinates": [32.0, 49.0]}, "properties": {"id": "gdelt-1325248214", "source": "gdelt", "event_type": "Fight", "sub_type": "CAMEO 190", "date": "2026-09-28", "title": "Fight — Ukraine", "description": "", "fatalities": null, "actors": ["RUSSIAN"], "country": "UP", "links": ["https://www.bankingnews.gr/diethni/articles/901929/isxyro-pligma-sto-bryansk-katerrefse-sidirodromiki-gefyra-meta-apo-epithesi%20title="], "confidence": 0.9, "tone": -7.77777777777778, "goldstein": -10.0, "mentions": 20}}, {"type": "Feature", "geometry": {"type": "Point", "coordinates": [46.5039, 48.2907]}, "properties": {"id": "gdelt-1325248228", "source": "gdelt", "event_type": "Fight", "sub_type": "CAMEO 190", "date": "2026-09-28", "title": "Fight — Zelenskiy, Astrakhanskaya Oblast', Russia", "description": "", "fatalities": null, "actors": ["RUSSIAN"], "country": "RS", "links": ["https://ipress.ua/articles/ukraina_buduie_armiyu_robotiv_rosiya_bie_po_promyslovosti_a_tramp_povertaie_putina_u_svitovu_polityku__fillips_obrayen_390806.html"], "confidence": 0.6000000000000001, "tone": -1.8018018018018, "goldstein": -10.0, "mentions": 6}}, {"type": "Feature", "geometry": {"type": "Point", "coordinates": [46.5039, 48.2907]}, "properties": {"id": "gdelt-1325248229", "source": "gdelt", "event_type": "Fight", "sub_type": "CAMEO 190", "date": "2026-09-28", "title": "Fight — Zelenskiy, Astrakhanskaya Oblast', Russia", "description": "", "fatalities": null, "actors": ["RUSSIA", "RUSSIAN"], "country": "RS", "links": ["https://ipress.ua/articles/ukraina_buduie_armiyu_robotiv_rosiya_bie_po_promyslovosti_a_tramp_povertaie_putina_u_svitovu_polityku__fillips_obrayen_390806.html"], "confidence": 0.35, "tone": -1.8018018018018, "goldstein": -10.0, "mentions": 1}}, {"type": "Feature", "geometry": {"type": "Point", "coordinates": [46.5039, 48.2907]}, "properties": {"id": "gdelt-1325248230", "source": "gdelt", "event_type": "Fight", "sub_type": "CAMEO 190", "date": "2026-09-28", "title": "Fight — Zelenskiy, Astrakhanskaya Oblast', Russia", "description": "", "fatalities": null, "actors": ["RUSSIA", "RUSSIAN"], "country": "RS", "links": ["https://ipress.ua/articles/ukraina_buduie_armiyu_robotiv_rosiya_bie_po_promyslovosti_a_tramp_povertaie_putina_u_svitovu_polityku__fillips_obrayen_390806.html"], "confidence": 0.35, "tone": -1.8018018018018, "goldstein": -10.0, "mentions": 1}}, {"type": "Feature", "geometry": {"type": "Point", "coordinates": [37.5998, 49.7209]}, "properties": {"id": "gdelt-1325248260", "source": "gdelt", "event_type": "Assault", "sub_type": "CAMEO 180", "date": "2026-09-28", "title": "Assault — Kupyansk, Kharkivs'ka Oblast', Ukraine", "description": "", "fatalities": null, "actors": ["FIGHTER"], "country": "UP", "links": ["https://24tv.ua/ru/konec-pozicionnoj-vojny-ukraina-povtorjaet-uroki-pervoj-mirovoj_n3150082"], "confidence": 0.8, "tone": -1.81159420289855, "goldstein": -9.0, "mentions": 10}}, {"type": "Feature", "geometry": {"type": "Point", "coordinates": [-99.0525, 19.6011]}, "properties": {"id": "gdelt-1325248261", "source": "gdelt", "event_type": "Fight", "sub_type": "CAMEO 190", "date": "2026-09-28", "title": "Fight — Morelos, Méco, Mexico", "description": "", "fatalities": null, "actors": ["ARMED MEN", "STUDENT"], "country": "MX", "links": ["https://www.esdiario.com/andalucia/260928/198840/asesinan-dos-estudiantes-morelos-mexico-dos-semanas-despues-muerte-claudia-tacoronte.html"], "confidence": 0.8, "tone": -8.22622107969152, "goldstein": -10.0, "mentions": 10}}, {"type": "Feature", "geometry": {"type": "Point", "coordinates": [32.0, 49.0]}, "properties": {"id": "gdelt-1325248264", "source": "gdelt", "event_type": "Protest", "sub_type": "CAMEO 143", "date": "2026-09-28", "title": "Protest — Ukraine", "description": "", "fatalities": null, "actors": ["UKRAINIAN"], "country": "UP", "links": ["https://ria.ru/20260928/donetsk-2120692898.html"], "confidence": 0.8, "tone": -4.92610837438423, "goldstein": -6.5, "mentions": 10}}, {"type": "Feature", "geometry": {"type": "Point", "coordinates": [30.5167, 50.4333]}, "properties": {"id": "gdelt-1325248266", "source": "gdelt", "event_type": "Assault", "sub_type": "CAMEO 180", "date": "2026-09-28", "title": "Assault — Kyiv, Kyyiv, Misto, Ukraine", "description": "", "fatalities": null, "actors": ["UKRAINE", "NATO"], "country": "UP", "links": ["https://ipress.ua/articles/proval_naratyvu_u_rosii_ta_zahodu_problema_z_tym_yak_rozpovidaty_istoriyu_viyny__tomas_kent_390811.html"], "confidence": 0.4, "tone": -2.12527964205816, "goldstein": -9.0, "mentions": 2}}, {"type": "Feature", "geometry": {"type": "Point", "coordinates": [37.6156, 55.7522]}, "properties": {"id": "gdelt-1325248267", "source": "gdelt", "event_type": "Assault", "sub_type": "CAMEO 180", "date": "2026-09-28", "title": "Assault — Kremlin, Moskva, Russia", "description": "", "fatalities": null, "actors": ["UKRAINIAN", "NATO"], "country": "RS", "links": ["https://ipress.ua/articles/proval_naratyvu_u_rosii_ta_zahodu_problema_z_tym_yak_rozpovidaty_istoriyu_viyny__tomas_kent_390811.html"], "confidence": 0.55, "tone": -2.12527964205816, "goldstein": -9.0, "mentions": 5}}, {"type": "Feature", "geometry": {"type": "Point", "coordinates": [30.5167, 50.4333]}, "properties": {"id": "gdelt-1325248268", "source": "gdelt", "event_type": "Assault", "sub_type": "CAMEO 180", "date": "2026-09-28", "title": "Assault — Kyiv, Kyyiv, Misto, Ukraine", "description": "", "fatalities": null, "actors": ["UKRAINIAN", "NATO"], "country": "UP", "links": ["https://ipress.ua/articles/proval_naratyvu_u_rosii_ta_zahodu_problema_z_tym_yak_rozpovidaty_istoriyu_viyny__tomas_kent_390811.html"], "confidence": 0.35, "tone": -2.12527964205816, "goldstein": -9.0, "mentions": 1}}, {"type": "Feature", "geometry": {"type": "Point", "coordinates": [37.6156, 55.7522]}, "properties": {"id": "gdelt-1325248276", "source": "gdelt", "event_type": "Fight", "sub_type": "CAMEO 192", "date": "2026-09-28", "title": "Fight — Moscow, Moskva, Russia", "description": "", "fatalities": null, "actors": ["UKRAINIAN", "RUSSIA"], "country": "RS", "links": ["https://www.n-tv.de/ticker/Ukraine-meldet-Gelaendegewinne-in-Donezk-id31356161.html"], "confidence": 0.5, "tone": -2.29885057471264, "goldstein": -9.5, "mentions": 4}}, {"type": "Feature", "geometry": {"type": "Point", "coordinates": [32.0, 49.0]}, "properties": {"id": "gdelt-1325248281", "source": "gdelt", "event_type": "Fight", "sub_type": "CAMEO 192", "date": "2026-09-28", "title": "Fight — Ukraine", "description": "", "fatalities": null, "actors": ["UKRAINIAN", "RUSSIAN"], "country": "UP", "links": ["https://www.n-tv.de/ticker/Ukraine-meldet-Gelaendegewinne-in-Donezk-id31356161.html"], "confidence": 0.6000000000000001, "tone": -2.29885057471264, "goldstein": -9.5, "mentions": 6}}, {"type": "Feature", "geometry": {"type": "Point", "coordinates": [-98.5795, 39.828175]}, "properties": {"id": "gdelt-1325248295", "source": "gdelt", "event_type": "Assault", "sub_type": "CAMEO 182", "date": "2026-09-28", "title": "Assault — United States", "description": "", "fatalities": null, "actors": ["UNITED STATES", "BUDAPEST"], "country": "US", "links": ["https://www.economx.hu/belfold/2026/09/28/magyar-peter-tisza-part-miniszterelnok-mentelmi-jog-felfuggesztes/"], "confidence": 0.8, "tone": -3.53982300884956, "goldstein": -9.5, "mentions": 10}}, {"type": "Feature", "geometry": {"type": "Point", "coordinates": [1.5, 42.5]}, "properties": {"id": "gdelt-1325249199", "source": "gdelt", "event_type": "Fight", "sub_type": "CAMEO 190", "date": "2026-09-28", "title": "Fight — Andorra", "description": "", "fatalities": null, "actors": ["COMPANIES"], "country": "AN", "links": ["https://www.diariosigloxxi.com/texto-s/mostrar/675641/t-systems-proveedor-cloud-aplicaciones-mayor-satisfaccion-genera-entre-clientes-segun-whitelane"], "confidence": 0.8, "tone": 4.51388888888889, "goldstein": -10.0, "mentions": 10}}, {"type": "Feature", "geometry": {"type": "Point", "coordinates": [29.9192, 31.1981]}, "properties": {"id": "gdelt-1325249214", "source": "gdelt", "event_type": "Fight", "sub_type": "CAMEO 190", "date": "2026-09-28", "title": "Fight — Alexandria, Al Iskandariyah, Egypt", "description": "", "fatalities": null, "actors": ["EGYPT"], "country": "EG", "links": ["https://www.dostor.org/5718584"], "confidence": 0.5, "tone": -3.27004219409283, "goldstein": -10.0, "mentions": 4}}, {"type": "Feature", "geometry": {"type": "Point", "coordinates": [24.7281, 59.4339]}, "properties": {"id": "gdelt-1325249221", "source": "gdelt", "event_type": "Coerce", "sub_type": "CAMEO 174", "date": "2026-09-28", "title": "Coerce — Tallinn, Harjumaa, Estonia", "description": "", "fatalities": null, "actors": ["ESTONIA"], "country": "EN", "links": ["https://www.ohtuleht.ee/1167785/kas-lemmik-paaseb-varjendisse-loomakaitsja-sellele-tuleb-moelda-enne-kriisi"], "confidence": 0.8, "tone": 0.0, "goldstein": -5.0, "mentions": 10}}, {"type": "Feature", "geometry": {"type": "Point", "coordinates": [20.0, 47.0]}, "properties": {"id": "gdelt-1325249236", "source": "gdelt", "event_type": "Protest", "sub_type": "CAMEO 141", "date": "2026-09-28", "title": "Protest — Hungary", "description": "", "fatalities": null, "actors": ["MINIST"], "country": "HU", "links": ["https://www.la-croix.com/culture/a-budapest-la-maison-de-la-terreur-au-cour-de-la-bataille-memorielle-20260928"], "confidence": 0.8, "tone": -0.505050505050511, "goldstein": -6.5, "mentions": 10}}, {"type": "Feature", "geometry": {"type": "Point", "coordinates": [2.0, 46.0]}, "properties": {"id": "gdelt-1325249237", "source": "gdelt", "event_type": "Protest", "sub_type": "CAMEO 141", "date": "2026-09-28", "title": "Protest — France", "description": "", "fatalities": null, "actors": ["REGIME"], "country": "FR", "links": ["https://acento.com.do/rfi/los-huties-poder-divino-represion-feroz-y-un-avance-inexorable-9760444.html"], "confidence": 0.6000000000000001, "tone": -1.86084142394822, "goldstein": -6.5, "mentions": 6}}, {"type": "Feature", "geometry": {"type": "Point", "coordinates": [45.0, 25.0]}, "properties": {"id": "gdelt-1325249238", "source": "gdelt", "event_type": "Protest", "sub_type": "CAMEO 141", "date": "2026-09-28", "title": "Protest — Saudi Arabia", "description": "", "fatalities": null, "actors": ["REGIME"], "country": "SA", "links": ["https://acento.com.do/rfi/los-huties-poder-divino-represion-feroz-y-un-avance-inexorable-9760444.html"], "confidence": 0.5, "tone": -1.86084142394822, "goldstein": -6.5, "mentions": 4}}, {"type": "Feature", "geometry": {"type": "Point", "coordinates": [107.619, -6.90389]}, "properties": {"id": "gdelt-1325249245", "source": "gdelt", "event_type": "Fight", "sub_type": "CAMEO 190", "date": "2026-09-28", "title": "Fight — Bandung, Jawa Barat, Indonesia", "description": "", "fatalities": null, "actors": ["INDONESIA"], "country": "ID", "links": ["https://www.jpnn.com/news/cuma-jadi-penonton-sandy-walsh-doakan-indonesia-jadi-juara-fifa-asean-cup-2026"], "confidence": 0.8, "tone": -1.19047619047619, "goldstein": -10.0, "mentions": 10}}, {"type": "Feature", "geometry": {"type": "Point", "coordinates": [14.1222, 44.9806]}, "properties": {"id": "gdelt-1325249258", "source": "gdelt", "event_type": "Protest", "sub_type": "CAMEO 143", "date": "2026-09-28", "title": "Protest — Koromacno, Istarska, Croatia", "description": "", "fatalities": null, "actors": ["PROTESTER"], "country": "HR", "links": ["https://www.glasistre.hr/istra/2026/09/28/foto-prosvjednici-blokirali-koromacno-napravit-cemo-sve-da-holcim-ode-doma-1086182"], "confidence": 0.8, "tone": -3.18091451292247, "goldstein": -6.5, "mentions": 10}}, {"type": "Feature", "geometry": {"type": "Point", "coordinates": [39.4753, 13.4967]}, "properties": {"id": "gdelt-1325249270", "source": "gdelt", "event_type": "Fight", "sub_type": "CAMEO 190", "date": "2026-09-28", "title": "Fight — Makalle, Tigray, Ethiopia", "description": "", "fatalities": null, "actors": ["MILITIA"], "country": "ET", "links": ["https://fr.allafrica.com/stories/202609280125.html"], "confidence": 0.8, "tone": -2.0033388981636, "goldstein": -10.0, "mentions": 10}}, {"type": "Feature", "geometry": {"type": "Point", "coordinates": [146.0, 16.0]}, "properties": {"id": "gdelt-1325249280", "source": "gdelt", "event_type": "Fight", "sub_type": "CAMEO 193", "date": "2026-09-28", "title": "Fight — Mauritius", "description": "", "fatalities": null, "actors": ["CACHI"], "country": "MP", "links": ["https://www.nacion.com/sucesos/banda-de-tan-y-cachi-habria-causado-balacera-en-la/PZKQJTNJBVEEVHUNHZHCONLGJM/story/"], "confidence": 0.8, "tone": -5.83501006036217, "goldstein": -10.0, "mentions": 10}}, {"type": "Feature", "geometry": {"type": "Point", "coordinates": [46.5833, 40.0]}, "properties": {"id": "gdelt-1325249288", "source": "gdelt", "event_type": "Coerce", "sub_type": "CAMEO 1712", "date": "2026-09-28", "title": "Coerce — Artsakh, Azerbaijan (general), Azerbaijan", "description": "", "fatalities": null, "actors": ["AZERBAIJAN"], "country": "AJ", "links": ["https://www.panorama.am/am/news/2026/09/28/%D5%80%D5%B8%D5%BE%D5%AB%D5%AF-%D4%B1%D5%BE%D5%A1%D5%B6%D5%A5%D5%BD%D5%B8%D5%BE-%D4%B1%D6%80%D6%81%D5%A1%D5%AD/3169824"], "confidence": 0.6000000000000001, "tone": -5.69105691056911, "goldstein": -9.2, "mentions": 6}}, {"type": "Feature", "geometry": {"type": "Point", "coordinates": [-102.0, 23.0]}, "properties": {"id": "gdelt-1325249321", "source": "gdelt", "event_type": "Fight", "sub_type": "CAMEO 192", "date": "2026-09-28", "title": "Fight — Mexico", "description": "", "fatalities": null, "actors": ["COMPANY", "MEXICO"], "country": "MX", "links": ["https://www.elfinanciero.com.mx/empresas/2026/09/28/muebleros-enfrentan-consumo-moderado-en-mexico-y-mayores-presiones/"], "confidence": 0.8, "tone": -1.52477763659466, "goldstein": -9.5, "mentions": 10}}, {"type": "Feature", "geometry": {"type": "Point", "coordinates": [-3.68333, 40.4]}, "properties": {"id": "gdelt-1325249356", "source": "gdelt", "event_type": "Assault", "sub_type": "CAMEO 180", "date": "2026-09-28", "title": "Assault — Madrid, Madrid, Spain", "description": "", "fatalities": null, "actors": ["POLICE"], "country": "SP", "links": ["https://www.elconfidencial.com/espana/madrid/2026-09-28/detenidos-banda-ddp-agresiones-madrid-1tna-1tps_4433544/"], "confidence": 0.8, "tone": -9.2857142857143, "goldstein": -9.0, "mentions": 10}}, {"type": "Feature", "geometry": {"type": "Point", "coordinates": [-77.5, -2.0]}, "properties": {"id": "gdelt-1325249358", "source": "gdelt", "event_type": "Coerce", "sub_type": "CAMEO 173", "date": "2026-09-28", "title": "Coerce — Ecuador", "description": "", "fatalities": null, "actors": ["POLICE", "COLOMBIA"], "country": "EC", "links": ["https://www.skaikritis.gr/kolomvia-synelifthisan-i-syzygos-kai-i-kori-tou-fito-varonou-narkotikon-tou-ekouador/"], "confidence": 0.8, "tone": -10.4477611940298, "goldstein": -5.0, "mentions": 10}}, {"type": "Feature", "geometry": {"type": "Point", "coordinates": [77.0, 20.0]}, "properties": {"id": "gdelt-1325249362", "source": "gdelt", "event_type": "Fight", "sub_type": "CAMEO 190", "date": "2026-09-28", "title": "Fight — India", "description": "", "fatalities": null, "actors": ["POLICE", "DEALER"], "country": "IN", "links": ["https://www.politika.rs/scc/clanak/789011/sin-milionera-uhapsen-zbog-sumnje-da-je-organizovao-ocevo-ubistvo"], "confidence": 0.8, "tone": -5.15759312320914, "goldstein": -10.0, "mentions": 10}}, {"type": "Feature", "geometry": {"type": "Point", "coordinates": [35.2333, 31.7667]}, "properties": {"id": "gdelt-1325249368", "source": "gdelt", "event_type": "Coerce", "sub_type": "CAMEO 173", "date": "2026-09-28", "title": "Coerce — Jerusalem, Israel (general), Israel", "description": "", "fatalities": null, "actors": ["POLICE", "JERUSALEM"], "country": "IS", "links": ["https://www.panorama.am/am/news/2026/09/28/%D4%B5%D6%80%D5%B8%D6%82%D5%BD%D5%A1%D5%B2%D5%A5%D5%B4-%D5%B1%D5%A5%D6%80%D5%A2%D5%A1%D5%AF%D5%A1%D5%AC%D5%B8%D6%82%D5%A9%D5%B5%D5%B8%D6%82%D5%B6/3169804"], "confidence": 0.8, "tone": -7.69230769230769, "goldstein": -5.0, "mentions": 10}}, {"type": "Feature", "geometry": {"type": "Point", "coordinates": [80.75, 27.25]}, "properties": {"id": "gdelt-1325249369", "source": "gdelt", "event_type": "Fight", "sub_type": "CAMEO 190", "date": "2026-09-28", "title": "Fight — Uttar Pradesh, Uttar Pradesh, India", "description": "", "fatalities": null, "actors": ["POLICE", "WORKER"], "country": "IN", "links": ["https://www.divyabhaskar.co.in/national/news/cec-gyanesh-kumar-protest-agra-jaipur-ashok-gehlot-water-cannon-139176991.html"], "confidence": 0.8, "tone": -4.58333333333333, "goldstein": -10.0, "mentions": 10}}, {"type": "Feature", "geometry": {"type": "Point", "coordinates": [-122.419, 37.7749]}, "properties": {"id": "gdelt-1325249385", "source": "gdelt", "event_type": "Coerce", "sub_type": "CAMEO 172", "date": "2026-09-28", "title": "Coerce — San Francisco, California, United States", "description": "", "fatalities": null, "actors": ["RESIDENTS"], "country": "US", "links": ["https://www.observatorulph.ro/exclusiv/2799672-surse-cand-se-deschide-centura-comarnic"], "confidence": 0.8, "tone": -3.74707259953162, "goldstein": -5.0, "mentions": 10}}, {"type": "Feature", "geometry": {"type": "Point", "coordinates": [34.8003, 50.9216]}, "properties": {"id": "gdelt-1325249389", "source": "gdelt", "event_type": "Fight", "sub_type": "CAMEO 190", "date": "2026-09-28", "title": "Fight — Sumy, Sums'ka Oblast', Ukraine", "description": "", "fatalities": null, "actors": ["VILLAGE", "FIGHTER"], "country": "UP", "links": ["https://fakty.ua/479381-dlya-nas-on-navsegda-ostanetsya-geroem-istoriya-27-letnego-mladshego-serzhanta-otdavshego-zhizn-za-ukrainu"], "confidence": 0.8, "tone": -0.2710027100271, "goldstein": -10.0, "mentions": 10}}, {"type": "Feature", "geometry": {"type": "Point", "coordinates": [66.5177, 27.9894]}, "properties": {"id": "gdelt-1325249391", "source": "gdelt", "event_type": "Coerce", "sub_type": "CAMEO 1723", "date": "2026-09-28", "title": "Coerce — Mohammad Khan, Balochistan, Pakistan", "description": "", "fatalities": null, "actors": ["POPULATION"], "country": "PK", "links": ["https://www.express.pk/story/2835122/karachi-murder-scene-reports-2835122"], "confidence": 0.4, "tone": -7.28744939271251, "goldstein": -5.0, "mentions": 2}}, {"type": "Feature", "geometry": {"type": "Point", "coordinates": [70.0608, 28.2569]}, "properties": {"id": "gdelt-1325249392", "source": "gdelt", "event_type": "Fight", "sub_type": "CAMEO 190", "date": "2026-09-28", "title": "Fight — Ahmad Khan, Punjab, Pakistan", "description": "", "fatalities": null, "actors": ["POPULATION"], "country": "PK", "links": ["https://www.express.pk/story/2835122/karachi-murder-scene-reports-2835122"], "confidence": 0.4, "tone": -7.28744939271251, "goldstein": -10.0, "mentions": 2}}, {"type": "Feature", "geometry": {"type": "Point", "coordinates": [66.5177, 27.9894]}, "properties": {"id": "gdelt-1325249393", "source": "gdelt", "event_type": "Coerce", "sub_type": "CAMEO 1723", "date": "2026-09-28", "title": "Coerce — Mohammad Khan, Balochistan, Pakistan", "description": "", "fatalities": null, "actors": ["POPULATION", "PAKISTAN"], "country": "PK", "links": ["https://www.express.pk/story/2835122/karachi-murder-scene-reports-2835122"], "confidence": 0.6000000000000001, "tone": -7.28744939271251, "goldstein": -5.0, "mentions": 6}}, {"type": "Feature", "geometry": {"type": "Point", "coordinates": [66.5177, 27.9894]}, "properties": {"id": "gdelt-1325249394", "source": "gdelt", "event_type": "Coerce", "sub_type": "CAMEO 1723", "date": "2026-09-28", "title": "Coerce — Mohammad Khan, Balochistan, Pakistan", "description": "", "fatalities": null, "actors": ["POPULATION", "PAKISTAN"], "country": "PK", "links": ["https://www.express.pk/story/2835122/karachi-murder-scene-reports-2835122"], "confidence": 0.4, "tone": -7.28744939271251, "goldstein": -5.0, "mentions": 2}}, {"type": "Feature", "geometry": {"type": "Point", "coordinates": [70.0608, 28.2569]}, "properties": {"id": "gdelt-1325249395", "source": "gdelt", "event_type": "Fight", "sub_type": "CAMEO 190", "date": "2026-09-28", "title": "Fight — Ahmad Khan, Punjab, Pakistan", "description": "", "fatalities": null, "actors": ["POPULATION", "PAKISTAN"], "country": "PK", "links": ["https://www.express.pk/story/2835122/karachi-murder-scene-reports-2835122"], "confidence": 0.7, "tone": -7.28744939271251, "goldstein": -10.0, "mentions": 8}}, {"type": "Feature", "geometry": {"type": "Point", "coordinates": [30.0, 27.0]}, "properties": {"id": "gdelt-1325249420", "source": "gdelt", "event_type": "Coerce", "sub_type": "CAMEO 172", "date": "2026-09-28", "title": "Coerce — Egypt", "description": "", "fatalities": null, "actors": ["STUDENT"], "country": "EG", "links": ["https://www.almasryalyoum.com/news/details/4369890"], "confidence": 0.8, "tone": -2.02952029520295, "goldstein": -5.0, "mentions": 10}}, {"type": "Feature", "geometry": {"type": "Point", "coordinates": [-98.5795, 39.828175]}, "properties": {"id": "gdelt-1325249421", "source": "gdelt", "event_type": "Assault", "sub_type": "CAMEO 1821", "date": "2026-09-28", "title": "Assault — United States", "description": "", "fatalities": null, "actors": ["UNIVERSITY"], "country": "US", "links": ["https://www.hankookilbo.com/news/article/A2026092818030004273"], "confidence": 0.8, "tone": -9.13461538461541, "goldstein": -9.0, "mentions": 10}}, {"type": "Feature", "geometry": {"type": "Point", "coordinates": [-98.5795, 39.828175]}, "properties": {"id": "gdelt-1325249434", "source": "gdelt", "event_type": "Assault", "sub_type": "CAMEO 1821", "date": "2026-09-28", "title": "Assault — United States", "description": "", "fatalities": null, "actors": ["UNIVERSITY", "UNIVERSITY"], "country": "US", "links": ["https://www.hankookilbo.com/news/article/A2026092818030004273"], "confidence": 0.8, "tone": -9.13461538461541, "goldstein": -9.0, "mentions": 10}}, {"type": "Feature", "geometry": {"type": "Point", "coordinates": [37.6156, 55.7522]}, "properties": {"id": "gdelt-1325249473", "source": "gdelt", "event_type": "Coerce", "sub_type": "CAMEO 173", "date": "2026-09-28", "title": "Coerce — Kremlin, Moskva, Russia", "description": "", "fatalities": null, "actors": ["ESTONIA", "PRISON"], "country": "RS", "links": ["https://www.diariosigloxxi.com/texto-ep/mostrar/20260928120111/condenado-estonia-siete-anos-prision-periodista-acusado-difundir-propaganda-rusa"], "confidence": 0.8, "tone": -9.23694779116464, "goldstein": -5.0, "mentions": 10}}, {"type": "Feature", "geometry": {"type": "Point", "coordinates": [37.6156, 55.7522]}, "properties": {"id": "gdelt-1325249475", "source": "gdelt", "event_type": "Coerce", "sub_type": "CAMEO 173", "date": "2026-09-28", "title": "Coerce — Kremlin, Moskva, Russia", "description": "", "fatalities": null, "actors": ["ESTONIA", "RUSSIA"], "country": "RS", "links": ["https://www.diariosigloxxi.com/texto-ep/mostrar/20260928120111/condenado-estonia-siete-anos-prision-periodista-acusado-difundir-propaganda-rusa"], "confidence": 0.8, "tone": -9.23694779116464, "goldstein": -5.0, "mentions": 10}}, {"type": "Feature", "geometry": {"type": "Point", "coordinates": [-2.99528, 51.2417]}, "properties": {"id": "gdelt-1325249487", "source": "gdelt", "event_type": "Fight", "sub_type": "CAMEO 194", "date": "2026-09-28", "title": "Fight — Burnham, Somerset, United Kingdom", "description": "", "fatalities": null, "actors": ["EUROPE"], "country": "UK", "links": ["https://www.elfinanciero.com.mx/bloomberg/2026/09/28/alerta-en-reino-unido-investigan-complot-terrorista-cerca-de-base-de-eu/"], "confidence": 0.8, "tone": -4.49775112443778, "goldstein": -10.0, "mentions": 10}}, {"type": "Feature", "geometry": {"type": "Point", "coordinates": [4.45858, 44.7011]}, "properties": {"id": "gdelt-1325249490", "source": "gdelt", "event_type": "Protest", "sub_type": "CAMEO 141", "date": "2026-09-28", "title": "Protest — Saint-Etienne, RhôAlpes, France", "description": "", "fatalities": null, "actors": ["EUROPE", "FRANCE"], "country": "FR", "links": ["https://www.linternaute.com/actualite/societe/11304629-visite-du-pape-a-metz-en-direct-une-ultime-messe-en-presence-de-macron-la-derniere-journee-de-leon-xiv-en-france/"], "confidence": 0.5, "tone": 0.57330057330057, "goldstein": -6.5, "mentions": 4}}, {"type": "Feature", "geometry": {"type": "Point", "coordinates": [4.45858, 44.7011]}, "properties": {"id": "gdelt-1325249495", "source": "gdelt", "event_type": "Protest", "sub_type": "CAMEO 141", "date": "2026-09-28", "title": "Protest — Saint-Etienne, RhôAlpes, France", "description": "", "fatalities": null, "actors": ["EUROPE", "SAINT"], "country": "FR", "links": ["https://www.linternaute.com/actualite/societe/11304629-visite-du-pape-a-metz-en-direct-une-ultime-messe-en-presence-de-macron-la-derniere-journee-de-leon-xiv-en-france/"], "confidence": 0.4, "tone": 0.57330057330057, "goldstein": -6.5, "mentions": 2}}, {"type": "Feature", "geometry": {"type": "Point", "coordinates": [4.45858, 44.7011]}, "properties": {"id": "gdelt-1325249496", "source": "gdelt", "event_type": "Protest", "sub_type": "CAMEO 141", "date": "2026-09-28", "title": "Protest — Saint-Etienne, RhôAlpes, France", "description": "", "fatalities": null, "actors": ["EUROPE", "SAINT"], "country": "FR", "links": ["https://www.linternaute.com/actualite/societe/11304629-visite-du-pape-a-metz-en-direct-une-ultime-messe-en-presence-de-macron-la-derniere-journee-de-leon-xiv-en-france/"], "confidence": 0.4, "tone": 0.57330057330057, "goldstein": -6.5, "mentions": 2}}, {"type": "Feature", "geometry": {"type": "Point", "coordinates": [10.5, 51.5]}, "properties": {"id": "gdelt-1325249515", "source": "gdelt", "event_type": "Coerce", "sub_type": "CAMEO 173", "date": "2026-09-28", "title": "Coerce — Germany", "description": "", "fatalities": null, "actors": ["FRANCE", "MILITARY"], "country": "GM", "links": ["https://lactualite.com/actualites/le-pape-leon-xiv-exhorte-les-responsables-religieux-francais-a-precher-la-paix/"], "confidence": 0.8, "tone": -1.33333333333333, "goldstein": -5.0, "mentions": 10}}, {"type": "Feature", "geometry": {"type": "Point", "coordinates": [4.45858, 44.7011]}, "properties": {"id": "gdelt-1325249517", "source": "gdelt", "event_type": "Protest", "sub_type": "CAMEO 141", "date": "2026-09-28", "title": "Protest — Saint-Etienne, RhôAlpes, France", "description": "", "fatalities": null, "actors": ["FRANCE", "SAINT"], "country": "FR", "links": ["https://www.linternaute.com/actualite/societe/11304629-visite-du-pape-a-metz-en-direct-une-ultime-messe-en-presence-de-macron-la-derniere-journee-de-leon-xiv-en-france/"], "confidence": 0.4, "tone": 0.57330057330057, "goldstein": -6.5, "mentions": 2}}, {"type": "Feature", "geometry": {"type": "Point", "coordinates": [-0.116667, 51.5]}, "properties": {"id": "gdelt-1325249530", "source": "gdelt", "event_type": "Coerce", "sub_type": "CAMEO 173", "date": "2026-09-28", "title": "Coerce — London, London, City of, United Kingdom", "description": "", "fatalities": null, "actors": ["UNITED KINGDOM", "AMERICAN"], "country": "UK", "links": ["https://www.iefimerida.gr/kosmos/synagermos-ton-ipa-sti-bretania-ayximeni-prosohi-stoys-amerikanoys-polites"], "confidence": 0.4, "tone": -1.50602409638554, "goldstein": -5.0, "mentions": 2}}, {"type": "Feature", "geometry": {"type": "Point", "coordinates": [-3.68333, 40.4]}, "properties": {"id": "gdelt-1325249574", "source": "gdelt", "event_type": "Coerce", "sub_type": "CAMEO 172", "date": "2026-09-28", "title": "Coerce — Madrid, Madrid, Spain", "description": "", "fatalities": null, "actors": ["GOVERNMENT"], "country": "SP", "links": ["https://www.dn.se/varlden/87-arig-kvinna-vrakt-tusentals-protesterar-i-madrid/"], "confidence": 0.8, "tone": -3.84615384615384, "goldstein": -5.0, "mentions": 10}}, {"type": "Feature", "geometry": {"type": "Point", "coordinates": [2.0, 46.0]}, "properties": {"id": "gdelt-1325249575", "source": "gdelt", "event_type": "Coerce", "sub_type": "CAMEO 172", "date": "2026-09-28", "title": "Coerce — France", "description": "", "fatalities": null, "actors": ["PRESIDENT"], "country": "FR", "links": ["https://www.quotidianodelsud.it/calabria/vibo-valentia/politica/pubblica-amministrazione/2026/09/28/provincia-di-vibo-dopo-la-caduta-landolina-consuma-la-sua-vendetta"], "confidence": 0.8, "tone": -1.94552529182879, "goldstein": -5.0, "mentions": 10}}, {"type": "Feature", "geometry": {"type": "Point", "coordinates": [42.5, 11.5]}, "properties": {"id": "gdelt-1325249576", "source": "gdelt", "event_type": "Fight", "sub_type": "CAMEO 190", "date": "2026-09-28", "title": "Fight — Djibouti", "description": "", "fatalities": null, "actors": ["GOVERNMENT"], "country": "DJ", "links": ["https://www.shorouknews.com/news/view.aspx?cdate=28092026&id=a35c8f71-f53f-49ef-b894-853bf910ead3"], "confidence": 0.8, "tone": -6.59203980099505, "goldstein": -10.0, "mentions": 10}}, {"type": "Feature", "geometry": {"type": "Point", "coordinates": [100.0, 60.0]}, "properties": {"id": "gdelt-1325249577", "source": "gdelt", "event_type": "Fight", "sub_type": "CAMEO 190", "date": "2026-09-28", "title": "Fight — Russia", "description": "", "fatalities": null, "actors": ["GOVERNMENT"], "country": "RS", "links": ["https://www.24hod.sk/novy-africky-che-guevara-chce-v-burkine-dokoncit-revoluciu-ktoru-prerusila-vrazda-jeho-vzoru-cl831691.html"], "confidence": 0.8, "tone": 2.24215246636771, "goldstein": -10.0, "mentions": 10}}, {"type": "Feature", "geometry": {"type": "Point", "coordinates": [10.0, 62.0]}, "properties": {"id": "gdelt-1325249585", "source": "gdelt", "event_type": "Fight", "sub_type": "CAMEO 190", "date": "2026-09-28", "title": "Fight — Norway", "description": "", "fatalities": null, "actors": ["AUTHORITIES", "BUSINESS"], "country": "NO", "links": ["https://www.digi.no/digitalisering-og-offentlig-it/digitaliseringsministeren-etterspor-ki-som-beskytter-mot-ki/5706107"], "confidence": 0.8, "tone": -1.18203309692671, "goldstein": -10.0, "mentions": 10}}, {"type": "Feature", "geometry": {"type": "Point", "coordinates": [32.0, 49.0]}, "properties": {"id": "gdelt-1325249586", "source": "gdelt", "event_type": "Fight", "sub_type": "CAMEO 190", "date": "2026-09-28", "title": "Fight — Ukraine", "description": "", "fatalities": null, "actors": ["GOVERNMENT", "BUSINESS"], "country": "UP", "links": ["https://www.unian.ua/economics/finance/pdv-v-ukrajini-mozhut-pidvishchiti-v-2027-roci-prem-yer-zrobiv-vazhlivu-zayavu-13512288.html"], "confidence": 0.8, "tone": -4.08163265306123, "goldstein": -10.0, "mentions": 10}}, {"type": "Feature", "geometry": {"type": "Point", "coordinates": [2.89365, 41.8269]}, "properties": {"id": "gdelt-1325249594", "source": "gdelt", "event_type": "Fight", "sub_type": "CAMEO 193", "date": "2026-09-28", "title": "Fight — Llagostera, Comunidad Autonoma de Cataluna, Spain", "description": "", "fatalities": null, "actors": ["GOVERNMENT", "VILLAGE"], "country": "SP", "links": ["https://www.elperiodico.cat/oci-i-cultura/20260928/foc-bisbal-barricades-per-republica-134750355"], "confidence": 0.8, "tone": -1.9543973941368, "goldstein": -10.0, "mentions": 10}}, {"type": "Feature", "geometry": {"type": "Point", "coordinates": [51.5148, 35.75]}, "properties": {"id": "gdelt-1325249608", "source": "gdelt", "event_type": "Fight", "sub_type": "CAMEO 190", "date": "2026-09-28", "title": "Fight — Tehran, Tehran, Iran", "description": "", "fatalities": null, "actors": ["KINGDOM", "AIR FORCE"], "country": "IR", "links": ["https://www.elcomercio.es/internacional/europa/reino-unido-sospecha-iran-intento-atentado-base-20260928123914-ntrc.html"], "confidence": 0.8, "tone": -4.11140583554377, "goldstein": -10.0, "mentions": 10}}, {"type": "Feature", "geometry": {"type": "Point", "coordinates": [19.82, 54.3797]}, "properties": {"id": "gdelt-1325249615", "source": "gdelt", "event_type": "Fight", "sub_type": "CAMEO 193", "date": "2026-09-28", "title": "Fight — Braniewo, Warminsko-Mazurskie, Poland", "description": "", "fatalities": null, "actors": ["MINISTRY", "A US"], "country": "PL", "links": ["https://dorzeczy.pl/opinie/949426/mon-zmienia-procedury-wojsko-bedzie-stracac-rosyjskie-drony.html"], "confidence": 0.8, "tone": -5.26315789473684, "goldstein": -10.0, "mentions": 10}}, {"type": "Feature", "geometry": {"type": "Point", "coordinates": [4.45858, 44.7011]}, "properties": {"id": "gdelt-1325249626", "source": "gdelt", "event_type": "Protest", "sub_type": "CAMEO 141", "date": "2026-09-28", "title": "Protest — Saint-Etienne, RhôAlpes, France", "description": "", "fatalities": null, "actors": ["SOVEREIGN"], "country": "FR", "links": ["https://rmc.bfmtv.com/actualites/societe/en-voyant-les-champs-elysees-il-a-du-se-dire-qu-il-manquait-quelqu-un-pourquoi-macron-ira-finalement-a-la-derniere-messe-du-pape_AV-202609280243.html"], "confidence": 0.8, "tone": 1.43112701252236, "goldstein": -6.5, "mentions": 10}}, {"type": "Feature", "geometry": {"type": "Point", "coordinates": [22.0, 39.0]}, "properties": {"id": "gdelt-1325249655", "source": "gdelt", "event_type": "Coerce", "sub_type": "CAMEO 1712", "date": "2026-09-28", "title": "Coerce — Greece", "description": "", "fatalities": null, "actors": ["HOSPITAL"], "country": "GR", "links": ["https://www.iefimerida.gr/ellada/nosokomeio-boloy-sobara-egkaymata-12hronos-alonniso"], "confidence": 0.8, "tone": -6.60377358490566, "goldstein": -9.2, "mentions": 10}}, {"type": "Feature", "geometry": {"type": "Point", "coordinates": [16.0, 45.8]}, "properties": {"id": "gdelt-1325249660", "source": "gdelt", "event_type": "Coerce", "sub_type": "CAMEO 172", "date": "2026-09-28", "title": "Coerce — Zagreb, Zagreb, Grad, Croatia", "description": "", "fatalities": null, "actors": ["CROATIA"], "country": "HR", "links": ["https://net.hr/danas/vijesti/snimili-smo-prekrasnu-scenu-na-trgu-bana-josipa-jelacica-gospoda-jasna-ona-je-zasluzila-ovo-68f1b15d-bb20-11f1-936f-9600040c8f8e"], "confidence": 0.5, "tone": 0.72115384615385, "goldstein": -5.0, "mentions": 4}}, {"type": "Feature", "geometry": {"type": "Point", "coordinates": [107.619, -6.90389]}, "properties": {"id": "gdelt-1325249665", "source": "gdelt", "event_type": "Fight", "sub_type": "CAMEO 190", "date": "2026-09-28", "title": "Fight — Bandung, Jawa Barat, Indonesia", "description": "", "fatalities": null, "actors": ["INDONESIA"], "country": "ID", "links": ["https://www.jpnn.com/news/cuma-jadi-penonton-sandy-walsh-doakan-indonesia-jadi-juara-fifa-asean-cup-2026"], "confidence": 0.8, "tone": -1.19047619047619, "goldstein": -10.0, "mentions": 10}}, {"type": "Feature", "geometry": {"type": "Point", "coordinates": [-0.116667, 51.5]}, "properties": {"id": "gdelt-1325249683", "source": "gdelt", "event_type": "Coerce", "sub_type": "CAMEO 173", "date": "2026-09-28", "title": "Coerce — London, London, City of, United Kingdom", "description": "", "fatalities": null, "actors": ["TEHRAN"], "country": "UK", "links": ["https://www.iefimerida.gr/kosmos/synagermos-ton-ipa-sti-bretania-ayximeni-prosohi-stoys-amerikanoys-polites"], "confidence": 0.4, "tone": -1.50602409638554, "goldstein": -5.0, "mentions": 2}}, {"type": "Feature", "geometry": {"type": "Point", "coordinates": [-0.116667, 51.5]}, "properties": {"id": "gdelt-1325249684", "source": "gdelt", "event_type": "Coerce", "sub_type": "CAMEO 173", "date": "2026-09-28", "title": "Coerce — London, London, City of, United Kingdom", "description": "", "fatalities": null, "actors": ["TEHRAN"], "country": "UK", "links": ["https://www.iefimerida.gr/kosmos/synagermos-ton-ipa-sti-bretania-ayximeni-prosohi-stoys-amerikanoys-polites"], "confidence": 0.7, "tone": -1.50602409638554, "goldstein": -5.0, "mentions": 8}}, {"type": "Feature", "geometry": {"type": "Point", "coordinates": [53.0, 32.0]}, "properties": {"id": "gdelt-1325249687", "source": "gdelt", "event_type": "Fight", "sub_type": "CAMEO 194", "date": "2026-09-28", "title": "Fight — Iran", "description": "", "fatalities": null, "actors": ["IRAN", "MILITARY"], "country": "IR", "links": ["https://www.samanyoluhaber.com/iranin-hurmuz-bogazindaki-fuze-saldirisinda-8-abd-askeri-yaralandi/1493203"], "confidence": 0.8, "tone": -7.56302521008404, "goldstein": -10.0, "mentions": 10}}, {"type": "Feature", "geometry": {"type": "Point", "coordinates": [15.0, 62.0]}, "properties": {"id": "gdelt-1325249695", "source": "gdelt", "event_type": "Coerce", "sub_type": "CAMEO 172", "date": "2026-09-28", "title": "Coerce — Sweden", "description": "", "fatalities": null, "actors": ["ISRAELI", "DUTCH"], "country": "SW", "links": ["https://www.aljazeera.net/news/2026/9/28/%D8%AD%D8%B8%D8%B1-%D9%85%D9%86%D8%AA%D8%AC%D8%A7%D8%AA-%D8%A7%D9%84%D9%85%D8%B3%D8%AA%D9%88%D8%B7%D9%86%D8%A7%D8%AA-%D9%8A%D8%B4%D8%B9%D9%84-%D8%AE%D9%84%D8%A7%D9%81%D8%A7"], "confidence": 0.35, "tone": -5.33707865168539, "goldstein": -5.0, "mentions": 1}}, {"type": "Feature", "geometry": {"type": "Point", "coordinates": [146.0, 16.0]}, "properties": {"id": "gdelt-1325249709", "source": "gdelt", "event_type": "Protest", "sub_type": "CAMEO 141", "date": "2026-09-28", "title": "Protest — Mauritius", "description": "", "fatalities": null, "actors": ["ITALY"], "country": "MP", "links": ["https://www.tempi.it/le-ragioni-di-peter-thiel/"], "confidence": 0.8, "tone": 1.36054421768707, "goldstein": -6.5, "mentions": 10}}, {"type": "Feature", "geometry": {"type": "Point", "coordinates": [12.4833, 41.9]}, "properties": {"id": "gdelt-1325249710", "source": "gdelt", "event_type": "Fight", "sub_type": "CAMEO 190", "date": "2026-09-28", "title": "Fight — Rome, Lazio, Italy", "description": "", "fatalities": null, "actors": ["ITALY"], "country": "IT", "links": ["https://www.zazoom.it/2026-09-28/giulio-regeni-sentenza-dopo-dieci-anni-di-attesa-battaglie-e-depistaggi-come-siamo-arrivati-fin-qui/19732630/"], "confidence": 0.4, "tone": -6.13207547169812, "goldstein": -10.0, "mentions": 2}}, {"type": "Feature", "geometry": {"type": "Point", "coordinates": [4.45858, 44.7011]}, "properties": {"id": "gdelt-1325249731", "source": "gdelt", "event_type": "Protest", "sub_type": "CAMEO 141", "date": "2026-09-28", "title": "Protest — Saint-Etienne, RhôAlpes, France", "description": "", "fatalities": null, "actors": ["JUDGE"], "country": "FR", "links": ["https://rmc.bfmtv.com/actualites/societe/en-voyant-les-champs-elysees-il-a-du-se-dire-qu-il-manquait-quelqu-un-pourquoi-macron-ira-finalement-a-la-derniere-messe-du-pape_AV-202609280243.html"], "confidence": 0.6000000000000001, "tone": 1.43112701252236, "goldstein": -6.5, "mentions": 6}}, {"type": "Feature", "geometry": {"type": "Point", "coordinates": [4.45858, 44.7011]}, "properties": {"id": "gdelt-1325249736", "source": "gdelt", "event_type": "Protest", "sub_type": "CAMEO 141", "date": "2026-09-28", "title": "Protest — Saint-Etienne, RhôAlpes, France", "description": "", "fatalities": null, "actors": ["JUDGE", "FRANCE"], "country": "FR", "links": ["https://rmc.bfmtv.com/actualites/societe/en-voyant-les-champs-elysees-il-a-du-se-dire-qu-il-manquait-quelqu-un-pourquoi-macron-ira-finalement-a-la-derniere-messe-du-pape_AV-202609280243.html"], "confidence": 0.5, "tone": 1.43112701252236, "goldstein": -6.5, "mentions": 4}}, {"type": "Feature", "geometry": {"type": "Point", "coordinates": [127.5, 37.0]}, "properties": {"id": "gdelt-1325249743", "source": "gdelt", "event_type": "Fight", "sub_type": "CAMEO 193", "date": "2026-09-28", "title": "Fight — South Korea", "description": "", "fatalities": null, "actors": ["REPUBLIC OF KOREA"], "country": "KS", "links": ["https://www.ddaily.co.kr:443/page/view/2026092817342525306"], "confidence": 0.7, "tone": -2.64462809917356, "goldstein": -10.0, "mentions": 8}}, {"type": "Feature", "geometry": {"type": "Point", "coordinates": [127.5, 37.0]}, "properties": {"id": "gdelt-1325249749", "source": "gdelt", "event_type": "Fight", "sub_type": "CAMEO 193", "date": "2026-09-28", "title": "Fight — South Korea", "description": "", "fatalities": null, "actors": ["SOUTH KOREA", "PRESIDENT"], "country": "KS", "links": ["http://inews24.com/view/2009652"], "confidence": 0.5, "tone": -4.98753117206983, "goldstein": -10.0, "mentions": 4}}, {"type": "Feature", "geometry": {"type": "Point", "coordinates": [80.75, 27.25]}, "properties": {"id": "gdelt-1325249756", "source": "gdelt", "event_type": "Fight", "sub_type": "CAMEO 190", "date": "2026-09-28", "title": "Fight — Uttar Pradesh, Uttar Pradesh, India", "description": "", "fatalities": null, "actors": ["WORKER", "POLICE"], "country": "IN", "links": ["https://www.divyabhaskar.co.in/national/news/cec-gyanesh-kumar-protest-agra-jaipur-ashok-gehlot-water-cannon-139176991.html"], "confidence": 0.8, "tone": -4.58333333333333, "goldstein": -10.0, "mentions": 10}}, {"type": "Feature", "geometry": {"type": "Point", "coordinates": [10.0, 62.0]}, "properties": {"id": "gdelt-1325249774", "source": "gdelt", "event_type": "Coerce", "sub_type": "CAMEO 173", "date": "2026-09-28", "title": "Coerce — Norway", "description": "", "fatalities": null, "actors": ["REPRESENTATIVES", "PRISON"], "country": "NO", "links": ["https://www.dagbladet.no/meninger/nok-en-skandale/85203415"], "confidence": 0.9, "tone": -2.74261603375528, "goldstein": -5.0, "mentions": 20}}, {"type": "Feature", "geometry": {"type": "Point", "coordinates": [-0.116667, 51.5]}, "properties": {"id": "gdelt-1325249790", "source": "gdelt", "event_type": "Coerce", "sub_type": "CAMEO 173", "date": "2026-09-28", "title": "Coerce — London, London, City of, United Kingdom", "description": "", "fatalities": null, "actors": ["CORRESPONDENT", "KINGDOM"], "country": "UK", "links": ["https://acento.com.do/rfi/reino-unido-investigan-el-papel-de-iran-en-un-plan-de-atentado-a-base-militar-9760446.html"], "confidence": 0.8, "tone": -5.71428571428572, "goldstein": -5.0, "mentions": 10}}, {"type": "Feature", "geometry": {"type": "Point", "coordinates": [100.0, 15.0]}, "properties": {"id": "gdelt-1325249800", "source": "gdelt", "event_type": "Protest", "sub_type": "CAMEO 145", "date": "2026-09-28", "title": "Protest — Thailand", "description": "", "fatalities": null, "actors": ["MEXICO"], "country": "TH", "links": ["https://www.excelsior.com.mx/nacional/mexico-segundo-lugar-venta-ilegal-fauna-por-facebook"], "confidence": 0.8, "tone": -1.70068027210885, "goldstein": -7.5, "mentions": 10}}, {"type": "Feature", "geometry": {"type": "Point", "coordinates": [-102.0, 23.0]}, "properties": {"id": "gdelt-1325249801", "source": "gdelt", "event_type": "Fight", "sub_type": "CAMEO 193", "date": "2026-09-28", "title": "Fight — Mexico", "description": "", "fatalities": null, "actors": ["MEXICO"], "country": "MX", "links": ["https://www.huffingtonpost.kr:443/article/260819"], "confidence": 0.8, "tone": 1.73913043478261, "goldstein": -10.0, "mentions": 10}}, {"type": "Feature", "geometry": {"type": "Point", "coordinates": [80.2833, 13.0833]}, "properties": {"id": "gdelt-1325249810", "source": "gdelt", "event_type": "Assault", "sub_type": "CAMEO 180", "date": "2026-09-28", "title": "Assault — Chennai, Tamil Nadu, India", "description": "", "fatalities": null, "actors": ["MILITARY"], "country": "IN", "links": ["https://www.livehindustan.com/business/gold-rate-today-sone-ka-bhav-in-delhi-uttar-pradesh-bihar-delhi-lucknow-patna-why-gold-price-fall-201790580772922.html"], "confidence": 0.8, "tone": 4.54545454545454, "goldstein": -9.0, "mentions": 10}}, {"type": "Feature", "geometry": {"type": "Point", "coordinates": [5.75, 52.5]}, "properties": {"id": "gdelt-1325249819", "source": "gdelt", "event_type": "Coerce", "sub_type": "CAMEO 173", "date": "2026-09-28", "title": "Coerce — Netherlands", "description": "", "fatalities": null, "actors": ["NETHERLANDS"], "country": "NL", "links": ["https://www.anwb.nl/auto/elektrisch-rijden/opladen/zo-laad-je-je-elektrische-auto-goedkoper-op?icp=home_collectionview_3_goedkoop-laden-tipsbetaalbaremobiliteit_najaar_2026"], "confidence": 0.8, "tone": -0.21834061135371, "goldstein": -5.0, "mentions": 10}}, {"type": "Feature", "geometry": {"type": "Point", "coordinates": [34.75, 31.5]}, "properties": {"id": "gdelt-1325249828", "source": "gdelt", "event_type": "Assault", "sub_type": "CAMEO 180", "date": "2026-09-28", "title": "Assault — Israel", "description": "", "fatalities": null, "actors": ["THE OPPOSITION"], "country": "IS", "links": ["https://www.liputan6.com/global/read/8301388/pm-israel-disebut-diam-diam-temui-presiden-uni-emirat-arab"], "confidence": 0.8, "tone": -3.42465753424657, "goldstein": -9.0, "mentions": 10}}, {"type": "Feature", "geometry": {"type": "Point", "coordinates": [9.2, 45.4667]}, "properties": {"id": "gdelt-1325249829", "source": "gdelt", "event_type": "Fight", "sub_type": "CAMEO 190", "date": "2026-09-28", "title": "Fight — Milan, Lombardia, Italy", "description": "", "fatalities": null, "actors": ["ACTIVIST"], "country": "IT", "links": ["https://www.greenme.it/lifestyle/moda/basta-pelle-di-coccodrillo-attivisti-peta-fanno-irruzione-nelle-fashion-week-di-tutto-il-mondo-milano-compresa/"], "confidence": 0.8, "tone": -4.16141235813367, "goldstein": -10.0, "mentions": 10}}, {"type": "Feature", "geometry": {"type": "Point", "coordinates": [9.2, 45.4667]}, "properties": {"id": "gdelt-1325249837", "source": "gdelt", "event_type": "Coerce", "sub_type": "CAMEO 1712", "date": "2026-09-28", "title": "Coerce — Milan, Lombardia, Italy", "description": "", "fatalities": null, "actors": ["POLE"], "country": "IT", "links": ["https://www.cataniatoday.it/social/segnalazioni/degrado-marciapiede-viale-vittorio-veneto-catania.html"], "confidence": 0.8, "tone": -6.09756097560976, "goldstein": -9.2, "mentions": 10}}, {"type": "Feature", "geometry": {"type": "Point", "coordinates": [18.02, 53.1271]}, "properties": {"id": "gdelt-1325249838", "source": "gdelt", "event_type": "Assault", "sub_type": "CAMEO 1821", "date": "2026-09-28", "title": "Assault — Bydgoszcz, Kujawsko-Pomorskie, Poland", "description": "", "fatalities": null, "actors": ["POLISH"], "country": "PL", "links": ["https://www.topagrar.pl/articles/polityka-rolna/ceny-zboz-przed-waznym-testem-jeden-sygnal-moze-zmienic-caly-rynek-2691513"], "confidence": 0.65, "tone": -1.20772946859903, "goldstein": -9.0, "mentions": 7}}, {"type": "Feature", "geometry": {"type": "Point", "coordinates": [25.0, 46.0]}, "properties": {"id": "gdelt-1325249839", "source": "gdelt", "event_type": "Assault", "sub_type": "CAMEO 1821", "date": "2026-09-28", "title": "Assault — Romania", "description": "", "fatalities": null, "actors": ["POLISH"], "country": "RO", "links": ["https://www.topagrar.pl/articles/polityka-rolna/ceny-zboz-przed-waznym-testem-jeden-sygnal-moze-zmienic-caly-rynek-2691513"], "confidence": 0.35, "tone": -1.20772946859903, "goldstein": -9.0, "mentions": 1}}, {"type": "Feature", "geometry": {"type": "Point", "coordinates": [25.0, 46.0]}, "properties": {"id": "gdelt-1325249840", "source": "gdelt", "event_type": "Assault", "sub_type": "CAMEO 1821", "date": "2026-09-28", "title": "Assault — Romania", "description": "", "fatalities": null, "actors": ["POLISH"], "country": "RO", "links": ["https://www.topagrar.pl/articles/polityka-rolna/ceny-zboz-przed-waznym-testem-jeden-sygnal-moze-zmienic-caly-rynek-2691513"], "confidence": 0.35, "tone": -1.20772946859903, "goldstein": -9.0, "mentions": 1}}, {"type": "Feature", "geometry": {"type": "Point", "coordinates": [32.0, 49.0]}, "properties": {"id": "gdelt-1325249841", "source": "gdelt", "event_type": "Assault", "sub_type": "CAMEO 1821", "date": "2026-09-28", "title": "Assault — Ukraine", "description": "", "fatalities": null, "actors": ["POLISH"], "country": "UP", "links": ["https://www.topagrar.pl/articles/polityka-rolna/ceny-zboz-przed-waznym-testem-jeden-sygnal-moze-zmienic-caly-rynek-2691513"], "confidence": 0.35, "tone": -1.20772946859903, "goldstein": -9.0, "mentions": 1}}, {"type": "Feature", "geometry": {"type": "Point", "coordinates": [138.0, 36.0]}, "properties": {"id": "gdelt-1325249843", "source": "gdelt", "event_type": "Fight", "sub_type": "CAMEO 193", "date": "2026-09-28", "title": "Fight — Japan", "description": "", "fatalities": null, "actors": ["NORTH KOREA"], "country": "JA", "links": ["https://www.hani.co.kr/arti/politics/politics_general/1279847.html"], "confidence": 0.5, "tone": -4.5016077170418, "goldstein": -10.0, "mentions": 4}}, {"type": "Feature", "geometry": {"type": "Point", "coordinates": [-77.0364, 38.8951]}, "properties": {"id": "gdelt-1325249855", "source": "gdelt", "event_type": "Coerce", "sub_type": "CAMEO 172", "date": "2026-09-28", "title": "Coerce — Washington, District of Columbia, United States", "description": "", "fatalities": null, "actors": ["POLITICIAN", "CHINESE"], "country": "US", "links": ["https://www.infobae.com/estados-unidos/2026/09/28/china-y-estados-unidos-acordaron-recortar-aranceles-sobre-importaciones-por-60000-millones-de-dolares/"], "confidence": 0.8, "tone": 0.12224938875305, "goldstein": -5.0, "mentions": 10}}, {"type": "Feature", "geometry": {"type": "Point", "coordinates": [25.0, 46.0]}, "properties": {"id": "gdelt-1325249869", "source": "gdelt", "event_type": "Fight", "sub_type": "CAMEO 190", "date": "2026-09-28", "title": "Fight — Romania", "description": "", "fatalities": null, "actors": ["ROMANIA"], "country": "RO", "links": ["https://ampress.ro/psd-respinge-categoric-guvernul-muresan-grindeanu-anunta-ca-noul-executiv-va-pica-la-vot/"], "confidence": 0.5, "tone": -1.97841726618705, "goldstein": -10.0, "mentions": 4}}, {"type": "Feature", "geometry": {"type": "Point", "coordinates": [19.82, 54.3797]}, "properties": {"id": "gdelt-1325249877", "source": "gdelt", "event_type": "Force posture", "sub_type": "CAMEO 150", "date": "2026-09-28", "title": "Force posture — Braniewo, Warminsko-Mazurskie, Poland", "description": "", "fatalities": null, "actors": ["RUSSIAN", "POLISH"], "country": "PL", "links": ["https://dorzeczy.pl/opinie/949426/mon-zmienia-procedury-wojsko-bedzie-stracac-rosyjskie-drony.html"], "confidence": 0.6000000000000001, "tone": -5.26315789473684, "goldstein": -7.2, "mentions": 6}}, {"type": "Feature", "geometry": {"type": "Point", "coordinates": [100.0, 60.0]}, "properties": {"id": "gdelt-1325249878", "source": "gdelt", "event_type": "Force posture", "sub_type": "CAMEO 150", "date": "2026-09-28", "title": "Force posture — Russia", "description": "", "fatalities": null, "actors": ["RUSSIA", "POLAND"], "country": "RS", "links": ["https://dorzeczy.pl/opinie/949426/mon-zmienia-procedury-wojsko-bedzie-stracac-rosyjskie-drony.html"], "confidence": 0.4, "tone": -5.26315789473684, "goldstein": -7.2, "mentions": 2}}, {"type": "Feature", "geometry": {"type": "Point", "coordinates": [-4.0, 54.0]}, "properties": {"id": "gdelt-1325249921", "source": "gdelt", "event_type": "Assault", "sub_type": "CAMEO 180", "date": "2026-09-28", "title": "Assault — United Kingdom", "description": "", "fatalities": null, "actors": ["TERRORIST"], "country": "UK", "links": ["https://www.almasryalyoum.com/news/details/4369831"], "confidence": 0.8, "tone": -7.14285714285715, "goldstein": -9.0, "mentions": 10}}, {"type": "Feature", "geometry": {"type": "Point", "coordinates": [39.4753, 13.4967]}, "properties": {"id": "gdelt-1325249922", "source": "gdelt", "event_type": "Fight", "sub_type": "CAMEO 190", "date": "2026-09-28", "title": "Fight — Makalle, Tigray, Ethiopia", "description": "", "fatalities": null, "actors": ["MILITIA"], "country": "ET", "links": ["https://fr.allafrica.com/stories/202609280125.html"], "confidence": 0.8, "tone": -2.0033388981636, "goldstein": -10.0, "mentions": 10}}, {"type": "Feature", "geometry": {"type": "Point", "coordinates": [34.75, 31.5]}, "properties": {"id": "gdelt-1325249923", "source": "gdelt", "event_type": "Fight", "sub_type": "CAMEO 190", "date": "2026-09-28", "title": "Fight — Israel", "description": "", "fatalities": null, "actors": ["MILITIA"], "country": "IS", "links": ["https://www.diariosigloxxi.com/texto-diario/mostrar/6030836/reconstruir-gaza-puede-costar-71-000-millones-dolares"], "confidence": 0.8, "tone": -4.16088765603328, "goldstein": -10.0, "mentions": 10}}, {"type": "Feature", "geometry": {"type": "Point", "coordinates": [34.8003, 50.9216]}, "properties": {"id": "gdelt-1325249924", "source": "gdelt", "event_type": "Fight", "sub_type": "CAMEO 190", "date": "2026-09-28", "title": "Fight — Sumy, Sums'ka Oblast', Ukraine", "description": "", "fatalities": null, "actors": ["FIGHTER", "VILLAGE"], "country": "UP", "links": ["https://fakty.ua/479381-dlya-nas-on-navsegda-ostanetsya-geroem-istoriya-27-letnego-mladshego-serzhanta-otdavshego-zhizn-za-ukrainu"], "confidence": 0.8, "tone": -0.2710027100271, "goldstein": -10.0, "mentions": 10}}, {"type": "Feature", "geometry": {"type": "Point", "coordinates": [100.0, 60.0]}, "properties": {"id": "gdelt-1325249930", "source": "gdelt", "event_type": "Assault", "sub_type": "CAMEO 180", "date": "2026-09-28", "title": "Assault — Russia", "description": "", "fatalities": null, "actors": ["UKRAINIAN"], "country": "RS", "links": ["https://www.tportal.hr/vijesti/clanak/cijele-skupine-rusa-zavrsile-u-zarobljenistvu-pogledajte-snimke-20260928"], "confidence": 0.8, "tone": -5.26315789473684, "goldstein": -9.0, "mentions": 10}}, {"type": "Feature", "geometry": {"type": "Point", "coordinates": [2.0, 46.0]}, "properties": {"id": "gdelt-1325249931", "source": "gdelt", "event_type": "Assault", "sub_type": "CAMEO 1821", "date": "2026-09-28", "title": "Assault — France", "description": "", "fatalities": null, "actors": ["UKRAINIAN"], "country": "FR", "links": ["https://www.topagrar.pl/articles/polityka-rolna/ceny-zboz-przed-waznym-testem-jeden-sygnal-moze-zmienic-caly-rynek-2691513"], "confidence": 0.35, "tone": -1.20772946859903, "goldstein": -9.0, "mentions": 1}}, {"type": "Feature", "geometry": {"type": "Point", "coordinates": [25.0, 46.0]}, "properties": {"id": "gdelt-1325249932", "source": "gdelt", "event_type": "Assault", "sub_type": "CAMEO 1821", "date": "2026-09-28", "title": "Assault — Romania", "description": "", "fatalities": null, "actors": ["UKRAINIAN"], "country": "RO", "links": ["https://www.topagrar.pl/articles/polityka-rolna/ceny-zboz-przed-waznym-testem-jeden-sygnal-moze-zmienic-caly-rynek-2691513"], "confidence": 0.65, "tone": -1.20772946859903, "goldstein": -9.0, "mentions": 7}}, {"type": "Feature", "geometry": {"type": "Point", "coordinates": [37.5998, 49.7209]}, "properties": {"id": "gdelt-1325249933", "source": "gdelt", "event_type": "Fight", "sub_type": "CAMEO 190", "date": "2026-09-28", "title": "Fight — Kupyansk, Kharkivs'ka Oblast', Ukraine", "description": "", "fatalities": null, "actors": ["UKRAINE"], "country": "UP", "links": ["https://war.obozrevatel.com/ukr/section-war/news-vykorystaly-yak-zhyvyy-shchyt-okupanty-na-kharkivshchyni-vykraly-tsyvilnykh-i-pohnaly-yikh-cherez-hazovu-trubu-do-rosiyi-khartiya-28-09-2026.html"], "confidence": 0.4, "tone": -4.29594272076372, "goldstein": -10.0, "mentions": 2}}, {"type": "Feature", "geometry": {"type": "Point", "coordinates": [32.0, 49.0]}, "properties": {"id": "gdelt-1325249935", "source": "gdelt", "event_type": "Fight", "sub_type": "CAMEO 190", "date": "2026-09-28", "title": "Fight — Ukraine", "description": "", "fatalities": null, "actors": ["UKRAINIAN", "VILLAGE"], "country": "UP", "links": ["https://www.tportal.hr/vijesti/clanak/cijele-skupine-rusa-zavrsile-u-zarobljenistvu-pogledajte-snimke-20260928"], "confidence": 0.6000000000000001, "tone": -5.26315789473684, "goldstein": -10.0, "mentions": 6}}, {"type": "Feature", "geometry": {"type": "Point", "coordinates": [32.0, 49.0]}, "properties": {"id": "gdelt-1325249941", "source": "gdelt", "event_type": "Fight", "sub_type": "CAMEO 190", "date": "2026-09-28", "title": "Fight — Ukraine", "description": "", "fatalities": null, "actors": ["UKRAINIAN", "UKRAINE"], "country": "UP", "links": ["https://fakti.bg/world/1084479-zelenski-ukraina-e-nanesla-udari-po-ruski-petrolni-i-otbranitelni-obekti"], "confidence": 0.5, "tone": -3.7037037037037, "goldstein": -10.0, "mentions": 4}}, {"type": "Feature", "geometry": {"type": "Point", "coordinates": [32.0, 49.0]}, "properties": {"id": "gdelt-1325249945", "source": "gdelt", "event_type": "Fight", "sub_type": "CAMEO 190", "date": "2026-09-28", "title": "Fight — Ukraine", "description": "", "fatalities": null, "actors": ["UKRAINIAN"], "country": "UP", "links": ["https://fakti.bg/world/1084479-zelenski-ukraina-e-nanesla-udari-po-ruski-petrolni-i-otbranitelni-obekti"], "confidence": 0.6000000000000001, "tone": -3.7037037037037, "goldstein": -10.0, "mentions": 6}}, {"type": "Feature", "geometry": {"type": "Point", "coordinates": [-0.116667, 51.5]}, "properties": {"id": "gdelt-1325249968", "source": "gdelt", "event_type": "Coerce", "sub_type": "CAMEO 173", "date": "2026-09-28", "title": "Coerce — London, London, City of, United Kingdom", "description": "", "fatalities": null, "actors": ["UNITED STATES", "UNITED KINGDOM"], "country": "UK", "links": ["https://www.iefimerida.gr/kosmos/synagermos-ton-ipa-sti-bretania-ayximeni-prosohi-stoys-amerikanoys-polites"], "confidence": 0.4, "tone": -1.50602409638554, "goldstein": -5.0, "mentions": 2}}, {"type": "Feature", "geometry": {"type": "Point", "coordinates": [-0.116667, 51.5]}, "properties": {"id": "gdelt-1325249970", "source": "gdelt", "event_type": "Coerce", "sub_type": "CAMEO 173", "date": "2026-09-28", "title": "Coerce — London, London, City of, United Kingdom", "description": "", "fatalities": null, "actors": ["AMERICAN", "LONDON"], "country": "UK", "links": ["https://www.iefimerida.gr/kosmos/synagermos-ton-ipa-sti-bretania-ayximeni-prosohi-stoys-amerikanoys-polites"], "confidence": 0.5, "tone": -1.50602409638554, "goldstein": -5.0, "mentions": 4}}, {"type": "Feature", "geometry": {"type": "Point", "coordinates": [-0.116667, 51.5]}, "properties": {"id": "gdelt-1325249971", "source": "gdelt", "event_type": "Coerce", "sub_type": "CAMEO 173", "date": "2026-09-28", "title": "Coerce — London, London, City of, United Kingdom", "description": "", "fatalities": null, "actors": ["UNITED STATES", "UNITED KINGDOM"], "country": "UK", "links": ["https://www.iefimerida.gr/kosmos/synagermos-ton-ipa-sti-bretania-ayximeni-prosohi-stoys-amerikanoys-polites"], "confidence": 0.4, "tone": -1.50602409638554, "goldstein": -5.0, "mentions": 2}}, {"type": "Feature", "geometry": {"type": "Point", "coordinates": [-3.68333, 40.4]}, "properties": {"id": "gdelt-1325250977", "source": "gdelt", "event_type": "Fight", "sub_type": "CAMEO 190", "date": "2026-09-28", "title": "Fight — Madrid, Madrid, Spain", "description": "", "fatalities": null, "actors": ["POLICE"], "country": "SP", "links": ["https://www.lifo.gr/now/world/ispania-triti-imera-diamartyrion-sti-madriti-meta-tin-exosi-87hronis"], "confidence": 0.8, "tone": -4.25055928411633, "goldstein": -10.0, "mentions": 10}}, {"type": "Feature", "geometry": {"type": "Point", "coordinates": [12.833333, 42.833333]}, "properties": {"id": "gdelt-1325251007", "source": "gdelt", "event_type": "Protest", "sub_type": "CAMEO 140", "date": "2026-09-28", "title": "Protest — Italy", "description": "", "fatalities": null, "actors": ["MINISTRY"], "country": "IT", "links": ["https://www.kathimerini.com.cy/gr/oikonomiki/oikonomia/ypoik-neo-paketo-metron-kata-tis-akribeias-sto-epomeno-ypoyrgiko"], "confidence": 0.9, "tone": -2.82636514752156, "goldstein": -6.5, "mentions": 40}}, {"type": "Feature", "geometry": {"type": "Point", "coordinates": [30.0, 27.0]}, "properties": {"id": "gdelt-1325251019", "source": "gdelt", "event_type": "Protest", "sub_type": "CAMEO 140", "date": "2026-09-28", "title": "Protest — Egypt", "description": "", "fatalities": null, "actors": ["ISRAEL"], "country": "EG", "links": ["https://www.lykavitos.gr/news/opinion/i-grothia-tou-netaniaxou"], "confidence": 0.4, "tone": -2.17391304347826, "goldstein": -6.5, "mentions": 2}}, {"type": "Feature", "geometry": {"type": "Point", "coordinates": [30.0, 27.0]}, "properties": {"id": "gdelt-1325251020", "source": "gdelt", "event_type": "Protest", "sub_type": "CAMEO 140", "date": "2026-09-28", "title": "Protest — Egypt", "description": "", "fatalities": null, "actors": ["ISRAEL"], "country": "EG", "links": ["https://www.lykavitos.gr/news/opinion/i-grothia-tou-netaniaxou"], "confidence": 0.4, "tone": -2.17391304347826, "goldstein": -6.5, "mentions": 2}}, {"type": "Feature", "geometry": {"type": "Point", "coordinates": [34.75, 31.5]}, "properties": {"id": "gdelt-1325251021", "source": "gdelt", "event_type": "Protest", "sub_type": "CAMEO 140", "date": "2026-09-28", "title": "Protest — Israel", "description": "", "fatalities": null, "actors": ["ISRAEL"], "country": "IS", "links": ["https://www.lykavitos.gr/news/opinion/i-grothia-tou-netaniaxou"], "confidence": 0.6000000000000001, "tone": -2.17391304347826, "goldstein": -6.5, "mentions": 6}}, {"type": "Feature", "geometry": {"type": "Point", "coordinates": [37.6156, 55.7522]}, "properties": {"id": "gdelt-1325251044", "source": "gdelt", "event_type": "Coerce", "sub_type": "CAMEO 173", "date": "2026-09-28", "title": "Coerce — Moscow, Moskva, Russia", "description": "", "fatalities": null, "actors": ["CARRIER"], "country": "RS", "links": ["https://vm.ru/news/1361734-kurera-moshennikov-osudili-v-naro-fominske-za-obman-muzhchiny-na-12-millionov"], "confidence": 0.8, "tone": -12.258064516129, "goldstein": -5.0, "mentions": 10}}, {"type": "Feature", "geometry": {"type": "Point", "coordinates": [20.0339, 40.5456]}, "properties": {"id": "gdelt-1325251078", "source": "gdelt", "event_type": "Coerce", "sub_type": "CAMEO 173", "date": "2026-09-28", "title": "Coerce — Veliaj, Berat, Albania", "description": "", "fatalities": null, "actors": ["ALBANIAN"], "country": "AL", "links": ["https://kohajone.com/aktualitet/media-italiane-rasti-veliaj-drejtesia-shqiptare-nen-lupe-rasti-qe-ve-ne-veshtiresi-melonin/"], "confidence": 0.7, "tone": -4.81927710843374, "goldstein": -5.0, "mentions": 8}}, {"type": "Feature", "geometry": {"type": "Point", "coordinates": [-97.6475, 31.106]}, "properties": {"id": "gdelt-1325251146", "source": "gdelt", "event_type": "Fight", "sub_type": "CAMEO 193", "date": "2026-09-28", "title": "Fight — Texas, United States", "description": "", "fatalities": null, "actors": ["BUSINESS", "ADMINISTRATION"], "country": "US", "links": ["https://www.inewsgr.com/239/to-mega-stoichima-tis-SpaceX-ton-2-tris-dolarion-i-trochiaki-ptisi-tou-Starship-kai-oi-neoi-doryforoi.htm"], "confidence": 0.8, "tone": 0.863309352517984, "goldstein": -10.0, "mentions": 10}}, {"type": "Feature", "geometry": {"type": "Point", "coordinates": [-96.0, 60.0]}, "properties": {"id": "gdelt-1325251153", "source": "gdelt", "event_type": "Assault", "sub_type": "CAMEO 180", "date": "2026-09-28", "title": "Assault — Canada", "description": "", "fatalities": null, "actors": ["CANADA", "PUNJABI"], "country": "CA", "links": ["https://globalpunjabtv.com/mississauga-stabbing-punjabi-man-jagjit-singh-sandhu-dies-after-neck-attack/"], "confidence": 0.8, "tone": -4.74040632054176, "goldstein": -9.0, "mentions": 10}}, {"type": "Feature", "geometry": {"type": "Point", "coordinates": [118.082, 24.4798]}, "properties": {"id": "gdelt-1325251158", "source": "gdelt", "event_type": "Protest", "sub_type": "CAMEO 141", "date": "2026-09-28", "title": "Protest — Xiamen, Fujian, China", "description": "", "fatalities": null, "actors": ["CHINESE"], "country": "CH", "links": ["https://tibet.fr/actualites/la-chine-bricole-une-prouesse-dingenierie-folle-pour-construire-le-futur-plus-haut-barrage-du-monde/"], "confidence": 0.8, "tone": 0.18148820326679, "goldstein": -6.5, "mentions": 10}}, {"type": "Feature", "geometry": {"type": "Point", "coordinates": [105.0, 35.0]}, "properties": {"id": "gdelt-1325251159", "source": "gdelt", "event_type": "Coerce", "sub_type": "CAMEO 1721", "date": "2026-09-28", "title": "Coerce — China", "description": "", "fatalities": null, "actors": ["CHINA"], "country": "CH", "links": ["https://www.fnnews.com/news/202609281606383498"], "confidence": 0.8, "tone": -2.77777777777778, "goldstein": -5.0, "mentions": 10}}, {"type": "Feature", "geometry": {"type": "Point", "coordinates": [105.0, 35.0]}, "properties": {"id": "gdelt-1325251160", "source": "gdelt", "event_type": "Assault", "sub_type": "CAMEO 1822", "date": "2026-09-28", "title": "Assault — China", "description": "", "fatalities": null, "actors": ["CHINA"], "country": "CH", "links": ["https://www.sangbadpratidin.in/world/chinas-crimes-against-humanity-targeting-uyghurs-and-other-turkic-muslims/pid/1360066/"], "confidence": 0.8, "tone": -6.81198910081744, "goldstein": -9.0, "mentions": 10}}, {"type": "Feature", "geometry": {"type": "Point", "coordinates": [45.75, 41.75]}, "properties": {"id": "gdelt-1325251184", "source": "gdelt", "event_type": "Coerce", "sub_type": "CAMEO 173", "date": "2026-09-28", "title": "Coerce — Kakheti, Georgia (general), Georgia", "description": "", "fatalities": null, "actors": ["PRISON"], "country": "GG", "links": ["https://sputnik-georgia.ru/20260928/v-gruzii-zaderzhana-babushka-prinudivshaya-vnuchku-k-braku--300842381.html"], "confidence": 0.8, "tone": -12.0567375886525, "goldstein": -5.0, "mentions": 10}}, {"type": "Feature", "geometry": {"type": "Point", "coordinates": [-3.68333, 40.4]}, "properties": {"id": "gdelt-1325251185", "source": "gdelt", "event_type": "Fight", "sub_type": "CAMEO 190", "date": "2026-09-28", "title": "Fight — Madrid, Madrid, Spain", "description": "", "fatalities": null, "actors": ["POLICE"], "country": "SP", "links": ["https://www.lifo.gr/now/world/ispania-triti-imera-diamartyrion-sti-madriti-meta-tin-exosi-87hronis"], "confidence": 0.8, "tone": -4.25055928411633, "goldstein": -10.0, "mentions": 10}}, {"type": "Feature", "geometry": {"type": "Point", "coordinates": [-0.116667, 51.5]}, "properties": {"id": "gdelt-1325251193", "source": "gdelt", "event_type": "Force posture", "sub_type": "CAMEO 154", "date": "2026-09-28", "title": "Force posture — London, London, City of, United Kingdom", "description": "", "fatalities": null, "actors": ["POLICE", "SCHOOL"], "country": "UK", "links": ["https://www.lavanguardia.com/local/barcelona/20260928/11645645/detenida-menor-14-anos-barcelona-amenazar-muerte-companeros-escuela.html"], "confidence": 0.8, "tone": -4.23076923076923, "goldstein": -7.2, "mentions": 10}}, {"type": "Feature", "geometry": {"type": "Point", "coordinates": [106.829, -6.17444]}, "properties": {"id": "gdelt-1325251194", "source": "gdelt", "event_type": "Coerce", "sub_type": "CAMEO 173", "date": "2026-09-28", "title": "Coerce — Jakarta, Jakarta Raya, Indonesia", "description": "", "fatalities": null, "actors": ["PRISON", "JAKARTA"], "country": "ID", "links": ["https://www.jawapos.com/kasuistika/2609280387/2-napi-korupsi-timah-ada-di-fasilitas-mewah-lapas-cibinong-saat-disidak-ombudsman"], "confidence": 0.9, "tone": -7.3732718894009, "goldstein": -5.0, "mentions": 20}}, {"type": "Feature", "geometry": {"type": "Point", "coordinates": [105.0, 13.0]}, "properties": {"id": "gdelt-1325251221", "source": "gdelt", "event_type": "Fight", "sub_type": "CAMEO 190", "date": "2026-09-28", "title": "Fight — Cambodia", "description": "", "fatalities": null, "actors": ["SETTLEMENT"], "country": "CB", "links": ["https://www.haberler.com/guncel/asya-da-asiri-yagislar-sel-ve-ciglarla-can-kaybini-20278273-haberi/"], "confidence": 0.8, "tone": -6.53495440729483, "goldstein": -10.0, "mentions": 10}}, {"type": "Feature", "geometry": {"type": "Point", "coordinates": [45.6265, 38.499]}, "properties": {"id": "gdelt-1325251222", "source": "gdelt", "event_type": "Coerce", "sub_type": "CAMEO 172", "date": "2026-09-28", "title": "Coerce — March It, Az¯arbayjan-e Sharqi, Iran", "description": "", "fatalities": null, "actors": ["RESIDENTS", "RESIDENTS"], "country": "IR", "links": ["https://top-channel.tv/2026/09/28/telefonata-qe-ndali-terroristet-deshmia-e-fermerit-pashe-grupin-me-burra-te-maskuar-afer-bazes-se-usa/"], "confidence": 0.8, "tone": -7.14285714285714, "goldstein": -5.0, "mentions": 10}}, {"type": "Feature", "geometry": {"type": "Point", "coordinates": [-3.5992, 37.1784]}, "properties": {"id": "gdelt-1325251232", "source": "gdelt", "event_type": "Fight", "sub_type": "CAMEO 193", "date": "2026-09-28", "title": "Fight — Granada, AndalucíSP, Spain", "description": "", "fatalities": null, "actors": ["COMMUNITY", "STUDENT"], "country": "SP", "links": ["https://www.lasexta.com/noticias/internacional/violencia-continua-morelos-dos-alumnos-son-asesinados-ataque-armado_202609286aba1c4aa520494aafd844e5.html"], "confidence": 0.4, "tone": -9.13705583756345, "goldstein": -10.0, "mentions": 2}}, {"type": "Feature", "geometry": {"type": "Point", "coordinates": [33.0, 35.0]}, "properties": {"id": "gdelt-1325251235", "source": "gdelt", "event_type": "Fight", "sub_type": "CAMEO 190", "date": "2026-09-28", "title": "Fight — Cyprus", "description": "", "fatalities": null, "actors": ["CYPRUS", "CYPRUS"], "country": "CY", "links": ["https://www.sigmalive.com/news/politics/1331178/amx-30b2-giati-i-ef-ta-diatiri-mekhri-tin-antikatastasi-toys"], "confidence": 0.8, "tone": -2.96803652968037, "goldstein": -10.0, "mentions": 10}}, {"type": "Feature", "geometry": {"type": "Point", "coordinates": [34.75, 31.5]}, "properties": {"id": "gdelt-1325251237", "source": "gdelt", "event_type": "Fight", "sub_type": "CAMEO 190", "date": "2026-09-28", "title": "Fight — Israel", "description": "", "fatalities": null, "actors": ["CYPRUS", "CYPRUS"], "country": "IS", "links": ["https://www.sigmalive.com/news/politics/1331178/amx-30b2-giati-i-ef-ta-diatiri-mekhri-tin-antikatastasi-toys"], "confidence": 0.8, "tone": -2.96803652968037, "goldstein": -10.0, "mentions": 10}}, {"type": "Feature", "geometry": {"type": "Point", "coordinates": [-98.5795, 39.828175]}, "properties": {"id": "gdelt-1325251241", "source": "gdelt", "event_type": "Fight", "sub_type": "CAMEO 193", "date": "2026-09-28", "title": "Fight — United States", "description": "", "fatalities": null, "actors": ["GERMAN"], "country": "US", "links": ["https://www.mk.ru/politics/2026/09/28/ad-babego-yara-ubiv-tysyachi-lyudey-nacisty-odnovremenno-s-evreyskim-reshali-i-kvartirnyy-vopros.html"], "confidence": 0.7, "tone": -4.95049504950495, "goldstein": -10.0, "mentions": 8}}, {"type": "Feature", "geometry": {"type": "Point", "coordinates": [10.5, 51.5]}, "properties": {"id": "gdelt-1325251244", "source": "gdelt", "event_type": "Fight", "sub_type": "CAMEO 190", "date": "2026-09-28", "title": "Fight — Germany", "description": "", "fatalities": null, "actors": ["GERMAN", "PRIEST"], "country": "GM", "links": ["https://pch24.pl/wiadomosci/bolonia-trzej-kaplani-zamordowani-przez-ss-zostali-beatyfikowani,736294"], "confidence": 0.7, "tone": -0.75187969924812, "goldstein": -10.0, "mentions": 8}}, {"type": "Feature", "geometry": {"type": "Point", "coordinates": [-4.0, 54.0]}, "properties": {"id": "gdelt-1325251262", "source": "gdelt", "event_type": "Assault", "sub_type": "CAMEO 1821", "date": "2026-09-28", "title": "Assault — United Kingdom", "description": "", "fatalities": null, "actors": ["UNIVERSITY"], "country": "UK", "links": ["https://www.sangbadpratidin.in/india/lpu-students-says-they-were-forced-to-deny-harassment-claims/pid/1359591/"], "confidence": 0.9, "tone": -6.70731707317074, "goldstein": -9.0, "mentions": 20}}, {"type": "Feature", "geometry": {"type": "Point", "coordinates": [2.0, 46.0]}, "properties": {"id": "gdelt-1325251274", "source": "gdelt", "event_type": "Fight", "sub_type": "CAMEO 193", "date": "2026-09-28", "title": "Fight — France", "description": "", "fatalities": null, "actors": ["ACTOR", "FRANCE"], "country": "FR", "links": ["https://www.sudouest.fr:443/charente-maritime/mornac-sur-seudre/avec-bruno-solo-au-casting-de-son-nouveau-court-metrage-tourne-a-mornac-sur-seudre-le-realisateur-royannais-maximilien-bert-pallier-franchit-un-cap-30668386.php"], "confidence": 0.5, "tone": 0.45248868778281, "goldstein": -10.0, "mentions": 4}}, {"type": "Feature", "geometry": {"type": "Point", "coordinates": [-4.0, 54.0]}, "properties": {"id": "gdelt-1325251285", "source": "gdelt", "event_type": "Coerce", "sub_type": "CAMEO 173", "date": "2026-09-28", "title": "Coerce — United Kingdom", "description": "", "fatalities": null, "actors": ["SPANISH", "SPANISH"], "country": "UK", "links": ["https://gazeta-shqip.com/lifestyle/i-hetuar-per-vrasje-i-biri-zbulon-mashtrimin-14-milione-paund-te-babait/"], "confidence": 0.8, "tone": -11.0687022900764, "goldstein": -5.0, "mentions": 10}}, {"type": "Feature", "geometry": {"type": "Point", "coordinates": [2.33333, 48.8667]}, "properties": {"id": "gdelt-1325251297", "source": "gdelt", "event_type": "Protest", "sub_type": "CAMEO 141", "date": "2026-09-28", "title": "Protest — Paris, France (general), France", "description": "", "fatalities": null, "actors": ["EUROPE"], "country": "FR", "links": ["https://pch24.pl/wiadomosci/bp-rob-mutsaerts-kosciol-i-gilotyna-wiara-ktora-chciano-zabic-znowu-zyje,736296"], "confidence": 0.8, "tone": -0.24691358024691, "goldstein": -6.5, "mentions": 10}}, {"type": "Feature", "geometry": {"type": "Point", "coordinates": [-4.0, 54.0]}, "properties": {"id": "gdelt-1325251327", "source": "gdelt", "event_type": "Fight", "sub_type": "CAMEO 190", "date": "2026-09-28", "title": "Fight — United Kingdom", "description": "", "fatalities": null, "actors": ["UNITED KINGDOM", "MILITARY"], "country": "UK", "links": ["https://top-channel.tv/2026/09/28/telefonata-qe-ndali-terroristet-deshmia-e-fermerit-pashe-grupin-me-burra-te-maskuar-afer-bazes-se-usa/"], "confidence": 0.8, "tone": -7.14285714285714, "goldstein": -10.0, "mentions": 10}}, {"type": "Feature", "geometry": {"type": "Point", "coordinates": [45.6265, 38.499]}, "properties": {"id": "gdelt-1325251328", "source": "gdelt", "event_type": "Fight", "sub_type": "CAMEO 190", "date": "2026-09-28", "title": "Fight — March It, Az¯arbayjan-e Sharqi, Iran", "description": "", "fatalities": null, "actors": ["UNITED KINGDOM", "FARMER"], "country": "IR", "links": ["https://top-channel.tv/2026/09/28/telefonata-qe-ndali-terroristet-deshmia-e-fermerit-pashe-grupin-me-burra-te-maskuar-afer-bazes-se-usa/"], "confidence": 0.8, "tone": -7.14285714285714, "goldstein": -10.0, "mentions": 10}}, {"type": "Feature", "geometry": {"type": "Point", "coordinates": [-68.3, -54.8]}, "properties": {"id": "gdelt-1325251353", "source": "gdelt", "event_type": "Fight", "sub_type": "CAMEO 192", "date": "2026-09-28", "title": "Fight — Ushuaia, Tierra del Fuego, Antáida e Islas del Atláico Sur, Argentina", "description": "", "fatalities": null, "actors": ["GOVERNMENT"], "country": "AR", "links": ["https://www.biobiochile.cl/noticias/nacional/chile/2026/09/28/nuevas-bases-cazas-y-mas-tropas-el-ambicioso-plan-de-chile-para-reforzar-poderio-frente-a-argentina.shtml"], "confidence": 0.8, "tone": 0.66145520144317, "goldstein": -9.5, "mentions": 10}}, {"type": "Feature", "geometry": {"type": "Point", "coordinates": [37.6156, 55.7522]}, "properties": {"id": "gdelt-1325251380", "source": "gdelt", "event_type": "Fight", "sub_type": "CAMEO 190", "date": "2026-09-28", "title": "Fight — Moscow, Moskva, Russia", "description": "", "fatalities": null, "actors": ["PRESIDENT", "ARMY"], "country": "RS", "links": ["https://www.tt.com/artikel/30943245/erneut-mehrere-tote-bei-russischen-angriffen-in-der-ukraine"], "confidence": 0.8, "tone": -6.86868686868687, "goldstein": -10.0, "mentions": 10}}, {"type": "Feature", "geometry": {"type": "Point", "coordinates": [13.4, 52.5167]}, "properties": {"id": "gdelt-1325251386", "source": "gdelt", "event_type": "Coerce", "sub_type": "CAMEO 172", "date": "2026-09-28", "title": "Coerce — Berlin, Berlin, Germany", "description": "", "fatalities": null, "actors": ["AUTHORITIES", "RUSSIAN"], "country": "GM", "links": ["https://vm.ru/news/1361747-bild-nemeckie-specsluzhby-usilili-slezhku-za-posolstvom-rossii-v-berline"], "confidence": 0.8, "tone": -1.5, "goldstein": -5.0, "mentions": 10}}, {"type": "Feature", "geometry": {"type": "Point", "coordinates": [98.0, 22.0]}, "properties": {"id": "gdelt-1325251409", "source": "gdelt", "event_type": "Force posture", "sub_type": "CAMEO 150", "date": "2026-09-28", "title": "Force posture — Myanmar", "description": "", "fatalities": null, "actors": ["MILITARY GOVERNMENT"], "country": "BM", "links": ["https://www.lavanguardia.com/internacional/20260928/11645551/severas-inundaciones-tailandia-birmania-dejan-21-fallecidos.html"], "confidence": 0.8, "tone": -6.16113744075829, "goldstein": -7.2, "mentions": 10}}, {"type": "Feature", "geometry": {"type": "Point", "coordinates": [-55.0, -10.0]}, "properties": {"id": "gdelt-1325251410", "source": "gdelt", "event_type": "Coerce", "sub_type": "CAMEO 172", "date": "2026-09-28", "title": "Coerce — Brazil", "description": "", "fatalities": null, "actors": ["MILITARY GOVERNMENT"], "country": "BR", "links": ["https://www.dgabc.com.br/Noticia/4349422/-roque-santeiro-sera-reexibida-pela-globo-a-partir-de-outubro"], "confidence": 0.8, "tone": -2.26415094339623, "goldstein": -5.0, "mentions": 10}}, {"type": "Feature", "geometry": {"type": "Point", "coordinates": [23.5833, 38.0667]}, "properties": {"id": "gdelt-1325251417", "source": "gdelt", "event_type": "Protest", "sub_type": "CAMEO 141", "date": "2026-09-28", "title": "Protest — Aspropyrgos, Perifereia Attikis, Greece", "description": "", "fatalities": null, "actors": ["ATHENS"], "country": "GR", "links": ["https://www.lykavitos.gr/news/politics/xrysoxoidis-mikri-veltiosi-sto-kykloforiako-meta-tin-parousia-tis-omadas-komvos-stous-dr"], "confidence": 0.6000000000000001, "tone": -1.77824267782427, "goldstein": -6.5, "mentions": 6}}, {"type": "Feature", "geometry": {"type": "Point", "coordinates": [77.2, 28.6]}, "properties": {"id": "gdelt-1325251448", "source": "gdelt", "event_type": "Fight", "sub_type": "CAMEO 193", "date": "2026-09-28", "title": "Fight — New Delhi, Delhi, India", "description": "", "fatalities": null, "actors": ["GUJARAT", "DALIT"], "country": "IN", "links": ["https://www.saamana.com/mallikarjun-kharge-slams-bjp-government-over-pravesh-verme-beating-youth/"], "confidence": 0.8, "tone": -4.6242774566474, "goldstein": -10.0, "mentions": 10}}, {"type": "Feature", "geometry": {"type": "Point", "coordinates": [52.5388, 29.6036]}, "properties": {"id": "gdelt-1325251461", "source": "gdelt", "event_type": "Fight", "sub_type": "CAMEO 190", "date": "2026-09-28", "title": "Fight — Shiraz, Fars, Iran", "description": "", "fatalities": null, "actors": ["SHIRAZ"], "country": "IR", "links": ["https://www.sangbadpratidin.in/bengal/40-families-returned-to-their-village-after-17-years-in-nanur-following-calcutta-high-court-order/pid/1360007/"], "confidence": 0.7, "tone": -6.98529411764706, "goldstein": -10.0, "mentions": 8}}, {"type": "Feature", "geometry": {"type": "Point", "coordinates": [51.5148, 35.75]}, "properties": {"id": "gdelt-1325251467", "source": "gdelt", "event_type": "Fight", "sub_type": "CAMEO 190", "date": "2026-09-28", "title": "Fight — Tehran, Tehran, Iran", "description": "", "fatalities": null, "actors": ["TEHRAN", "WASHINGTON"], "country": "IR", "links": ["https://www.novosti.rs/planeta/svet/1653450/americki-racun-sukob-iranom-iznos-koji-otvara-veliko-pitanje"], "confidence": 0.7, "tone": -6.12244897959184, "goldstein": -10.0, "mentions": 8}}, {"type": "Feature", "geometry": {"type": "Point", "coordinates": [53.0, 32.0]}, "properties": {"id": "gdelt-1325251474", "source": "gdelt", "event_type": "Fight", "sub_type": "CAMEO 195", "date": "2026-09-28", "title": "Fight — Iran", "description": "", "fatalities": null, "actors": ["IRAN", "EUROPE"], "country": "IR", "links": ["https://www.kmib.co.kr/article/view.asp?arcid=9000017903&code=11141100&sid1=int"], "confidence": 0.8, "tone": -8.87850467289718, "goldstein": -10.0, "mentions": 10}}, {"type": "Feature", "geometry": {"type": "Point", "coordinates": [34.7667, 32.0667]}, "properties": {"id": "gdelt-1325251486", "source": "gdelt", "event_type": "Fight", "sub_type": "CAMEO 190", "date": "2026-09-28", "title": "Fight — Tel Aviv, Tel Aviv, Israel", "description": "", "fatalities": null, "actors": ["ISRAEL", "ARMY"], "country": "IS", "links": ["https://haqqin.az/newsarchive/394096"], "confidence": 0.8, "tone": -3.47222222222222, "goldstein": -10.0, "mentions": 10}}, {"type": "Feature", "geometry": {"type": "Point", "coordinates": [34.373398, 31.425074]}, "properties": {"id": "gdelt-1325251490", "source": "gdelt", "event_type": "Fight", "sub_type": "CAMEO 190", "date": "2026-09-28", "title": "Fight — Gaza Strip", "description": "", "fatalities": null, "actors": ["ISRAELI"], "country": "GZ", "links": ["https://www.shfanews.net/post/326771"], "confidence": 0.35, "tone": -4.58937198067633, "goldstein": -10.0, "mentions": 1}}, {"type": "Feature", "geometry": {"type": "Point", "coordinates": [35.2333, 31.7667]}, "properties": {"id": "gdelt-1325251493", "source": "gdelt", "event_type": "Fight", "sub_type": "CAMEO 190", "date": "2026-09-28", "title": "Fight — Jerusalem, Israel (general), Israel", "description": "", "fatalities": null, "actors": ["ISRAELI", "ISRAEL"], "country": "IS", "links": ["https://www.shfanews.net/post/326771"], "confidence": 0.35, "tone": -4.58937198067633, "goldstein": -10.0, "mentions": 1}}, {"type": "Feature", "geometry": {"type": "Point", "coordinates": [34.373398, 31.425074]}, "properties": {"id": "gdelt-1325251494", "source": "gdelt", "event_type": "Fight", "sub_type": "CAMEO 190", "date": "2026-09-28", "title": "Fight — Gaza Strip", "description": "", "fatalities": null, "actors": ["ISRAELI", "ISRAEL"], "country": "GZ", "links": ["https://www.shfanews.net/post/326771"], "confidence": 0.35, "tone": -4.58937198067633, "goldstein": -10.0, "mentions": 1}}, {"type": "Feature", "geometry": {"type": "Point", "coordinates": [35.2333, 31.7667]}, "properties": {"id": "gdelt-1325251496", "source": "gdelt", "event_type": "Fight", "sub_type": "CAMEO 190", "date": "2026-09-28", "title": "Fight — Jerusalem, Israel (general), Israel", "description": "", "fatalities": null, "actors": ["ISRAELI", "PALESTINIAN"], "country": "IS", "links": ["https://www.shfanews.net/post/326771"], "confidence": 0.6000000000000001, "tone": -4.58937198067633, "goldstein": -10.0, "mentions": 6}}, {"type": "Feature", "geometry": {"type": "Point", "coordinates": [12.4833, 41.9]}, "properties": {"id": "gdelt-1325251502", "source": "gdelt", "event_type": "Coerce", "sub_type": "CAMEO 173", "date": "2026-09-28", "title": "Coerce — Rome, Lazio, Italy", "description": "", "fatalities": null, "actors": ["ITALY"], "country": "IT", "links": ["https://www.zazoom.it/2026-09-28/gracemoon-arts-italia-porta-al-pignetoff-questa-stanza-il-processo-come-performance/19732660/"], "confidence": 0.8, "tone": 2.87081339712919, "goldstein": -5.0, "mentions": 10}}, {"type": "Feature", "geometry": {"type": "Point", "coordinates": [37.6156, 55.7522]}, "properties": {"id": "gdelt-1325251518", "source": "gdelt", "event_type": "Coerce", "sub_type": "CAMEO 172", "date": "2026-09-28", "title": "Coerce — Moscow, Moskva, Russia", "description": "", "fatalities": null, "actors": ["SUPREME COURT"], "country": "RS", "links": ["https://news.mail.ru/society/72523163/"], "confidence": 0.8, "tone": -2.73224043715847, "goldstein": -5.0, "mentions": 10}}, {"type": "Feature", "geometry": {"type": "Point", "coordinates": [15.0, 62.0]}, "properties": {"id": "gdelt-1325251520", "source": "gdelt", "event_type": "Fight", "sub_type": "CAMEO 190", "date": "2026-09-28", "title": "Fight — Sweden", "description": "", "fatalities": null, "actors": ["JUDGE"], "country": "SW", "links": ["https://www.ideal.es/sociedad/juez-impone-comparecencias-periodicas-sospechosa-homicidio-arquitecto-20260928125612-ntrc.html"], "confidence": 0.9, "tone": -7.32177263969171, "goldstein": -10.0, "mentions": 20}}, {"type": "Feature", "geometry": {"type": "Point", "coordinates": [20.4681, 44.8186]}, "properties": {"id": "gdelt-1325251548", "source": "gdelt", "event_type": "Protest", "sub_type": "CAMEO 143", "date": "2026-09-28", "title": "Protest — Belgrade, Serbia (general),", "description": "", "fatalities": null, "actors": ["WORKER"], "country": "RB", "links": ["https://informer.rs/hronika/vesti/1155101/obilicev-venac-garaza-pozar-decaci-snimak"], "confidence": 0.8, "tone": -4.41767068273093, "goldstein": -6.5, "mentions": 10}}, {"type": "Feature", "geometry": {"type": "Point", "coordinates": [47.5, 40.5]}, "properties": {"id": "gdelt-1325251551", "source": "gdelt", "event_type": "Fight", "sub_type": "CAMEO 190", "date": "2026-09-28", "title": "Fight — Azerbaijan", "description": "", "fatalities": null, "actors": ["EMPLOYEE", "VILLAGE"], "country": "AJ", "links": ["https://haqqin.az/newsarchive/394093"], "confidence": 0.8, "tone": -7.63358778625954, "goldstein": -10.0, "mentions": 10}}, {"type": "Feature", "geometry": {"type": "Point", "coordinates": [-5.0, 32.0]}, "properties": {"id": "gdelt-1325251591", "source": "gdelt", "event_type": "Fight", "sub_type": "CAMEO 193", "date": "2026-09-28", "title": "Fight — Morocco", "description": "", "fatalities": null, "actors": ["MOROCCO", "NEIGHBORHOOD"], "country": "MO", "links": ["https://www.abc.es/play/television/noticias/gabriel-rufian-sobre-inmigracion-espana-pais-defender-20260928124300-nt.html"], "confidence": 0.8, "tone": -4.03877221324717, "goldstein": -10.0, "mentions": 10}}, {"type": "Feature", "geometry": {"type": "Point", "coordinates": [13.4, 52.5167]}, "properties": {"id": "gdelt-1325251611", "source": "gdelt", "event_type": "Fight", "sub_type": "CAMEO 193", "date": "2026-09-28", "title": "Fight — Berlin, Berlin, Germany", "description": "", "fatalities": null, "actors": ["SPOKESMAN"], "country": "GM", "links": ["https://www.novosti.rs/planeta/svet/1653478/pucnjava-berlinu-hici-ispaljeni-grupu-ljudi-ima-ranjenih"], "confidence": 0.8, "tone": -8.75, "goldstein": -10.0, "mentions": 10}}, {"type": "Feature", "geometry": {"type": "Point", "coordinates": [32.0, 49.0]}, "properties": {"id": "gdelt-1325251632", "source": "gdelt", "event_type": "Assault", "sub_type": "CAMEO 180", "date": "2026-09-28", "title": "Assault — Ukraine", "description": "", "fatalities": null, "actors": ["MILITARY"], "country": "UP", "links": ["https://regionews.ua/ukr/news/donetchina/1790587746-176-km-i-ponad-250-polonenih-biletskiy-rozkriv-detali-masshtabnoyi-operatsiyi-vivaldi"], "confidence": 0.8, "tone": -4.90196078431372, "goldstein": -9.0, "mentions": 10}}, {"type": "Feature", "geometry": {"type": "Point", "coordinates": [20.7347, 50.2113]}, "properties": {"id": "gdelt-1325251640", "source": "gdelt", "event_type": "Coerce", "sub_type": "CAMEO 173", "date": "2026-09-28", "title": "Coerce — Deblin, Malopolskie, Poland", "description": "", "fatalities": null, "actors": ["MILITARY", "POLAND"], "country": "PL", "links": ["https://radar.rp.pl/wojsko-polskie/art45201351-polscy-piloci-szybciej-zestrzela-drona-wojsko-zmienia-zasady"], "confidence": 0.7, "tone": -2.59067357512953, "goldstein": -5.0, "mentions": 8}}, {"type": "Feature", "geometry": {"type": "Point", "coordinates": [30.2642, 59.8944]}, "properties": {"id": "gdelt-1325251641", "source": "gdelt", "event_type": "Fight", "sub_type": "CAMEO 190", "date": "2026-09-28", "title": "Fight — Leningrad, Sankt-Peterburg, Russia", "description": "", "fatalities": null, "actors": ["MILITARY", "LENINGRAD"], "country": "RS", "links": ["https://ria.ru/20260928/lazer-2120702532.html"], "confidence": 0.8, "tone": -6.04395604395604, "goldstein": -10.0, "mentions": 10}}, {"type": "Feature", "geometry": {"type": "Point", "coordinates": [34.75, 31.5]}, "properties": {"id": "gdelt-1325251647", "source": "gdelt", "event_type": "Coerce", "sub_type": "CAMEO 173", "date": "2026-09-28", "title": "Coerce — Israel", "description": "", "fatalities": null, "actors": ["MUSLIM", "ISRAEL"], "country": "IS", "links": ["https://www.lykavitos.gr/news/opinion/i-grothia-tou-netaniaxou"], "confidence": 0.8, "tone": -2.17391304347826, "goldstein": -5.0, "mentions": 10}}, {"type": "Feature", "geometry": {"type": "Point", "coordinates": [21.0, 42.583333]}, "properties": {"id": "gdelt-1325251654", "source": "gdelt", "event_type": "Coerce", "sub_type": "CAMEO 173", "date": "2026-09-28", "title": "Coerce — Kosovo", "description": "", "fatalities": null, "actors": ["THE HAGUE"], "country": "KV", "links": ["https://www.evropaelire.org/a/bedri-hamza-pdk-projektligji-specialja-kuvend/33865680.html"], "confidence": 0.9, "tone": -0.75400632484099, "goldstein": -5.0, "mentions": 20}}, {"type": "Feature", "geometry": {"type": "Point", "coordinates": [105.0, 35.0]}, "properties": {"id": "gdelt-1325251669", "source": "gdelt", "event_type": "Assault", "sub_type": "CAMEO 1822", "date": "2026-09-28", "title": "Assault — China", "description": "", "fatalities": null, "actors": ["PRISONER"], "country": "CH", "links": ["https://www.sangbadpratidin.in/world/chinas-crimes-against-humanity-targeting-uyghurs-and-other-turkic-muslims/pid/1360066/"], "confidence": 0.8, "tone": -6.81198910081744, "goldstein": -9.0, "mentions": 10}}, {"type": "Feature", "geometry": {"type": "Point", "coordinates": [10.5, 51.5]}, "properties": {"id": "gdelt-1325251670", "source": "gdelt", "event_type": "Fight", "sub_type": "CAMEO 193", "date": "2026-09-28", "title": "Fight — Germany", "description": "", "fatalities": null, "actors": ["PRISONER"], "country": "GM", "links": ["https://pch24.pl/wiadomosci/bolonia-trzej-kaplani-zamordowani-przez-ss-zostali-beatyfikowani,736294"], "confidence": 0.8, "tone": -0.75187969924812, "goldstein": -10.0, "mentions": 10}}, {"type": "Feature", "geometry": {"type": "Point", "coordinates": [12.833333, 42.833333]}, "properties": {"id": "gdelt-1325251716", "source": "gdelt", "event_type": "Fight", "sub_type": "CAMEO 190", "date": "2026-09-28", "title": "Fight — Italy", "description": "", "fatalities": null, "actors": ["PRIEST"], "country": "IT", "links": ["https://pch24.pl/wiadomosci/bolonia-trzej-kaplani-zamordowani-przez-ss-zostali-beatyfikowani,736294"], "confidence": 0.8, "tone": -0.75187969924812, "goldstein": -10.0, "mentions": 10}}, {"type": "Feature", "geometry": {"type": "Point", "coordinates": [65.5272, 57.1522]}, "properties": {"id": "gdelt-1325251731", "source": "gdelt", "event_type": "Protest", "sub_type": "CAMEO 141", "date": "2026-09-28", "title": "Protest — Tyumen, Tyumenskaya Oblast', Russia", "description": "", "fatalities": null, "actors": ["TYUMEN"], "country": "RS", "links": ["https://ura.news/news/1053131453"], "confidence": 0.4, "tone": -3.04878048780488, "goldstein": -6.5, "mentions": 2}}, {"type": "Feature", "geometry": {"type": "Point", "coordinates": [32.0, 49.0]}, "properties": {"id": "gdelt-1325251733", "source": "gdelt", "event_type": "Assault", "sub_type": "CAMEO 180", "date": "2026-09-28", "title": "Assault — Ukraine", "description": "", "fatalities": null, "actors": ["KRASNODAR"], "country": "UP", "links": ["https://www.haberler.com/guncel/zelenskiy-rusya-daki-savunma-ve-petrol-tesislerine-20278267-haberi/"], "confidence": 0.8, "tone": -6.04026845637584, "goldstein": -9.0, "mentions": 10}}, {"type": "Feature", "geometry": {"type": "Point", "coordinates": [37.6156, 55.7522]}, "properties": {"id": "gdelt-1325251762", "source": "gdelt", "event_type": "Assault", "sub_type": "CAMEO 182", "date": "2026-09-28", "title": "Assault — Moscow, Moskva, Russia", "description": "", "fatalities": null, "actors": ["RUSSIAN", "KHARKIV"], "country": "RS", "links": ["https://www.tt.com/artikel/30943245/erneut-mehrere-tote-bei-russischen-angriffen-in-der-ukraine"], "confidence": 0.6000000000000001, "tone": -6.86868686868687, "goldstein": -9.5, "mentions": 6}}, {"type": "Feature", "geometry": {"type": "Point", "coordinates": [37.6156, 55.7522]}, "properties": {"id": "gdelt-1325251763", "source": "gdelt", "event_type": "Assault", "sub_type": "CAMEO 182", "date": "2026-09-28", "title": "Assault — Moscow, Moskva, Russia", "description": "", "fatalities": null, "actors": ["RUSSIA", "UKRAINE"], "country": "RS", "links": ["https://www.tt.com/artikel/30943245/erneut-mehrere-tote-bei-russischen-angriffen-in-der-ukraine"], "confidence": 0.5, "tone": -6.86868686868687, "goldstein": -9.5, "mentions": 4}}, {"type": "Feature", "geometry": {"type": "Point", "coordinates": [30.5167, 50.4333]}, "properties": {"id": "gdelt-1325251764", "source": "gdelt", "event_type": "Fight", "sub_type": "CAMEO 190", "date": "2026-09-28", "title": "Fight — Kiev, Ukraine (general), Ukraine", "description": "", "fatalities": null, "actors": ["RUSSIAN", "UKRAINE"], "country": "UP", "links": ["https://naslovi.net/2026-09-28/slobodna-evropa/u-ruskim-napadima-na-ukrajinu-ubijen-drzavljanin-azerbejdzana-ranjeno-10-djece/42417556"], "confidence": 0.4, "tone": -11.4285714285714, "goldstein": -10.0, "mentions": 2}}, {"type": "Feature", "geometry": {"type": "Point", "coordinates": [47.5, 40.5]}, "properties": {"id": "gdelt-1325251765", "source": "gdelt", "event_type": "Fight", "sub_type": "CAMEO 190", "date": "2026-09-28", "title": "Fight — Azerbaijan", "description": "", "fatalities": null, "actors": ["RUSSIAN", "UKRAINE"], "country": "AJ", "links": ["https://naslovi.net/2026-09-28/slobodna-evropa/u-ruskim-napadima-na-ukrajinu-ubijen-drzavljanin-azerbejdzana-ranjeno-10-djece/42417556"], "confidence": 0.6000000000000001, "tone": -11.4285714285714, "goldstein": -10.0, "mentions": 6}}, {"type": "Feature", "geometry": {"type": "Point", "coordinates": [35.0, 39.0]}, "properties": {"id": "gdelt-1325251806", "source": "gdelt", "event_type": "Fight", "sub_type": "CAMEO 190", "date": "2026-09-28", "title": "Fight — Anatolia, Turkey (general), Turkey", "description": "", "fatalities": null, "actors": ["TURKEY"], "country": "TU", "links": ["https://www.haberport.com/haber/adude-akademik-yil-acilisinda-terorsuz-turkiye-hedefi-one-cikti/37895"], "confidence": 0.8, "tone": -1.56599552572707, "goldstein": -10.0, "mentions": 10}}, {"type": "Feature", "geometry": {"type": "Point", "coordinates": [30.5167, 50.4333]}, "properties": {"id": "gdelt-1325251823", "source": "gdelt", "event_type": "Assault", "sub_type": "CAMEO 180", "date": "2026-09-28", "title": "Assault — Kiev, Ukraine (general), Ukraine", "description": "", "fatalities": null, "actors": ["FIGHTER"], "country": "UP", "links": ["https://uainfo.org/blognews/1790581306-tretiy-armiyskiy-korpus-zvilniv-nove-ridkodub-i-katerinivku-.html"], "confidence": 0.8, "tone": -5.24344569288389, "goldstein": -9.0, "mentions": 10}}, {"type": "Feature", "geometry": {"type": "Point", "coordinates": [30.5167, 50.4333]}, "properties": {"id": "gdelt-1325251830", "source": "gdelt", "event_type": "Assault", "sub_type": "CAMEO 1821", "date": "2026-09-28", "title": "Assault — Kiev, Ukraine (general), Ukraine", "description": "", "fatalities": null, "actors": ["KIEV"], "country": "UP", "links": ["https://regionews.ua/ukr/news/ternopolshchina/1790591574-na-ternopilshchini-rozsliduyut-mozhlive-zgvaltuvannya-v-shkoli-internati"], "confidence": 0.8, "tone": -11.0091743119266, "goldstein": -9.0, "mentions": 10}}, {"type": "Feature", "geometry": {"type": "Point", "coordinates": [30.5167, 50.4333]}, "properties": {"id": "gdelt-1325251831", "source": "gdelt", "event_type": "Fight", "sub_type": "CAMEO 190", "date": "2026-09-28", "title": "Fight — Kiev, Ukraine (general), Ukraine", "description": "", "fatalities": null, "actors": ["UKRAINIAN"], "country": "UP", "links": ["https://uainfo.org/blognews/1790580006-truba-dlya-diversantiv-stala-truboyu-dlya-vikradennya-lyudey-.html"], "confidence": 0.9, "tone": -7.67118534628849, "goldstein": -10.0, "mentions": 30}}, {"type": "Feature", "geometry": {"type": "Point", "coordinates": [22.3, 48.6167]}, "properties": {"id": "gdelt-1325251832", "source": "gdelt", "event_type": "Fight", "sub_type": "CAMEO 190", "date": "2026-09-28", "title": "Fight — Uzhgorod, Zakarpats'ka Oblast', Ukraine", "description": "", "fatalities": null, "actors": ["UKRAINE"], "country": "UP", "links": ["https://regionews.ua/ukr/news/ukraine/1790592451-cholovikam-za-kordonom-sprostili-otrimannya-konsulskih-poslug-shcho-zminilosya"], "confidence": 0.8, "tone": 2.11640211640212, "goldstein": -10.0, "mentions": 10}}, {"type": "Feature", "geometry": {"type": "Point", "coordinates": [37.5998, 49.7209]}, "properties": {"id": "gdelt-1325251833", "source": "gdelt", "event_type": "Fight", "sub_type": "CAMEO 193", "date": "2026-09-28", "title": "Fight — Kupyansk, Kharkivs'ka Oblast', Ukraine", "description": "", "fatalities": null, "actors": ["UKRAINIAN", "CIVILIAN"], "country": "UP", "links": ["https://regionews.ua/ukr/news/harkovshchina/1790581764-cherez-gazogin-i-pid-prikrittyam-tsivilnih-yak-okupanti-tikali-z-harkivshchini"], "confidence": 0.4, "tone": -4.58715596330275, "goldstein": -10.0, "mentions": 2}}, {"type": "Feature", "geometry": {"type": "Point", "coordinates": [30.5167, 50.4333]}, "properties": {"id": "gdelt-1325251834", "source": "gdelt", "event_type": "Assault", "sub_type": "CAMEO 1821", "date": "2026-09-28", "title": "Assault — Kiev, Ukraine (general), Ukraine", "description": "", "fatalities": null, "actors": ["UKRAINE", "SCHOOL"], "country": "UP", "links": ["https://regionews.ua/ukr/news/ternopolshchina/1790591574-na-ternopilshchini-rozsliduyut-mozhlive-zgvaltuvannya-v-shkoli-internati"], "confidence": 0.6000000000000001, "tone": -11.0091743119266, "goldstein": -9.0, "mentions": 6}}, {"type": "Feature", "geometry": {"type": "Point", "coordinates": [37.5998, 49.7209]}, "properties": {"id": "gdelt-1325251845", "source": "gdelt", "event_type": "Fight", "sub_type": "CAMEO 193", "date": "2026-09-28", "title": "Fight — Kupyansk, Kharkivs'ka Oblast', Ukraine", "description": "", "fatalities": null, "actors": ["UKRAINIAN", "CIVILIAN"], "country": "UP", "links": ["https://regionews.ua/ukr/news/harkovshchina/1790581764-cherez-gazogin-i-pid-prikrittyam-tsivilnih-yak-okupanti-tikali-z-harkivshchini"], "confidence": 0.6000000000000001, "tone": -4.58715596330275, "goldstein": -10.0, "mentions": 6}}, {"type": "Feature", "geometry": {"type": "Point", "coordinates": [2.0, 46.0]}, "properties": {"id": "gdelt-1325251859", "source": "gdelt", "event_type": "Coerce", "sub_type": "CAMEO 1711", "date": "2026-09-28", "title": "Coerce — France", "description": "", "fatalities": null, "actors": ["UNITED STATES"], "country": "FR", "links": ["https://www.blackseanews.net/read/248767"], "confidence": 0.7, "tone": -3.34075723830735, "goldstein": -9.2, "mentions": 8}}, {"type": "Feature", "geometry": {"type": "Point", "coordinates": [-98.5795, 39.828175]}, "properties": {"id": "gdelt-1325251860", "source": "gdelt", "event_type": "Coerce", "sub_type": "CAMEO 1711", "date": "2026-09-28", "title": "Coerce — United States", "description": "", "fatalities": null, "actors": ["UNITED STATES"], "country": "US", "links": ["https://www.blackseanews.net/read/248767"], "confidence": 0.4, "tone": -3.34075723830735, "goldstein": -9.2, "mentions": 2}}, {"type": "Feature", "geometry": {"type": "Point", "coordinates": [32.0, 49.0]}, "properties": {"id": "gdelt-1325251862", "source": "gdelt", "event_type": "Fight", "sub_type": "CAMEO 190", "date": "2026-09-28", "title": "Fight — Ukraine", "description": "", "fatalities": null, "actors": ["UNITED STATES", "CIVILIAN"], "country": "UP", "links": ["https://regionews.ua/ukr/blog/nikolay-knyazhitskiy/1790580649-stavka-na-divo-na-shcho-teper-rozrahovue-kreml"], "confidence": 0.8, "tone": -5.17241379310345, "goldstein": -10.0, "mentions": 10}}, {"type": "Feature", "geometry": {"type": "Point", "coordinates": [-77.0364, 38.8951]}, "properties": {"id": "gdelt-1325251878", "source": "gdelt", "event_type": "Fight", "sub_type": "CAMEO 193", "date": "2026-09-28", "title": "Fight — White House, District of Columbia, United States", "description": "", "fatalities": null, "actors": ["THE WHITE HOUSE"], "country": "US", "links": ["https://www.kmib.co.kr/article/view.asp?arcid=9000017860&code=61131111&sid1=int"], "confidence": 0.4, "tone": -1.53508771929824, "goldstein": -10.0, "mentions": 2}}, {"type": "Feature", "geometry": {"type": "Point", "coordinates": [-77.0364, 38.8951]}, "properties": {"id": "gdelt-1325251884", "source": "gdelt", "event_type": "Fight", "sub_type": "CAMEO 193", "date": "2026-09-28", "title": "Fight — White House, District of Columbia, United States", "description": "", "fatalities": null, "actors": ["THE WHITE HOUSE", "UNITED STATES"], "country": "US", "links": ["https://www.kmib.co.kr/article/view.asp?arcid=9000017860&code=61131111&sid1=int"], "confidence": 0.5, "tone": -1.53508771929824, "goldstein": -10.0, "mentions": 4}}, {"type": "Feature", "geometry": {"type": "Point", "coordinates": [-71.0, -30.0]}, "properties": {"id": "gdelt-1325251888", "source": "gdelt", "event_type": "Assault", "sub_type": "CAMEO 186", "date": "2026-09-28", "title": "Assault — Chile", "description": "", "fatalities": null, "actors": ["VENEZUELA", "POLICEMAN"], "country": "CI", "links": ["https://www.biobiochile.cl/noticias/nacional/region-metropolitana/2026/09/28/quien-era-el-cabo-segundo-cristopher-aguilera-el-carabinero-asesinado-a-sangre-fria-por-un-venezolano.shtml"], "confidence": 0.8, "tone": -6.13287904599659, "goldstein": -10.0, "mentions": 10}}, {"type": "Feature", "geometry": {"type": "Point", "coordinates": [30.2642, 59.8944]}, "properties": {"id": "gdelt-1325251892", "source": "gdelt", "event_type": "Fight", "sub_type": "CAMEO 190", "date": "2026-09-28", "title": "Fight — Leningrad, Sankt-Peterburg, Russia", "description": "", "fatalities": null, "actors": ["NORTH WEST"], "country": "RS", "links": ["https://ria.ru/20260928/lazer-2120702532.html"], "confidence": 0.8, "tone": -6.04395604395604, "goldstein": -10.0, "mentions": 10}}, {"type": "Feature", "geometry": {"type": "Point", "coordinates": [85.1667, 56.4167]}, "properties": {"id": "gdelt-1325253218", "source": "gdelt", "event_type": "Coerce", "sub_type": "CAMEO 173", "date": "2026-09-28", "title": "Coerce — Protopopova, Tomskaya Oblast', Russia", "description": "", "fatalities": null, "actors": ["PRISON"], "country": "RS", "links": ["https://www.m24.ru/news/28092026/946379"], "confidence": 0.4, "tone": -3.41463414634146, "goldstein": -5.0, "mentions": 2}}, {"type": "Feature", "geometry": {"type": "Point", "coordinates": [25.0, 46.0]}, "properties": {"id": "gdelt-1325253219", "source": "gdelt", "event_type": "Coerce", "sub_type": "CAMEO 173", "date": "2026-09-28", "title": "Coerce — Romania", "description": "", "fatalities": null, "actors": ["POLICE"], "country": "RO", "links": ["https://www.tgregione.it/fingono-di-fotografare-il-ponte-vecchio-e-derubano-un-turista/"], "confidence": 0.8, "tone": -3.60360360360361, "goldstein": -5.0, "mentions": 10}}, {"type": "Feature", "geometry": {"type": "Point", "coordinates": [37.6156, 55.7522]}, "properties": {"id": "gdelt-1325253222", "source": "gdelt", "event_type": "Fight", "sub_type": "CAMEO 192", "date": "2026-09-28", "title": "Fight — Moscow, Moskva, Russia", "description": "", "fatalities": null, "actors": ["VILLAGE"], "country": "RS", "links": ["https://www.interfax.ru/russia/1118878"], "confidence": 0.4, "tone": -2.76679841897233, "goldstein": -9.5, "mentions": 2}}, {"type": "Feature", "geometry": {"type": "Point", "coordinates": [37.6156, 55.7522]}, "properties": {"id": "gdelt-1325253223", "source": "gdelt", "event_type": "Fight", "sub_type": "CAMEO 192", "date": "2026-09-28", "title": "Fight — Moscow, Moskva, Russia", "description": "", "fatalities": null, "actors": ["VILLAGE"], "country": "RS", "links": ["https://www.interfax.ru/russia/1118878"], "confidence": 0.4, "tone": -2.76679841897233, "goldstein": -9.5, "mentions": 2}}, {"type": "Feature", "geometry": {"type": "Point", "coordinates": [34.5715, 31.6693]}, "properties": {"id": "gdelt-1325253248", "source": "gdelt", "event_type": "Fight", "sub_type": "CAMEO 190", "date": "2026-09-28", "title": "Fight — Ashkelon, HaDarom, Israel", "description": "", "fatalities": null, "actors": ["ISRAELI"], "country": "IS", "links": ["https://arabic.euronews.com/2026/09/28/cell-ben-gvir-threatens-qassam-commander-hassan-salameh-with-execution"], "confidence": 0.7, "tone": -6.56934306569343, "goldstein": -10.0, "mentions": 8}}, {"type": "Feature", "geometry": {"type": "Point", "coordinates": [34.7667, 32.0667]}, "properties": {"id": "gdelt-1325253249", "source": "gdelt", "event_type": "Fight", "sub_type": "CAMEO 190", "date": "2026-09-28", "title": "Fight — Tel Aviv, Tel Aviv, Israel", "description": "", "fatalities": null, "actors": ["ISRAEL"], "country": "IS", "links": ["https://arabic.euronews.com/2026/09/28/israeli-officers-reveal-details-of-hassan-nasrallah-assassination"], "confidence": 0.8, "tone": -2.63157894736842, "goldstein": -10.0, "mentions": 10}}, {"type": "Feature", "geometry": {"type": "Point", "coordinates": [34.3333, 31.4167]}, "properties": {"id": "gdelt-1325253250", "source": "gdelt", "event_type": "Fight", "sub_type": "CAMEO 195", "date": "2026-09-28", "title": "Fight — Gaza, Israel (general), Israel", "description": "", "fatalities": null, "actors": ["JERUSALEM"], "country": "IS", "links": ["https://arabic.euronews.com/2026/09/28/cell-ben-gvir-threatens-qassam-commander-hassan-salameh-with-execution"], "confidence": 0.8, "tone": -6.56934306569343, "goldstein": -10.0, "mentions": 10}}, {"type": "Feature", "geometry": {"type": "Point", "coordinates": [38.0, 8.0]}, "properties": {"id": "gdelt-1325253271", "source": "gdelt", "event_type": "Fight", "sub_type": "CAMEO 190", "date": "2026-09-28", "title": "Fight — Ethiopia", "description": "", "fatalities": null, "actors": ["ARMY"], "country": "ET", "links": ["https://www.pressafrik.com/Ethiopie-l-armee-federale-intensifie-sa-contre-offensive-dans-le-nord-la-television-publique-frappee-par-un-drone_a312236.html"], "confidence": 0.8, "tone": -3.35051546391753, "goldstein": -10.0, "mentions": 10}}, {"type": "Feature", "geometry": {"type": "Point", "coordinates": [46.7492, 39.7589]}, "properties": {"id": "gdelt-1325253317", "source": "gdelt", "event_type": "Force posture", "sub_type": "CAMEO 154", "date": "2026-09-28", "title": "Force posture — Shusha, Susa*, Azerbaijan", "description": "", "fatalities": null, "actors": ["AZERBAIJAN"], "country": "AJ", "links": ["https://vesti.az/politika/sorok-cetyre-dnya-na-puti-domoi-ili-sest-let-izmenivsie-azerbaidzan-xronika-pobedy-617579"], "confidence": 0.8, "tone": -0.72463768115942, "goldstein": -7.2, "mentions": 10}}, {"type": "Feature", "geometry": {"type": "Point", "coordinates": [46.5469, 39.6408]}, "properties": {"id": "gdelt-1325253318", "source": "gdelt", "event_type": "Fight", "sub_type": "CAMEO 190", "date": "2026-09-28", "title": "Fight — Lachin, Laç, Azerbaijan", "description": "", "fatalities": null, "actors": ["AZERBAIJAN"], "country": "AJ", "links": ["https://vesti.az/politika/sorok-cetyre-dnya-na-puti-domoi-ili-sest-let-izmenivsie-azerbaidzan-xronika-pobedy-617579"], "confidence": 0.4, "tone": -0.72463768115942, "goldstein": -10.0, "mentions": 2}}, {"type": "Feature", "geometry": {"type": "Point", "coordinates": [46.5469, 39.6408]}, "properties": {"id": "gdelt-1325253319", "source": "gdelt", "event_type": "Fight", "sub_type": "CAMEO 190", "date": "2026-09-28", "title": "Fight — Lachin, Laç, Azerbaijan", "description": "", "fatalities": null, "actors": ["AZERBAIJAN"], "country": "AJ", "links": ["https://vesti.az/politika/sorok-cetyre-dnya-na-puti-domoi-ili-sest-let-izmenivsie-azerbaidzan-xronika-pobedy-617579"], "confidence": 0.6000000000000001, "tone": -0.72463768115942, "goldstein": -10.0, "mentions": 6}}, {"type": "Feature", "geometry": {"type": "Point", "coordinates": [4.33333, 50.8333]}, "properties": {"id": "gdelt-1325253330", "source": "gdelt", "event_type": "Fight", "sub_type": "CAMEO 193", "date": "2026-09-28", "title": "Fight — Brussels, Bruxelles-Capitale, Belgium", "description": "", "fatalities": null, "actors": ["BRUSSELS"], "country": "BE", "links": ["https://www.rtbf.be/article/papier-toilette-dans-la-culotte-coton-roule-en-guise-de-tampon-bruzelle-fete-10-ans-de-combat-11791563"], "confidence": 0.7, "tone": -4.76190476190476, "goldstein": -10.0, "mentions": 8}}, {"type": "Feature", "geometry": {"type": "Point", "coordinates": [100.0, 60.0]}, "properties": {"id": "gdelt-1325253366", "source": "gdelt", "event_type": "Assault", "sub_type": "CAMEO 180", "date": "2026-09-28", "title": "Assault — Russia", "description": "", "fatalities": null, "actors": ["BUSINESS"], "country": "RS", "links": ["https://vesti.az/v-mire/rossiiskii-udar-po-centru-dnepra-unes-zizni-trex-celovek-617594"], "confidence": 0.8, "tone": -7.14285714285714, "goldstein": -9.0, "mentions": 10}}, {"type": "Feature", "geometry": {"type": "Point", "coordinates": [35.5097, 33.8719]}, "properties": {"id": "gdelt-1325253375", "source": "gdelt", "event_type": "Fight", "sub_type": "CAMEO 190", "date": "2026-09-28", "title": "Fight — Beirut, Beyrouth, Lebanon", "description": "", "fatalities": null, "actors": ["BUSINESS", "LEBANON"], "country": "LE", "links": ["https://arabic.euronews.com/2026/09/28/israeli-officers-reveal-details-of-hassan-nasrallah-assassination"], "confidence": 0.8, "tone": -2.63157894736842, "goldstein": -10.0, "mentions": 10}}, {"type": "Feature", "geometry": {"type": "Point", "coordinates": [116.388, 39.9289]}, "properties": {"id": "gdelt-1325253382", "source": "gdelt", "event_type": "Fight", "sub_type": "CAMEO 193", "date": "2026-09-28", "title": "Fight — Beijing, Beijing, China", "description": "", "fatalities": null, "actors": ["CHINESE"], "country": "CH", "links": ["https://echo.msk.ru/istoriya/bitva-za-ostrov-damanskiy-kakim-superoruzhiem-sssr-udalos-ostanovit-kitaytsev-2/"], "confidence": 0.7, "tone": -5.4590570719603, "goldstein": -10.0, "mentions": 8}}, {"type": "Feature", "geometry": {"type": "Point", "coordinates": [32.0, 49.0]}, "properties": {"id": "gdelt-1325253405", "source": "gdelt", "event_type": "Protest", "sub_type": "CAMEO 141", "date": "2026-09-28", "title": "Protest — Ukraine", "description": "", "fatalities": null, "actors": ["POLICE"], "country": "UP", "links": ["https://galinfo.com.ua/news/viyskovyy_strilyav_u_povitrya_shchob_prypynyty_konflikt_netverezyh_u_tsentri_lvova_453982"], "confidence": 0.6000000000000001, "tone": -10.7784431137724, "goldstein": -6.5, "mentions": 6}}, {"type": "Feature", "geometry": {"type": "Point", "coordinates": [78.4744, 17.3753]}, "properties": {"id": "gdelt-1325253406", "source": "gdelt", "event_type": "Coerce", "sub_type": "CAMEO 1712", "date": "2026-09-28", "title": "Coerce — Hyderabad, Andhra Pradesh, India", "description": "", "fatalities": null, "actors": ["POLICE"], "country": "IN", "links": ["https://www.punjabkesari.in/national/news/cab-driver--assault-woman-hyderabad-shamshabad-2384091"], "confidence": 0.8, "tone": -8.01104972375691, "goldstein": -9.2, "mentions": 10}}, {"type": "Feature", "geometry": {"type": "Point", "coordinates": [23.7333, 37.9833]}, "properties": {"id": "gdelt-1325253407", "source": "gdelt", "event_type": "Assault", "sub_type": "CAMEO 1822", "date": "2026-09-28", "title": "Assault — Athens, AttikíR, Greece", "description": "", "fatalities": null, "actors": ["PRISON"], "country": "GR", "links": ["https://www.pepper966.gr/events/o-thanatos-kai-i-kori/"], "confidence": 0.8, "tone": 0.24330900243309, "goldstein": -9.0, "mentions": 10}}, {"type": "Feature", "geometry": {"type": "Point", "coordinates": [14.6232, 50.0813]}, "properties": {"id": "gdelt-1325253408", "source": "gdelt", "event_type": "Fight", "sub_type": "CAMEO 190", "date": "2026-09-28", "title": "Fight — Bechovice, Stredoceský, Czech Republic", "description": "", "fatalities": null, "actors": ["DETECTIVE"], "country": "EZ", "links": ["https://prazsky.denik.cz/krimi/zivot-na-svobode-prinesl-tragedii-propusteny-vrah-je-stihan-pro-smrt-partnerky/"], "confidence": 0.8, "tone": -8.97435897435901, "goldstein": -10.0, "mentions": 10}}, {"type": "Feature", "geometry": {"type": "Point", "coordinates": [104.019, 56.2406]}, "properties": {"id": "gdelt-1325253409", "source": "gdelt", "event_type": "Fight", "sub_type": "CAMEO 193", "date": "2026-09-28", "title": "Fight — Golikova, Irkutskaya Oblast', Russia", "description": "", "fatalities": null, "actors": ["POLICE"], "country": "RS", "links": ["https://piter.tv/event/strelba_kirovskij_rajon/"], "confidence": 0.4, "tone": -10.8333333333334, "goldstein": -10.0, "mentions": 2}}, {"type": "Feature", "geometry": {"type": "Point", "coordinates": [32.0, 49.0]}, "properties": {"id": "gdelt-1325253410", "source": "gdelt", "event_type": "Fight", "sub_type": "CAMEO 193", "date": "2026-09-28", "title": "Fight — Ukraine", "description": "", "fatalities": null, "actors": ["POLICE"], "country": "UP", "links": ["https://galinfo.com.ua/news/viyskovyy_strilyav_u_povitrya_shchob_prypynyty_konflikt_netverezyh_u_tsentri_lvova_453982"], "confidence": 0.6000000000000001, "tone": -10.7784431137724, "goldstein": -10.0, "mentions": 6}}, {"type": "Feature", "geometry": {"type": "Point", "coordinates": [49.8822, 40.3953]}, "properties": {"id": "gdelt-1325253412", "source": "gdelt", "event_type": "Coerce", "sub_type": "CAMEO 173", "date": "2026-09-28", "title": "Coerce — Baku, Baki*, Azerbaijan", "description": "", "fatalities": null, "actors": ["PRISON", "BAKU"], "country": "AJ", "links": ["https://vesti.az/politika/sorok-cetyre-dnya-na-puti-domoi-ili-sest-let-izmenivsie-azerbaidzan-xronika-pobedy-617579"], "confidence": 0.7, "tone": -0.72463768115942, "goldstein": -5.0, "mentions": 8}}, {"type": "Feature", "geometry": {"type": "Point", "coordinates": [135.167, 34.6833]}, "properties": {"id": "gdelt-1325253419", "source": "gdelt", "event_type": "Fight", "sub_type": "CAMEO 193", "date": "2026-09-28", "title": "Fight — Kobe, Hyogo, Japan", "description": "", "fatalities": null, "actors": ["POLICE", "ISRAEL"], "country": "JA", "links": ["https://www.kikar.co.il/police/tm2a3w"], "confidence": 0.8, "tone": -10.5263157894737, "goldstein": -10.0, "mentions": 10}}, {"type": "Feature", "geometry": {"type": "Point", "coordinates": [85.1667, 56.4167]}, "properties": {"id": "gdelt-1325253423", "source": "gdelt", "event_type": "Coerce", "sub_type": "CAMEO 173", "date": "2026-09-28", "title": "Coerce — Protopopova, Tomskaya Oblast', Russia", "description": "", "fatalities": null, "actors": ["PRISON", "RUSSIA"], "country": "RS", "links": ["https://www.m24.ru/news/28092026/946379"], "confidence": 0.7, "tone": -3.41463414634146, "goldstein": -5.0, "mentions": 8}}, {"type": "Feature", "geometry": {"type": "Point", "coordinates": [104.019, 56.2406]}, "properties": {"id": "gdelt-1325253424", "source": "gdelt", "event_type": "Fight", "sub_type": "CAMEO 193", "date": "2026-09-28", "title": "Fight — Golikova, Irkutskaya Oblast', Russia", "description": "", "fatalities": null, "actors": ["POLICE", "RUSSIA"], "country": "RS", "links": ["https://piter.tv/event/strelba_kirovskij_rajon/"], "confidence": 0.6000000000000001, "tone": -10.8333333333334, "goldstein": -10.0, "mentions": 6}}, {"type": "Feature", "geometry": {"type": "Point", "coordinates": [30.2642, 59.8944]}, "properties": {"id": "gdelt-1325253425", "source": "gdelt", "event_type": "Fight", "sub_type": "CAMEO 193", "date": "2026-09-28", "title": "Fight — Petersburg, Sankt-Peterburg, Russia", "description": "", "fatalities": null, "actors": ["POLICE", "RUSSIA"], "country": "RS", "links": ["https://piter.tv/event/strelba_kirovskij_rajon/"], "confidence": 0.4, "tone": -10.8333333333334, "goldstein": -10.0, "mentions": 2}}, {"type": "Feature", "geometry": {"type": "Point", "coordinates": [32.0, 49.0]}, "properties": {"id": "gdelt-1325253426", "source": "gdelt", "event_type": "Protest", "sub_type": "CAMEO 141", "date": "2026-09-28", "title": "Protest — Ukraine", "description": "", "fatalities": null, "actors": ["POLICE", "UKRAINE"], "country": "UP", "links": ["https://galinfo.com.ua/news/viyskovyy_strilyav_u_povitrya_shchob_prypynyty_konflikt_netverezyh_u_tsentri_lvova_453982"], "confidence": 0.5, "tone": -10.7784431137724, "goldstein": -6.5, "mentions": 4}}, {"type": "Feature", "geometry": {"type": "Point", "coordinates": [32.0, 49.0]}, "properties": {"id": "gdelt-1325253427", "source": "gdelt", "event_type": "Fight", "sub_type": "CAMEO 193", "date": "2026-09-28", "title": "Fight — Ukraine", "description": "", "fatalities": null, "actors": ["POLICE", "UKRAINE"], "country": "UP", "links": ["https://galinfo.com.ua/news/viyskovyy_strilyav_u_povitrya_shchob_prypynyty_konflikt_netverezyh_u_tsentri_lvova_453982"], "confidence": 0.5, "tone": -10.7784431137724, "goldstein": -10.0, "mentions": 4}}, {"type": "Feature", "geometry": {"type": "Point", "coordinates": [-46.6167, -23.5333]}, "properties": {"id": "gdelt-1325253428", "source": "gdelt", "event_type": "Fight", "sub_type": "CAMEO 190", "date": "2026-09-28", "title": "Fight — Sao Paulo, SãPaulo, Brazil", "description": "", "fatalities": null, "actors": ["POLICE", "POLICE"], "country": "BR", "links": ["https://www.brasil247.com/geral/policial-penal-e-preso-sob-suspeita-de-assassinar-a-esposa-a-tiros-na-grande-sp/"], "confidence": 0.8, "tone": -8.21114369501466, "goldstein": -10.0, "mentions": 10}}, {"type": "Feature", "geometry": {"type": "Point", "coordinates": [-79.5, 22.0]}, "properties": {"id": "gdelt-1325253435", "source": "gdelt", "event_type": "Coerce", "sub_type": "CAMEO 173", "date": "2026-09-28", "title": "Coerce — Cuba", "description": "", "fatalities": null, "actors": ["CRIMINAL"], "country": "CU", "links": ["https://elpais.com/espana/madrid/2026-09-29/a-los-fiscales-les-preocupan-las-conductas-disociales-de-los-menores-de-14-anos.html"], "confidence": 0.8, "tone": -6.65950590762621, "goldstein": -5.0, "mentions": 10}}, {"type": "Feature", "geometry": {"type": "Point", "coordinates": [-43.3215, -22.9898]}, "properties": {"id": "gdelt-1325253436", "source": "gdelt", "event_type": "Fight", "sub_type": "CAMEO 190", "date": "2026-09-28", "title": "Fight — Muzema, Estado do Rio, Brazil", "description": "", "fatalities": null, "actors": ["CARTEL"], "country": "BR", "links": ["https://racismoambiental.net.br/2026/09/28/deus-urnas-e-extrema-direita-a-religiao-como-instrumento-politico-na-disputa-eleitoral-entrevista-especial-com-christina-vital-da-cunha-e-ricardo-mariano/"], "confidence": 0.8, "tone": -2.15856364736736, "goldstein": -10.0, "mentions": 10}}, {"type": "Feature", "geometry": {"type": "Point", "coordinates": [46.7903, 39.913]}, "properties": {"id": "gdelt-1325253452", "source": "gdelt", "event_type": "Coerce", "sub_type": "CAMEO 174", "date": "2026-09-28", "title": "Coerce — Khojaly, Xocali, Azerbaijan", "description": "", "fatalities": null, "actors": ["VILLAGE"], "country": "AJ", "links": ["https://vesti.az/politika/sorok-cetyre-dnya-na-puti-domoi-ili-sest-let-izmenivsie-azerbaidzan-xronika-pobedy-617579"], "confidence": 0.8, "tone": -0.72463768115942, "goldstein": -5.0, "mentions": 10}}, {"type": "Feature", "geometry": {"type": "Point", "coordinates": [46.5469, 39.6408]}, "properties": {"id": "gdelt-1325253453", "source": "gdelt", "event_type": "Coerce", "sub_type": "CAMEO 174", "date": "2026-09-28", "title": "Coerce — Lachin, Laç, Azerbaijan", "description": "", "fatalities": null, "actors": ["IMMIGRANT"], "country": "AJ", "links": ["https://vesti.az/politika/sorok-cetyre-dnya-na-puti-domoi-ili-sest-let-izmenivsie-azerbaidzan-xronika-pobedy-617579"], "confidence": 0.8, "tone": -0.72463768115942, "goldstein": -5.0, "mentions": 10}}, {"type": "Feature", "geometry": {"type": "Point", "coordinates": [34.3333, 31.4167]}, "properties": {"id": "gdelt-1325253454", "source": "gdelt", "event_type": "Fight", "sub_type": "CAMEO 190", "date": "2026-09-28", "title": "Fight — Gaza, Israel (general), Israel", "description": "", "fatalities": null, "actors": ["CIVILIAN"], "country": "IS", "links": ["https://pnn.ps/news/728355"], "confidence": 0.8, "tone": -1.07692307692308, "goldstein": -10.0, "mentions": 10}}, {"type": "Feature", "geometry": {"type": "Point", "coordinates": [34.3205, 51.7964]}, "properties": {"id": "gdelt-1325253455", "source": "gdelt", "event_type": "Fight", "sub_type": "CAMEO 195", "date": "2026-09-28", "title": "Fight — Korenok, Sums'ka Oblast', Ukraine", "description": "", "fatalities": null, "actors": ["POPULATION"], "country": "UP", "links": ["https://gazeta.ua/ru/articles/donbas/_rf-ob-yavila-voznagrazhdenie-v-20-mln-za-informaciyu-o-madyare/1259262"], "confidence": 0.8, "tone": -7.16510903426791, "goldstein": -10.0, "mentions": 10}}, {"type": "Feature", "geometry": {"type": "Point", "coordinates": [34.75, 31.5]}, "properties": {"id": "gdelt-1325253464", "source": "gdelt", "event_type": "Assault", "sub_type": "CAMEO 180", "date": "2026-09-28", "title": "Assault — Israel", "description": "", "fatalities": null, "actors": ["NEIGHBORHOOD", "ISRAEL"], "country": "IS", "links": ["https://www.shorouknews.com/news/view.aspx?cdate=28092026&id=edc05147-e76b-4b41-8485-bf123d9f39ea"], "confidence": 0.8, "tone": -2.24, "goldstein": -9.0, "mentions": 10}}, {"type": "Feature", "geometry": {"type": "Point", "coordinates": [-55.8, -19.9]}, "properties": {"id": "gdelt-1325253468", "source": "gdelt", "event_type": "Fight", "sub_type": "CAMEO 190", "date": "2026-09-28", "title": "Fight — Guarani, Mato Grosso do Sul, Brazil", "description": "", "fatalities": null, "actors": ["RESIDENTS", "ARMED MEN"], "country": "BR", "links": ["https://racismoambiental.net.br/2026/09/28/tekoha-tapyi-kora-setembro-registra-nova-escalada-de-ataques-contra-os-guarani-e-kaiowa-com-possibilidade-de-despejo/"], "confidence": 0.8, "tone": -2.56222547584188, "goldstein": -10.0, "mentions": 10}}, {"type": "Feature", "geometry": {"type": "Point", "coordinates": [74.1159, 32.4458]}, "properties": {"id": "gdelt-1325253469", "source": "gdelt", "event_type": "Assault", "sub_type": "CAMEO 182", "date": "2026-09-28", "title": "Assault — Wazirabad, Punjab, Pakistan", "description": "", "fatalities": null, "actors": ["CIVILIAN", "NORTH WEST"], "country": "PK", "links": ["https://www.punjabkesari.in/international/news/three-traffic-policemen-killed-in-gun-attack-in-pakistan-s-northwest-2384104"], "confidence": 0.8, "tone": -12.7659574468085, "goldstein": -9.5, "mentions": 10}}, {"type": "Feature", "geometry": {"type": "Point", "coordinates": [30.5167, 50.4333]}, "properties": {"id": "gdelt-1325253491", "source": "gdelt", "event_type": "Protest", "sub_type": "CAMEO 141", "date": "2026-09-28", "title": "Protest — Kiev, Ukraine (general), Ukraine", "description": "", "fatalities": null, "actors": ["GERMANY", "UKRAINE"], "country": "UP", "links": ["https://www.unian.ua/war/rosiyskiy-dron-vluchiv-u-budivlyu-nacionalnoji-akademiji-nauk-ukrajini-u-kiyevi-novini-kiyeva-13512435.html"], "confidence": 0.7, "tone": -3.07692307692308, "goldstein": -6.5, "mentions": 8}}, {"type": "Feature", "geometry": {"type": "Point", "coordinates": [30.5167, 50.4333]}, "properties": {"id": "gdelt-1325253492", "source": "gdelt", "event_type": "Protest", "sub_type": "CAMEO 141", "date": "2026-09-28", "title": "Protest — Kiev, Ukraine (general), Ukraine", "description": "", "fatalities": null, "actors": ["GERMANY", "UKRAINE"], "country": "UP", "links": ["https://www.unian.ua/war/rosiyskiy-dron-vluchiv-u-budivlyu-nacionalnoji-akademiji-nauk-ukrajini-u-kiyevi-novini-kiyeva-13512435.html"], "confidence": 0.4, "tone": -3.07692307692308, "goldstein": -6.5, "mentions": 2}}, {"type": "Feature", "geometry": {"type": "Point", "coordinates": [18.02, 53.1271]}, "properties": {"id": "gdelt-1325253507", "source": "gdelt", "event_type": "Fight", "sub_type": "CAMEO 190", "date": "2026-09-28", "title": "Fight — Bydgoszcz, Kujawsko-Pomorskie, Poland", "description": "", "fatalities": null, "actors": ["SCHOOL", "JOURNALIST"], "country": "PL", "links": ["https://wiadomosci.wp.pl/tasak-w-pokoju-noz-w-plecaku-13-latek-planowal-atak-w-szkole-7334261760530688a"], "confidence": 0.8, "tone": -3.81679389312977, "goldstein": -10.0, "mentions": 10}}, {"type": "Feature", "geometry": {"type": "Point", "coordinates": [12.4833, 41.9]}, "properties": {"id": "gdelt-1325253509", "source": "gdelt", "event_type": "Fight", "sub_type": "CAMEO 190", "date": "2026-09-28", "title": "Fight — Rome, Lazio, Italy", "description": "", "fatalities": null, "actors": ["EGYPT"], "country": "IT", "links": ["https://www.affaritaliani.it/cronache/caso-regeni-dalla-scomparsa-alla-sentenza-tutti-i-fatti-in-dieci-anni-di-indagini.html"], "confidence": 0.4, "tone": -4.7085201793722, "goldstein": -10.0, "mentions": 2}}, {"type": "Feature", "geometry": {"type": "Point", "coordinates": [35.2333, 31.7667]}, "properties": {"id": "gdelt-1325253515", "source": "gdelt", "event_type": "Fight", "sub_type": "CAMEO 190", "date": "2026-09-28", "title": "Fight — Jerusalem, Israel (general), Israel", "description": "", "fatalities": null, "actors": ["NILE", "ISRAEL"], "country": "IS", "links": ["https://www.nile.eg/%D8%B9%D8%B4%D8%B1%D8%A7%D8%AA-%D8%A7%D9%84%D9%85%D8%B3%D8%AA%D9%88%D8%B7%D9%86%D9%88%D9%86-%D9%8A%D9%82%D8%AA%D8%AD%D9%85%D9%88%D9%86-%D8%A7%D9%84%D9%85%D8%B3%D8%AC%D8%AF-%D8%A7%D9%84%D8%A3%D9%82-5"], "confidence": 0.5, "tone": -3.80952380952381, "goldstein": -10.0, "mentions": 4}}, {"type": "Feature", "geometry": {"type": "Point", "coordinates": [35.2333, 31.7667]}, "properties": {"id": "gdelt-1325253518", "source": "gdelt", "event_type": "Fight", "sub_type": "CAMEO 190", "date": "2026-09-28", "title": "Fight — Jerusalem, Israel (general), Israel", "description": "", "fatalities": null, "actors": ["NILE", "SETTLER"], "country": "IS", "links": ["https://www.nile.eg/%D8%B9%D8%B4%D8%B1%D8%A7%D8%AA-%D8%A7%D9%84%D9%85%D8%B3%D8%AA%D9%88%D8%B7%D9%86%D9%88%D9%86-%D9%8A%D9%82%D8%AA%D8%AD%D9%85%D9%88%D9%86-%D8%A7%D9%84%D9%85%D8%B3%D8%AC%D8%AF-%D8%A7%D9%84%D8%A3%D9%82-5"], "confidence": 0.6000000000000001, "tone": -3.80952380952381, "goldstein": -10.0, "mentions": 6}}, {"type": "Feature", "geometry": {"type": "Point", "coordinates": [29.9192, 31.1981]}, "properties": {"id": "gdelt-1325253520", "source": "gdelt", "event_type": "Assault", "sub_type": "CAMEO 181", "date": "2026-09-28", "title": "Assault — Alexandria, Al Iskandariyah, Egypt", "description": "", "fatalities": null, "actors": ["EGYPTIAN"], "country": "EG", "links": ["https://www.affaritaliani.it/cronache/caso-regeni-dalla-scomparsa-alla-sentenza-tutti-i-fatti-in-dieci-anni-di-indagini.html"], "confidence": 0.6000000000000001, "tone": -4.7085201793722, "goldstein": -9.0, "mentions": 6}}, {"type": "Feature", "geometry": {"type": "Point", "coordinates": [29.9192, 31.1981]}, "properties": {"id": "gdelt-1325253522", "source": "gdelt", "event_type": "Assault", "sub_type": "CAMEO 181", "date": "2026-09-28", "title": "Assault — Alexandria, Al Iskandariyah, Egypt", "description": "", "fatalities": null, "actors": ["EGYPTIAN", "EGYPT"], "country": "EG", "links": ["https://www.affaritaliani.it/cronache/caso-regeni-dalla-scomparsa-alla-sentenza-tutti-i-fatti-in-dieci-anni-di-indagini.html"], "confidence": 0.5, "tone": -4.7085201793722, "goldstein": -9.0, "mentions": 4}}, {"type": "Feature", "geometry": {"type": "Point", "coordinates": [-4.0, 40.0]}, "properties": {"id": "gdelt-1325253535", "source": "gdelt", "event_type": "Fight", "sub_type": "CAMEO 193", "date": "2026-09-28", "title": "Fight — Spain", "description": "", "fatalities": null, "actors": ["SPAIN"], "country": "SP", "links": ["https://www.focus-news.net/novini/Bylgaria/Blizkite-na-zaginaloto-15-godishno-momche-na-vruh-Okolchica-ne-vyarvat-na-prokuraturata-iskatekshumaciya-na-tyaloto-3031623"], "confidence": 0.7, "tone": -2.28365384615384, "goldstein": -10.0, "mentions": 8}}, {"type": "Feature", "geometry": {"type": "Point", "coordinates": [-5.0, 32.0]}, "properties": {"id": "gdelt-1325253567", "source": "gdelt", "event_type": "Fight", "sub_type": "CAMEO 192", "date": "2026-09-28", "title": "Fight — Morocco", "description": "", "fatalities": null, "actors": ["LORRAINE"], "country": "MO", "links": ["https://www.antena3.com/programas/espejo-publico/noticias/lorena-garcia-visita-marruecos-nadie-tiene-dudas-alli-que-dejo-pasar-gente-ceuta_202609286aba3e8fa520494aafd862c9.html"], "confidence": 0.8, "tone": -0.81743869209809, "goldstein": -9.5, "mentions": 10}}, {"type": "Feature", "geometry": {"type": "Point", "coordinates": [19.0833, 47.5]}, "properties": {"id": "gdelt-1325253616", "source": "gdelt", "event_type": "Coerce", "sub_type": "CAMEO 172", "date": "2026-09-28", "title": "Coerce — Budapest, Budapest, Hungary", "description": "", "fatalities": null, "actors": ["GOVERNMENT"], "country": "HU", "links": ["https://index.hu/belfold/2026/09/28/publimont-oriasplakat-budapest-reklamszabalyozas-jcdecaux-mahir-cityposter-bkv-balasy-gyula-simicska-rogan/"], "confidence": 0.8, "tone": -2.01096892138939, "goldstein": -5.0, "mentions": 10}}, {"type": "Feature", "geometry": {"type": "Point", "coordinates": [-90.5333, 19.85]}, "properties": {"id": "gdelt-1325253617", "source": "gdelt", "event_type": "Coerce", "sub_type": "CAMEO 1721", "date": "2026-09-28", "title": "Coerce — Campeche, Campeche, Mexico", "description": "", "fatalities": null, "actors": ["PRESIDENT"], "country": "MX", "links": ["https://www.cadena3.com/noticia/mundo/el-aumento-de-demandas-contra-periodistas-en-mexico-genera-preocupacion-por-la-libertad-de-prensa_598354"], "confidence": 0.8, "tone": -3.85321100917431, "goldstein": -5.0, "mentions": 10}}, {"type": "Feature", "geometry": {"type": "Point", "coordinates": [127.5, 37.0]}, "properties": {"id": "gdelt-1325253618", "source": "gdelt", "event_type": "Fight", "sub_type": "CAMEO 192", "date": "2026-09-28", "title": "Fight — South Korea", "description": "", "fatalities": null, "actors": ["ADMINISTRATION"], "country": "KS", "links": ["https://www.unian.net/tourism/news/na-populyarnom-vodopade-v-yuzhnoy-koree-pogib-turist-hotel-sdelat-krasivoe-foto-13512387.html"], "confidence": 0.8, "tone": -3.09278350515464, "goldstein": -9.5, "mentions": 10}}, {"type": "Feature", "geometry": {"type": "Point", "coordinates": [-74.7964, 10.9639]}, "properties": {"id": "gdelt-1325253626", "source": "gdelt", "event_type": "Fight", "sub_type": "CAMEO 190", "date": "2026-09-28", "title": "Fight — Barranquilla, Atláico, Colombia", "description": "", "fatalities": null, "actors": ["GOVERNMENT", "COLOMBIA"], "country": "CO", "links": ["https://aristeguinoticias.com/2809/mundo/un-tiro-de-gracia-la-muerte-de-un-joven-campesino-reabre-las-heridas-de-los-falsos-positivos-en-colombia/"], "confidence": 0.5, "tone": -4.15314730694354, "goldstein": -10.0, "mentions": 4}}, {"type": "Feature", "geometry": {"type": "Point", "coordinates": [-74.7964, 10.9639]}, "properties": {"id": "gdelt-1325253633", "source": "gdelt", "event_type": "Fight", "sub_type": "CAMEO 190", "date": "2026-09-28", "title": "Fight — Barranquilla, Atláico, Colombia", "description": "", "fatalities": null, "actors": ["GOVERNMENT", "PEASANT"], "country": "CO", "links": ["https://aristeguinoticias.com/2809/mundo/un-tiro-de-gracia-la-muerte-de-un-joven-campesino-reabre-las-heridas-de-los-falsos-positivos-en-colombia/"], "confidence": 0.4, "tone": -4.15314730694354, "goldstein": -10.0, "mentions": 2}}, {"type": "Feature", "geometry": {"type": "Point", "coordinates": [-117.122, 38.4199]}, "properties": {"id": "gdelt-1325253634", "source": "gdelt", "event_type": "Fight", "sub_type": "CAMEO 190", "date": "2026-09-28", "title": "Fight — Nevada, United States", "description": "", "fatalities": null, "actors": ["GOVERNMENT", "PEASANT"], "country": "US", "links": ["https://aristeguinoticias.com/2809/mundo/un-tiro-de-gracia-la-muerte-de-un-joven-campesino-reabre-las-heridas-de-los-falsos-positivos-en-colombia/"], "confidence": 0.5, "tone": -4.15314730694354, "goldstein": -10.0, "mentions": 4}}, {"type": "Feature", "geometry": {"type": "Point", "coordinates": [21.0, 52.25]}, "properties": {"id": "gdelt-1325253653", "source": "gdelt", "event_type": "Fight", "sub_type": "CAMEO 193", "date": "2026-09-28", "title": "Fight — Warsaw, (PL67), Poland", "description": "", "fatalities": null, "actors": ["MINISTRY", "POLISH"], "country": "PL", "links": ["https://ria.ru/20260928/voennye-2120704212.html"], "confidence": 0.8, "tone": -3.59477124183006, "goldstein": -10.0, "mentions": 10}}, {"type": "Feature", "geometry": {"type": "Point", "coordinates": [19.0833, 47.5]}, "properties": {"id": "gdelt-1325253684", "source": "gdelt", "event_type": "Assault", "sub_type": "CAMEO 180", "date": "2026-09-28", "title": "Assault — Budapest, Budapest, Hungary", "description": "", "fatalities": null, "actors": ["HUNGARY", "PARLIAMENT"], "country": "HU", "links": ["https://kp.ua/ua/politics/a736610-parlament-uhorshchini-pozbaviv-nedotorkannosti-premjera-madjara-cherez-kradizhku-telefonu-u-2024-rotsi"], "confidence": 0.8, "tone": -5.75221238938053, "goldstein": -9.0, "mentions": 10}}, {"type": "Feature", "geometry": {"type": "Point", "coordinates": [80.9167, 26.85]}, "properties": {"id": "gdelt-1325253696", "source": "gdelt", "event_type": "Assault", "sub_type": "CAMEO 180", "date": "2026-09-28", "title": "Assault — Lucknow, Uttar Pradesh, India", "description": "", "fatalities": null, "actors": ["DELHI"], "country": "IN", "links": ["https://hindi.pardaphash.com/agra-news-congress-protests-at-chief-election-commissioner-gyanesh-kumars-ancestral-home-vote-thief-is-written-on-the-gate-and-walls-of-the-house/"], "confidence": 0.4, "tone": -5.39772727272727, "goldstein": -9.0, "mentions": 2}}, {"type": "Feature", "geometry": {"type": "Point", "coordinates": [77.2, 28.6]}, "properties": {"id": "gdelt-1325253697", "source": "gdelt", "event_type": "Assault", "sub_type": "CAMEO 1821", "date": "2026-09-28", "title": "Assault — New Delhi, Delhi, India", "description": "", "fatalities": null, "actors": ["NEW DELHI", "GANG"], "country": "IN", "links": ["https://www.andhrajyothy.com/2026/national/supreme-court-takes-suo-motu-cognizance-of-rape-cases-in-delhi-ncr-1562218.html"], "confidence": 0.6000000000000001, "tone": -5.91715976331361, "goldstein": -9.0, "mentions": 6}}, {"type": "Feature", "geometry": {"type": "Point", "coordinates": [44.3939, 33.3386]}, "properties": {"id": "gdelt-1325253704", "source": "gdelt", "event_type": "Fight", "sub_type": "CAMEO 190", "date": "2026-09-28", "title": "Fight — Baghdad, Baghdad, Iraq", "description": "", "fatalities": null, "actors": ["IRANIAN"], "country": "IZ", "links": ["https://pnn.ps/news/728358"], "confidence": 0.4, "tone": -4.33526011560693, "goldstein": -10.0, "mentions": 2}}, {"type": "Feature", "geometry": {"type": "Point", "coordinates": [44.0106, 36.1926]}, "properties": {"id": "gdelt-1325253710", "source": "gdelt", "event_type": "Fight", "sub_type": "CAMEO 190", "date": "2026-09-28", "title": "Fight — Erbil, Liwa' Irbil, Iraq", "description": "", "fatalities": null, "actors": ["IRAQ"], "country": "IZ", "links": ["https://pnn.ps/news/728358"], "confidence": 0.8, "tone": -4.33526011560693, "goldstein": -10.0, "mentions": 10}}, {"type": "Feature", "geometry": {"type": "Point", "coordinates": [34.7667, 32.0667]}, "properties": {"id": "gdelt-1325253715", "source": "gdelt", "event_type": "Assault", "sub_type": "CAMEO 186", "date": "2026-09-28", "title": "Assault — Tel Aviv, Tel Aviv, Israel", "description": "", "fatalities": null, "actors": ["ISRAELI"], "country": "IS", "links": ["https://arabic.euronews.com/2026/09/28/israeli-officers-reveal-details-of-hassan-nasrallah-assassination"], "confidence": 0.65, "tone": -2.63157894736842, "goldstein": -10.0, "mentions": 7}}, {"type": "Feature", "geometry": {"type": "Point", "coordinates": [38.0, 35.0]}, "properties": {"id": "gdelt-1325253716", "source": "gdelt", "event_type": "Assault", "sub_type": "CAMEO 186", "date": "2026-09-28", "title": "Assault — Syria", "description": "", "fatalities": null, "actors": ["ISRAELI"], "country": "SY", "links": ["https://arabic.euronews.com/2026/09/28/israeli-officers-reveal-details-of-hassan-nasrallah-assassination"], "confidence": 0.35, "tone": -2.63157894736842, "goldstein": -10.0, "mentions": 1}}, {"type": "Feature", "geometry": {"type": "Point", "coordinates": [34.7667, 32.0667]}, "properties": {"id": "gdelt-1325253717", "source": "gdelt", "event_type": "Fight", "sub_type": "CAMEO 190", "date": "2026-09-28", "title": "Fight — Tel Aviv, Tel Aviv, Israel", "description": "", "fatalities": null, "actors": ["ISRAEL"], "country": "IS", "links": ["https://arabic.euronews.com/2026/09/28/israeli-officers-reveal-details-of-hassan-nasrallah-assassination"], "confidence": 0.7, "tone": -2.63157894736842, "goldstein": -10.0, "mentions": 8}}, {"type": "Feature", "geometry": {"type": "Point", "coordinates": [35.5097, 33.8719]}, "properties": {"id": "gdelt-1325253718", "source": "gdelt", "event_type": "Fight", "sub_type": "CAMEO 190", "date": "2026-09-28", "title": "Fight — Beirut, Beyrouth, Lebanon", "description": "", "fatalities": null, "actors": ["ISRAEL"], "country": "LE", "links": ["https://arabic.euronews.com/2026/09/28/israeli-officers-reveal-details-of-hassan-nasrallah-assassination"], "confidence": 0.4, "tone": -2.63157894736842, "goldstein": -10.0, "mentions": 2}}, {"type": "Feature", "geometry": {"type": "Point", "coordinates": [34.5715, 31.6693]}, "properties": {"id": "gdelt-1325253719", "source": "gdelt", "event_type": "Fight", "sub_type": "CAMEO 193", "date": "2026-09-28", "title": "Fight — Ashkelon, HaDarom, Israel", "description": "", "fatalities": null, "actors": ["ISRAELI"], "country": "IS", "links": ["https://arabic.euronews.com/2026/09/28/cell-ben-gvir-threatens-qassam-commander-hassan-salameh-with-execution"], "confidence": 0.35, "tone": -6.56934306569343, "goldstein": -10.0, "mentions": 1}}, {"type": "Feature", "geometry": {"type": "Point", "coordinates": [35.2333, 31.7667]}, "properties": {"id": "gdelt-1325253720", "source": "gdelt", "event_type": "Assault", "sub_type": "CAMEO 180", "date": "2026-09-28", "title": "Assault — Jerusalem, Israel (general), Israel", "description": "", "fatalities": null, "actors": ["JERUSALEM", "BANK"], "country": "IS", "links": ["https://www.haberler.com/guncel/israilliler-ramallah-ta-gece-bir-filistinlinin-20278331-haberi/"], "confidence": 0.7, "tone": -4.39882697947214, "goldstein": -9.0, "mentions": 8}}, {"type": "Feature", "geometry": {"type": "Point", "coordinates": [35.1, 31.5333]}, "properties": {"id": "gdelt-1325253721", "source": "gdelt", "event_type": "Fight", "sub_type": "CAMEO 190", "date": "2026-09-28", "title": "Fight — Hebron, Israel (general), Israel", "description": "", "fatalities": null, "actors": ["ISRAEL", "COLONIST"], "country": "IS", "links": ["https://pnn.ps/news/728363"], "confidence": 0.6000000000000001, "tone": -7.40740740740741, "goldstein": -10.0, "mentions": 6}}, {"type": "Feature", "geometry": {"type": "Point", "coordinates": [34.75, 31.5]}, "properties": {"id": "gdelt-1325253723", "source": "gdelt", "event_type": "Fight", "sub_type": "CAMEO 190", "date": "2026-09-28", "title": "Fight — Israel", "description": "", "fatalities": null, "actors": ["ISRAEL", "LEBANON"], "country": "IS", "links": ["https://pnn.ps/news/728350"], "confidence": 0.8, "tone": -10.4, "goldstein": -10.0, "mentions": 10}}, {"type": "Feature", "geometry": {"type": "Point", "coordinates": [35.5097, 33.8719]}, "properties": {"id": "gdelt-1325253726", "source": "gdelt", "event_type": "Fight", "sub_type": "CAMEO 190", "date": "2026-09-28", "title": "Fight — Beirut, Beyrouth, Lebanon", "description": "", "fatalities": null, "actors": ["ISRAELI", "BEIRUT"], "country": "LE", "links": ["https://arabic.euronews.com/2026/09/28/israeli-officers-reveal-details-of-hassan-nasrallah-assassination"], "confidence": 0.7, "tone": -2.63157894736842, "goldstein": -10.0, "mentions": 8}}, {"type": "Feature", "geometry": {"type": "Point", "coordinates": [12.833333, 42.833333]}, "properties": {"id": "gdelt-1325253734", "source": "gdelt", "event_type": "Assault", "sub_type": "CAMEO 180", "date": "2026-09-28", "title": "Assault — Italy", "description": "", "fatalities": null, "actors": ["ITALY"], "country": "IT", "links": ["https://www.zazoom.it/2026-09-28/sconto-carburanti-i-benzinai-fuori-dalle-reti-eni-e-ip-temono-di-perdere-clienti-in-toscana-prezzi-giu-di-mezzo-centesimo/19732719/"], "confidence": 0.8, "tone": -2.07156308851224, "goldstein": -9.0, "mentions": 10}}, {"type": "Feature", "geometry": {"type": "Point", "coordinates": [30.0, 27.0]}, "properties": {"id": "gdelt-1325253735", "source": "gdelt", "event_type": "Assault", "sub_type": "CAMEO 1822", "date": "2026-09-28", "title": "Assault — Egypt", "description": "", "fatalities": null, "actors": ["ITALIAN"], "country": "EG", "links": ["https://www.zazoom.it/2026-09-28/regeni-attesa-alle-18-la-sentenza-sugli-007-egiziani-la-famiglia-e-gia-una-vittoria-ma-non-ci-accontentiamo-tajani-da-al-sisi-non-ci-riguarda/19732765/"], "confidence": 0.8, "tone": -5.46875, "goldstein": -9.0, "mentions": 10}}, {"type": "Feature", "geometry": {"type": "Point", "coordinates": [12.833333, 42.833333]}, "properties": {"id": "gdelt-1325253737", "source": "gdelt", "event_type": "Fight", "sub_type": "CAMEO 190", "date": "2026-09-28", "title": "Fight — Italy", "description": "", "fatalities": null, "actors": ["NAPOLI", "POLICE"], "country": "IT", "links": ["https://www.turkiyegazetesi.com.tr/dunya/duvarlardan-178-milyon-lira-cikti-polis-kovayla-tasimak-zorunda-kaldi-1819138"], "confidence": 0.8, "tone": -1.20192307692308, "goldstein": -10.0, "mentions": 10}}, {"type": "Feature", "geometry": {"type": "Point", "coordinates": [12.4833, 41.9]}, "properties": {"id": "gdelt-1325253738", "source": "gdelt", "event_type": "Assault", "sub_type": "CAMEO 1822", "date": "2026-09-28", "title": "Assault — Rome, Lazio, Italy", "description": "", "fatalities": null, "actors": ["ITALIAN", "CRIMINAL"], "country": "IT", "links": ["https://www.affaritaliani.it/cronache/caso-regeni-dalla-scomparsa-alla-sentenza-tutti-i-fatti-in-dieci-anni-di-indagini.html"], "confidence": 0.7, "tone": -4.7085201793722, "goldstein": -9.0, "mentions": 8}}, {"type": "Feature", "geometry": {"type": "Point", "coordinates": [12.4833, 41.9]}, "properties": {"id": "gdelt-1325253739", "source": "gdelt", "event_type": "Assault", "sub_type": "CAMEO 1822", "date": "2026-09-28", "title": "Assault — Rome, Lazio, Italy", "description": "", "fatalities": null, "actors": ["ITALIAN", "CRIMINAL"], "country": "IT", "links": ["https://www.affaritaliani.it/cronache/caso-regeni-dalla-scomparsa-alla-sentenza-tutti-i-fatti-in-dieci-anni-di-indagini.html"], "confidence": 0.4, "tone": -4.7085201793722, "goldstein": -9.0, "mentions": 2}}, {"type": "Feature", "geometry": {"type": "Point", "coordinates": [12.4833, 41.9]}, "properties": {"id": "gdelt-1325253751", "source": "gdelt", "event_type": "Assault", "sub_type": "CAMEO 1822", "date": "2026-09-28", "title": "Assault — Rome, Lazio, Italy", "description": "", "fatalities": null, "actors": ["ITALIAN"], "country": "IT", "links": ["https://www.dagospia.com/politica/basta-prese-per-cairo-l-eventuale-condanna-corte-d-assise-roma-nei-488327"], "confidence": 0.6000000000000001, "tone": -5.30303030303031, "goldstein": -9.0, "mentions": 6}}, {"type": "Feature", "geometry": {"type": "Point", "coordinates": [12.4833, 41.9]}, "properties": {"id": "gdelt-1325253752", "source": "gdelt", "event_type": "Assault", "sub_type": "CAMEO 1822", "date": "2026-09-28", "title": "Assault — Rome, Lazio, Italy", "description": "", "fatalities": null, "actors": ["ITALIAN", "ITALY"], "country": "IT", "links": ["https://www.dagospia.com/politica/basta-prese-per-cairo-l-eventuale-condanna-corte-d-assise-roma-nei-488327"], "confidence": 0.5, "tone": -5.30303030303031, "goldstein": -9.0, "mentions": 4}}, {"type": "Feature", "geometry": {"type": "Point", "coordinates": [30.2642, 59.8944]}, "properties": {"id": "gdelt-1325253776", "source": "gdelt", "event_type": "Coerce", "sub_type": "CAMEO 173", "date": "2026-09-28", "title": "Coerce — Petersburg, Sankt-Peterburg, Russia", "description": "", "fatalities": null, "actors": ["PROSECUTOR", "CRIMINAL"], "country": "RS", "links": ["https://piter.tv/event/nezakonnie_ekskursii_sud/"], "confidence": 0.7, "tone": 0.0, "goldstein": -5.0, "mentions": 8}}, {"type": "Feature", "geometry": {"type": "Point", "coordinates": [10.5, 51.5]}, "properties": {"id": "gdelt-1325253798", "source": "gdelt", "event_type": "Assault", "sub_type": "CAMEO 180", "date": "2026-09-28", "title": "Assault — Germany", "description": "", "fatalities": null, "actors": ["UNIONS", "ISTANBUL"], "country": "GM", "links": ["https://www.902.gr/eidisi/ergatiki-taxi/429526/o-agonas-ton-limenergaton-tis-germanias-mporei-kai-prepei-na-nikisei"], "confidence": 0.8, "tone": -2.1978021978022, "goldstein": -9.0, "mentions": 10}}, {"type": "Feature", "geometry": {"type": "Point", "coordinates": [-5.0, 32.0]}, "properties": {"id": "gdelt-1325253836", "source": "gdelt", "event_type": "Fight", "sub_type": "CAMEO 192", "date": "2026-09-28", "title": "Fight — Morocco", "description": "", "fatalities": null, "actors": ["MOROCCO", "IMMIGRANT"], "country": "MO", "links": ["https://www.antena3.com/programas/espejo-publico/noticias/lorena-garcia-visita-marruecos-nadie-tiene-dudas-alli-que-dejo-pasar-gente-ceuta_202609286aba3e8fa520494aafd862c9.html"], "confidence": 0.7, "tone": -0.81743869209809, "goldstein": -9.5, "mentions": 8}}, {"type": "Feature", "geometry": {"type": "Point", "coordinates": [85.1667, 56.4167]}, "properties": {"id": "gdelt-1325253857", "source": "gdelt", "event_type": "Protest", "sub_type": "CAMEO 143", "date": "2026-09-28", "title": "Protest — Protopopova, Tomskaya Oblast', Russia", "description": "", "fatalities": null, "actors": ["PUBLISHING HOUSE"], "country": "RS", "links": ["https://www.m24.ru/news/28092026/946379"], "confidence": 0.8, "tone": -3.41463414634146, "goldstein": -6.5, "mentions": 10}}, {"type": "Feature", "geometry": {"type": "Point", "coordinates": [15.0, 62.0]}, "properties": {"id": "gdelt-1325253873", "source": "gdelt", "event_type": "Fight", "sub_type": "CAMEO 190", "date": "2026-09-28", "title": "Fight — Sweden", "description": "", "fatalities": null, "actors": ["MEXICO"], "country": "SW", "links": ["https://www.excelsior.com.mx/opinion/jorge-fernandez-menendez/fgr-eslabon-mas-debil"], "confidence": 0.6000000000000001, "tone": -3.22952710495963, "goldstein": -10.0, "mentions": 6}}, {"type": "Feature", "geometry": {"type": "Point", "coordinates": [35.833333, 33.833333]}, "properties": {"id": "gdelt-1325253884", "source": "gdelt", "event_type": "Coerce", "sub_type": "CAMEO 1712", "date": "2026-09-28", "title": "Coerce — Lebanon", "description": "", "fatalities": null, "actors": ["BATTLESHIP"], "country": "LE", "links": ["https://pnn.ps/news/728350"], "confidence": 0.8, "tone": -10.4, "goldstein": -9.2, "mentions": 10}}, {"type": "Feature", "geometry": {"type": "Point", "coordinates": [38.0, 8.0]}, "properties": {"id": "gdelt-1325253885", "source": "gdelt", "event_type": "Fight", "sub_type": "CAMEO 190", "date": "2026-09-28", "title": "Fight — Ethiopia", "description": "", "fatalities": null, "actors": ["ARMY"], "country": "ET", "links": ["https://www.pressafrik.com/Ethiopie-l-armee-federale-intensifie-sa-contre-offensive-dans-le-nord-la-television-publique-frappee-par-un-drone_a312236.html"], "confidence": 0.8, "tone": -3.35051546391753, "goldstein": -10.0, "mentions": 10}}, {"type": "Feature", "geometry": {"type": "Point", "coordinates": [-55.8, -19.9]}, "properties": {"id": "gdelt-1325253894", "source": "gdelt", "event_type": "Fight", "sub_type": "CAMEO 190", "date": "2026-09-28", "title": "Fight — Guarani, Mato Grosso do Sul, Brazil", "description": "", "fatalities": null, "actors": ["MILITARY POLICE", "INDIGENOUS"], "country": "BR", "links": ["https://racismoambiental.net.br/2026/09/28/tekoha-tapyi-kora-setembro-registra-nova-escalada-de-ataques-contra-os-guarani-e-kaiowa-com-possibilidade-de-despejo/"], "confidence": 0.8, "tone": -2.56222547584188, "goldstein": -10.0, "mentions": 10}}, {"type": "Feature", "geometry": {"type": "Point", "coordinates": [74.1159, 32.4458]}, "properties": {"id": "gdelt-1325253912", "source": "gdelt", "event_type": "Assault", "sub_type": "CAMEO 180", "date": "2026-09-28", "title": "Assault — Wazirabad, Punjab, Pakistan", "description": "", "fatalities": null, "actors": ["PAKISTAN", "POLICE"], "country": "PK", "links": ["https://www.punjabkesari.in/international/news/three-traffic-policemen-killed-in-gun-attack-in-pakistan-s-northwest-2384104"], "confidence": 0.6000000000000001, "tone": -12.7659574468085, "goldstein": -9.0, "mentions": 6}}, {"type": "Feature", "geometry": {"type": "Point", "coordinates": [74.1159, 32.4458]}, "properties": {"id": "gdelt-1325253913", "source": "gdelt", "event_type": "Assault", "sub_type": "CAMEO 180", "date": "2026-09-28", "title": "Assault — Wazirabad, Punjab, Pakistan", "description": "", "fatalities": null, "actors": ["PAKISTAN", "POLICE"], "country": "PK", "links": ["https://www.punjabkesari.in/international/news/three-traffic-policemen-killed-in-gun-attack-in-pakistan-s-northwest-2384104"], "confidence": 0.4, "tone": -12.7659574468085, "goldstein": -9.0, "mentions": 2}}, {"type": "Feature", "geometry": {"type": "Point", "coordinates": [100.0, 60.0]}, "properties": {"id": "gdelt-1325253915", "source": "gdelt", "event_type": "Fight", "sub_type": "CAMEO 193", "date": "2026-09-28", "title": "Fight — Russia", "description": "", "fatalities": null, "actors": ["POLISH"], "country": "RS", "links": ["https://www.denik.cz/cesko/cesko-letecky-utok-hroba-kde-najit-kryty/"], "confidence": 0.8, "tone": -3.03030303030303, "goldstein": -10.0, "mentions": 10}}, {"type": "Feature", "geometry": {"type": "Point", "coordinates": [35.2333, 31.7667]}, "properties": {"id": "gdelt-1325253937", "source": "gdelt", "event_type": "Assault", "sub_type": "CAMEO 180", "date": "2026-09-28", "title": "Assault — Jerusalem, Israel (general), Israel", "description": "", "fatalities": null, "actors": ["PALESTINIAN"], "country": "IS", "links": ["https://www.haberler.com/guncel/israilliler-ramallah-ta-gece-bir-filistinlinin-20278331-haberi/"], "confidence": 0.8, "tone": -4.39882697947214, "goldstein": -9.0, "mentions": 10}}, {"type": "Feature", "geometry": {"type": "Point", "coordinates": [34.3333, 31.4167]}, "properties": {"id": "gdelt-1325253941", "source": "gdelt", "event_type": "Coerce", "sub_type": "CAMEO 173", "date": "2026-09-28", "title": "Coerce — Gaza, Israel (general), Israel", "description": "", "fatalities": null, "actors": ["PALESTINIAN"], "country": "IS", "links": ["https://arabic.euronews.com/2026/09/28/cell-ben-gvir-threatens-qassam-commander-hassan-salameh-with-execution"], "confidence": 0.8, "tone": -6.56934306569343, "goldstein": -5.0, "mentions": 10}}, {"type": "Feature", "geometry": {"type": "Point", "coordinates": [30.0, 27.0]}, "properties": {"id": "gdelt-1325253944", "source": "gdelt", "event_type": "Fight", "sub_type": "CAMEO 190", "date": "2026-09-28", "title": "Fight — Egypt", "description": "", "fatalities": null, "actors": ["HAMAS", "RESIDENTS"], "country": "EG", "links": ["https://www.kikar.co.il/security-news/tm2d8g"], "confidence": 0.4, "tone": -3.96039603960396, "goldstein": -10.0, "mentions": 2}}, {"type": "Feature", "geometry": {"type": "Point", "coordinates": [30.0, 27.0]}, "properties": {"id": "gdelt-1325253945", "source": "gdelt", "event_type": "Fight", "sub_type": "CAMEO 190", "date": "2026-09-28", "title": "Fight — Egypt", "description": "", "fatalities": null, "actors": ["HAMAS", "RESIDENTS"], "country": "EG", "links": ["https://www.kikar.co.il/security-news/tm2d8g"], "confidence": 0.4, "tone": -3.96039603960396, "goldstein": -10.0, "mentions": 2}}, {"type": "Feature", "geometry": {"type": "Point", "coordinates": [34.373398, 31.425074]}, "properties": {"id": "gdelt-1325253946", "source": "gdelt", "event_type": "Fight", "sub_type": "CAMEO 190", "date": "2026-09-28", "title": "Fight — Gaza Strip", "description": "", "fatalities": null, "actors": ["HAMAS", "RESIDENTS"], "country": "GZ", "links": ["https://www.kikar.co.il/security-news/tm2d8g"], "confidence": 0.6000000000000001, "tone": -3.96039603960396, "goldstein": -10.0, "mentions": 6}}, {"type": "Feature", "geometry": {"type": "Point", "coordinates": [74.1159, 32.4458]}, "properties": {"id": "gdelt-1325253951", "source": "gdelt", "event_type": "Assault", "sub_type": "CAMEO 180", "date": "2026-09-28", "title": "Assault — Wazirabad, Punjab, Pakistan", "description": "", "fatalities": null, "actors": ["RAIDER", "POLICE"], "country": "PK", "links": ["https://www.punjabkesari.in/international/news/three-traffic-policemen-killed-in-gun-attack-in-pakistan-s-northwest-2384104"], "confidence": 0.4, "tone": -12.7659574468085, "goldstein": -9.0, "mentions": 2}}, {"type": "Feature", "geometry": {"type": "Point", "coordinates": [-4.0, 40.0]}, "properties": {"id": "gdelt-1325253964", "source": "gdelt", "event_type": "Fight", "sub_type": "CAMEO 192", "date": "2026-09-28", "title": "Fight — Spain", "description": "", "fatalities": null, "actors": ["PRIEST"], "country": "SP", "links": ["https://www.diariopanorama.com/noticia/567920/confirmaron-feriado-nacional-visita-papa-leon-xiv-argentina"], "confidence": 0.8, "tone": 3.63636363636364, "goldstein": -9.5, "mentions": 10}}, {"type": "Feature", "geometry": {"type": "Point", "coordinates": [26.1, 44.4333]}, "properties": {"id": "gdelt-1325253971", "source": "gdelt", "event_type": "Fight", "sub_type": "CAMEO 190", "date": "2026-09-28", "title": "Fight — Bucharest, Bucuresti, Romania", "description": "", "fatalities": null, "actors": ["ROMANIA"], "country": "RO", "links": ["https://www.stiripesurse.ro/diana-tusa-trage-semnalul-de-alarma-asupra-pericolelor-pentru-copii-din-mediul-online-trebuie-sa-fie-in-siguranta-si-in-lumea-digitala_3923802"], "confidence": 0.8, "tone": -3.92156862745098, "goldstein": -10.0, "mentions": 10}}, {"type": "Feature", "geometry": {"type": "Point", "coordinates": [36.5802, 50.6107]}, "properties": {"id": "gdelt-1325253993", "source": "gdelt", "event_type": "Fight", "sub_type": "CAMEO 190", "date": "2026-09-28", "title": "Fight — Belgorod, Belgorodskaya Oblast', Russia", "description": "", "fatalities": null, "actors": ["RUSSIA"], "country": "RS", "links": ["https://www.mk.ru/incident/2026/09/28/povrezhdeny-mashiny-i-zhilye-doma-vsu-atakovali-belgorodskuyu-oblast.html"], "confidence": 0.8, "tone": -7.20720720720721, "goldstein": -10.0, "mentions": 10}}, {"type": "Feature", "geometry": {"type": "Point", "coordinates": [100.0, 60.0]}, "properties": {"id": "gdelt-1325254001", "source": "gdelt", "event_type": "Fight", "sub_type": "CAMEO 192", "date": "2026-09-28", "title": "Fight — Russia", "description": "", "fatalities": null, "actors": ["RUSSIAN", "POPULATION"], "country": "RS", "links": ["https://www.m24.ru/news/28092026/946312"], "confidence": 0.9, "tone": -1.86915887850467, "goldstein": -9.5, "mentions": 14}}, {"type": "Feature", "geometry": {"type": "Point", "coordinates": [32.0, 49.0]}, "properties": {"id": "gdelt-1325254005", "source": "gdelt", "event_type": "Fight", "sub_type": "CAMEO 195", "date": "2026-09-28", "title": "Fight — Ukraine", "description": "", "fatalities": null, "actors": ["RUSSIA", "NATO"], "country": "UP", "links": ["https://www.tu.no/forsvar/dansk-e-tjeneste-advarer-tek-ledere-og-forsvarstopper-er-mal-for-russland/5705912"], "confidence": 0.8, "tone": -3.73376623376624, "goldstein": -10.0, "mentions": 10}}, {"type": "Feature", "geometry": {"type": "Point", "coordinates": [30.5167, 50.4333]}, "properties": {"id": "gdelt-1325254017", "source": "gdelt", "event_type": "Fight", "sub_type": "CAMEO 190", "date": "2026-09-28", "title": "Fight — Kiev, Ukraine (general), Ukraine", "description": "", "fatalities": null, "actors": ["RUSSIA", "UKRAINIAN"], "country": "UP", "links": ["https://www.stiripesurse.ro/dmitri-peskov-ucraina-va-trebui-sa-plateasca-un-pret-pentru-actiunile-care-au-avut-loc-in-ultimele-luni_3923809"], "confidence": 0.4, "tone": -1.88694267515924, "goldstein": -10.0, "mentions": 2}}, {"type": "Feature", "geometry": {"type": "Point", "coordinates": [100.0, 60.0]}, "properties": {"id": "gdelt-1325254029", "source": "gdelt", "event_type": "Coerce", "sub_type": "CAMEO 1712", "date": "2026-09-28", "title": "Coerce — Russia", "description": "", "fatalities": null, "actors": ["RUSSIA"], "country": "RS", "links": ["https://iz.ru/2174747/minoborony-opublikovalo-kadry-unichtozheniia-punkt-upravleniia-dronami-vsu-izi"], "confidence": 0.5, "tone": -5.91133004926108, "goldstein": -9.2, "mentions": 4}}, {"type": "Feature", "geometry": {"type": "Point", "coordinates": [100.0, 60.0]}, "properties": {"id": "gdelt-1325254030", "source": "gdelt", "event_type": "Fight", "sub_type": "CAMEO 192", "date": "2026-09-28", "title": "Fight — Russia", "description": "", "fatalities": null, "actors": ["RUSSIAN", "POPULATION"], "country": "RS", "links": ["https://www.m24.ru/news/28092026/946312"], "confidence": 0.6000000000000001, "tone": -1.86915887850467, "goldstein": -9.5, "mentions": 6}}, {"type": "Feature", "geometry": {"type": "Point", "coordinates": [100.0, 60.0]}, "properties": {"id": "gdelt-1325254032", "source": "gdelt", "event_type": "Coerce", "sub_type": "CAMEO 1712", "date": "2026-09-28", "title": "Coerce — Russia", "description": "", "fatalities": null, "actors": ["RUSSIA", "UKRAINE"], "country": "RS", "links": ["https://iz.ru/2174747/minoborony-opublikovalo-kadry-unichtozheniia-punkt-upravleniia-dronami-vsu-izi"], "confidence": 0.6000000000000001, "tone": -5.91133004926108, "goldstein": -9.2, "mentions": 6}}, {"type": "Feature", "geometry": {"type": "Point", "coordinates": [44.0, 33.0]}, "properties": {"id": "gdelt-1325254040", "source": "gdelt", "event_type": "Coerce", "sub_type": "CAMEO 173", "date": "2026-09-28", "title": "Coerce — Iraq", "description": "", "fatalities": null, "actors": ["SYRIAN"], "country": "IZ", "links": ["https://arabic.euronews.com/2026/09/28/syria-arrest-isis-terrorism-kidnapping-raqqa-syrian-ministry-of-interior"], "confidence": 0.6000000000000001, "tone": -3.16027088036117, "goldstein": -5.0, "mentions": 6}}, {"type": "Feature", "geometry": {"type": "Point", "coordinates": [44.0, 33.0]}, "properties": {"id": "gdelt-1325254041", "source": "gdelt", "event_type": "Coerce", "sub_type": "CAMEO 173", "date": "2026-09-28", "title": "Coerce — Iraq", "description": "", "fatalities": null, "actors": ["SYRIAN", "SYRIA"], "country": "IZ", "links": ["https://arabic.euronews.com/2026/09/28/syria-arrest-isis-terrorism-kidnapping-raqqa-syrian-ministry-of-interior"], "confidence": 0.5, "tone": -3.16027088036117, "goldstein": -5.0, "mentions": 4}}, {"type": "Feature", "geometry": {"type": "Point", "coordinates": [26.0, -30.0]}, "properties": {"id": "gdelt-1325254055", "source": "gdelt", "event_type": "Fight", "sub_type": "CAMEO 190", "date": "2026-09-28", "title": "Fight — South Africa", "description": "", "fatalities": null, "actors": ["ARMED MEN"], "country": "SF", "links": ["https://www.dagospia.com/cronache/macelleria-sudafricana-almeno-27-state-uccise-in-delle-principali-citta-488301"], "confidence": 0.8, "tone": -10.5442176870748, "goldstein": -10.0, "mentions": 10}}, {"type": "Feature", "geometry": {"type": "Point", "coordinates": [-55.2167, -23.0833]}, "properties": {"id": "gdelt-1325254056", "source": "gdelt", "event_type": "Fight", "sub_type": "CAMEO 190", "date": "2026-09-28", "title": "Fight — Amambai, Mato Grosso do Sul, Brazil", "description": "", "fatalities": null, "actors": ["GUNMEN", "INDIGENOUS"], "country": "BR", "links": ["https://racismoambiental.net.br/2026/09/28/tekoha-tapyi-kora-setembro-registra-nova-escalada-de-ataques-contra-os-guarani-e-kaiowa-com-possibilidade-de-despejo/"], "confidence": 0.8, "tone": -2.56222547584188, "goldstein": -10.0, "mentions": 10}}, {"type": "Feature", "geometry": {"type": "Point", "coordinates": [30.5167, 50.4333]}, "properties": {"id": "gdelt-1325254060", "source": "gdelt", "event_type": "Coerce", "sub_type": "CAMEO 1712", "date": "2026-09-28", "title": "Coerce — Kiev, Ukraine (general), Ukraine", "description": "", "fatalities": null, "actors": ["UKRAINE"], "country": "UP", "links": ["https://www.unian.net/war/chego-hochet-putin-dikiy-nazval-glavnuyu-cel-rossiyskih-udarov-13512342.html"], "confidence": 0.5, "tone": -1.70454545454545, "goldstein": -9.2, "mentions": 4}}, {"type": "Feature", "geometry": {"type": "Point", "coordinates": [37.6156, 55.7522]}, "properties": {"id": "gdelt-1325254061", "source": "gdelt", "event_type": "Coerce", "sub_type": "CAMEO 1712", "date": "2026-09-28", "title": "Coerce — Moscow, Moskva, Russia", "description": "", "fatalities": null, "actors": ["UKRAINE"], "country": "RS", "links": ["https://www.unian.net/war/chego-hochet-putin-dikiy-nazval-glavnuyu-cel-rossiyskih-udarov-13512342.html"], "confidence": 0.6000000000000001, "tone": -1.70454545454545, "goldstein": -9.2, "mentions": 6}}, {"type": "Feature", "geometry": {"type": "Point", "coordinates": [30.5167, 50.4333]}, "properties": {"id": "gdelt-1325254062", "source": "gdelt", "event_type": "Coerce", "sub_type": "CAMEO 172", "date": "2026-09-28", "title": "Coerce — Kiev, Ukraine (general), Ukraine", "description": "", "fatalities": null, "actors": ["KIEV"], "country": "UP", "links": ["https://kavpolit.com/tech/2026/09/28/v-kieve-ogranichili-dvizhenie-na-evropejskoj-ploshhadi-chto-izmenilos-s-28-sentyabrya/"], "confidence": 0.8, "tone": -1.70068027210884, "goldstein": -5.0, "mentions": 10}}, {"type": "Feature", "geometry": {"type": "Point", "coordinates": [34.3205, 51.7964]}, "properties": {"id": "gdelt-1325254063", "source": "gdelt", "event_type": "Coerce", "sub_type": "CAMEO 173", "date": "2026-09-28", "title": "Coerce — Korenok, Sums'ka Oblast', Ukraine", "description": "", "fatalities": null, "actors": ["DONETSK", "PRISON"], "country": "UP", "links": ["https://gazeta.ua/ru/articles/donbas/_rf-ob-yavila-voznagrazhdenie-v-20-mln-za-informaciyu-o-madyare/1259262"], "confidence": 0.8, "tone": -7.16510903426791, "goldstein": -5.0, "mentions": 10}}, {"type": "Feature", "geometry": {"type": "Point", "coordinates": [37.6156, 55.7522]}, "properties": {"id": "gdelt-1325254064", "source": "gdelt", "event_type": "Fight", "sub_type": "CAMEO 192", "date": "2026-09-28", "title": "Fight — Moscow, Moskva, Russia", "description": "", "fatalities": null, "actors": ["UKRAINE", "VILLAGE"], "country": "RS", "links": ["https://www.interfax.ru/russia/1118878"], "confidence": 0.4, "tone": -2.76679841897233, "goldstein": -9.5, "mentions": 2}}, {"type": "Feature", "geometry": {"type": "Point", "coordinates": [37.6156, 55.7522]}, "properties": {"id": "gdelt-1325254065", "source": "gdelt", "event_type": "Fight", "sub_type": "CAMEO 192", "date": "2026-09-28", "title": "Fight — Moscow, Moskva, Russia", "description": "", "fatalities": null, "actors": ["UKRAINE", "VILLAGE"], "country": "RS", "links": ["https://www.interfax.ru/russia/1118878"], "confidence": 0.5, "tone": -2.76679841897233, "goldstein": -9.5, "mentions": 4}}, {"type": "Feature", "geometry": {"type": "Point", "coordinates": [34.8003, 50.9216]}, "properties": {"id": "gdelt-1325254066", "source": "gdelt", "event_type": "Fight", "sub_type": "CAMEO 193", "date": "2026-09-28", "title": "Fight — Sumy, Sums'ka Oblast', Ukraine", "description": "", "fatalities": null, "actors": ["UKRAINE", "POPULATION"], "country": "UP", "links": ["https://gazeta.ua/ru/articles/donbas/_rf-ob-yavila-voznagrazhdenie-v-20-mln-za-informaciyu-o-madyare/1259262"], "confidence": 0.6000000000000001, "tone": -7.16510903426791, "goldstein": -10.0, "mentions": 6}}, {"type": "Feature", "geometry": {"type": "Point", "coordinates": [30.5167, 50.4333]}, "properties": {"id": "gdelt-1325254067", "source": "gdelt", "event_type": "Coerce", "sub_type": "CAMEO 172", "date": "2026-09-28", "title": "Coerce — Kiev, Ukraine (general), Ukraine", "description": "", "fatalities": null, "actors": ["KIEV", "EUROPEAN"], "country": "UP", "links": ["https://kavpolit.com/tech/2026/09/28/v-kieve-ogranichili-dvizhenie-na-evropejskoj-ploshhadi-chto-izmenilos-s-28-sentyabrya/"], "confidence": 0.7, "tone": -1.70068027210884, "goldstein": -5.0, "mentions": 8}}, {"type": "Feature", "geometry": {"type": "Point", "coordinates": [30.5167, 50.4333]}, "properties": {"id": "gdelt-1325254075", "source": "gdelt", "event_type": "Fight", "sub_type": "CAMEO 190", "date": "2026-09-28", "title": "Fight — Kiev, Ukraine (general), Ukraine", "description": "", "fatalities": null, "actors": ["KIEV", "RUSSIAN"], "country": "UP", "links": ["https://www.unian.ua/war/rosiyskiy-dron-vluchiv-u-budivlyu-nacionalnoji-akademiji-nauk-ukrajini-u-kiyevi-novini-kiyeva-13512435.html"], "confidence": 0.4, "tone": -3.07692307692308, "goldstein": -10.0, "mentions": 2}}, {"type": "Feature", "geometry": {"type": "Point", "coordinates": [100.0, 60.0]}, "properties": {"id": "gdelt-1325254077", "source": "gdelt", "event_type": "Fight", "sub_type": "CAMEO 193", "date": "2026-09-28", "title": "Fight — Russia", "description": "", "fatalities": null, "actors": ["UKRAINIAN", "UKRAINE"], "country": "RS", "links": ["https://gazeta.ua/ru/articles/np/_okkupanty-pohitili-grazhdanskih-i-pognali-ih-cherez-gazovuyu-trubu-kak-zhivoj-schit/1259272"], "confidence": 0.4, "tone": -4.53400503778337, "goldstein": -10.0, "mentions": 2}}, {"type": "Feature", "geometry": {"type": "Point", "coordinates": [100.0, 60.0]}, "properties": {"id": "gdelt-1325254080", "source": "gdelt", "event_type": "Fight", "sub_type": "CAMEO 193", "date": "2026-09-28", "title": "Fight — Russia", "description": "", "fatalities": null, "actors": ["UKRAINIAN"], "country": "RS", "links": ["https://gazeta.ua/ru/articles/np/_okkupanty-pohitili-grazhdanskih-i-pognali-ih-cherez-gazovuyu-trubu-kak-zhivoj-schit/1259272"], "confidence": 0.6000000000000001, "tone": -4.53400503778337, "goldstein": -10.0, "mentions": 6}}, {"type": "Feature", "geometry": {"type": "Point", "coordinates": [38.9107, 49.2783]}, "properties": {"id": "gdelt-1325254081", "source": "gdelt", "event_type": "Fight", "sub_type": "CAMEO 190", "date": "2026-09-28", "title": "Fight — Starobelsk, Luhans'ka Oblast', Ukraine", "description": "", "fatalities": null, "actors": ["UKRAINE", "COLLEGE"], "country": "UP", "links": ["https://ria.ru/20260928/lnr-2120705418.html"], "confidence": 0.8, "tone": -3.28638497652582, "goldstein": -10.0, "mentions": 10}}, {"type": "Feature", "geometry": {"type": "Point", "coordinates": [100.0, 60.0]}, "properties": {"id": "gdelt-1325254082", "source": "gdelt", "event_type": "Fight", "sub_type": "CAMEO 190", "date": "2026-09-28", "title": "Fight — Russia", "description": "", "fatalities": null, "actors": ["UKRAINIAN", "RUSSIA"], "country": "RS", "links": ["https://protv.md/ucraina/armata-ucraineana-a-lansat-un-atac-masiv-cu-drone-asupra-depozitelor-de-combustibil-ale-rusiei---2768337.html"], "confidence": 0.8, "tone": -8.69565217391304, "goldstein": -10.0, "mentions": 10}}, {"type": "Feature", "geometry": {"type": "Point", "coordinates": [-55.8, -19.9]}, "properties": {"id": "gdelt-1325254109", "source": "gdelt", "event_type": "Fight", "sub_type": "CAMEO 193", "date": "2026-09-28", "title": "Fight — Guarani, Mato Grosso do Sul, Brazil", "description": "", "fatalities": null, "actors": ["INDIGENOUS"], "country": "BR", "links": ["https://racismoambiental.net.br/2026/09/28/tekoha-tapyi-kora-setembro-registra-nova-escalada-de-ataques-contra-os-guarani-e-kaiowa-com-possibilidade-de-despejo/"], "confidence": 0.8, "tone": -2.56222547584188, "goldstein": -10.0, "mentions": 10}}, {"type": "Feature", "geometry": {"type": "Point", "coordinates": [2.33333, 48.8667]}, "properties": {"id": "gdelt-1325255429", "source": "gdelt", "event_type": "Fight", "sub_type": "CAMEO 192", "date": "2026-09-28", "title": "Fight — Paris, France (general), France", "description": "", "fatalities": null, "actors": ["CHRISTIANITY"], "country": "FR", "links": ["https://www.ecodibergamo.it/stories/premium/editoriale/riparare-il-male-la-chiesa-tesse-trame-o_3960620_11/"], "confidence": 0.8, "tone": -3.2023289665211, "goldstein": -9.5, "mentions": 10}}, {"type": "Feature", "geometry": {"type": "Point", "coordinates": [14.55, 52.35]}, "properties": {"id": "gdelt-1325255438", "source": "gdelt", "event_type": "Fight", "sub_type": "CAMEO 190", "date": "2026-09-28", "title": "Fight — Frankfurt, Brandenburg, Germany", "description": "", "fatalities": null, "actors": ["FRANKFURT"], "country": "GM", "links": ["https://www.adnkronos.com/cultura/fritz-bauer-e-il-processo-ad-auschwitz-di-ronen-steinke_4xrGLLsESEErktb05fnWdQ"], "confidence": 0.8, "tone": -4.41400304414003, "goldstein": -10.0, "mentions": 10}}, {"type": "Feature", "geometry": {"type": "Point", "coordinates": [39.0833, 6.03333]}, "properties": {"id": "gdelt-1325255448", "source": "gdelt", "event_type": "Fight", "sub_type": "CAMEO 190", "date": "2026-09-28", "title": "Fight — Ababa, Oromiya, Ethiopia", "description": "", "fatalities": null, "actors": ["ETHIOPIAN"], "country": "ET", "links": ["https://www.tercerainformacion.es/articulo/internacional/28/09/2026/sudan-rechaza-acusaciones-de-etiopia-y-denuncia-apoyo-a-las-far/"], "confidence": 0.8, "tone": -5.31914893617021, "goldstein": -10.0, "mentions": 10}}, {"type": "Feature", "geometry": {"type": "Point", "coordinates": [53.0, 32.0]}, "properties": {"id": "gdelt-1325255467", "source": "gdelt", "event_type": "Fight", "sub_type": "CAMEO 190", "date": "2026-09-28", "title": "Fight — Iran", "description": "", "fatalities": null, "actors": ["IRAN"], "country": "IR", "links": ["https://www.vikatan.com/government-and-politics/economy/iran-us-tensions-put-global-economy-at-risk-through-hormuz"], "confidence": 0.4, "tone": -1.44927536231884, "goldstein": -10.0, "mentions": 2}}, {"type": "Feature", "geometry": {"type": "Point", "coordinates": [35.833333, 33.833333]}, "properties": {"id": "gdelt-1325255473", "source": "gdelt", "event_type": "Coerce", "sub_type": "CAMEO 173", "date": "2026-09-28", "title": "Coerce — Lebanon", "description": "", "fatalities": null, "actors": ["PROSECUTOR"], "country": "LE", "links": ["https://www.bfmtv.com/police-justice/proces/affaire-renault-nissan-quatre-ans-de-prison-dont-deux-ferme-sous-bracelet-electronique-requis-contre-rachida-dati_AN-202609280439.html"], "confidence": 0.8, "tone": -7.16417910447761, "goldstein": -5.0, "mentions": 10}}, {"type": "Feature", "geometry": {"type": "Point", "coordinates": [-5.0, 32.0]}, "properties": {"id": "gdelt-1325255474", "source": "gdelt", "event_type": "Fight", "sub_type": "CAMEO 190", "date": "2026-09-28", "title": "Fight — Morocco", "description": "", "fatalities": null, "actors": ["SENATE"], "country": "MO", "links": ["https://www.europapress.es/nacional/noticia-feijoo-anuncia-comision-investigacion-senado-invasion-ceuta-gobierno-sabia-tapo-20260928130125.html"], "confidence": 0.8, "tone": -1.52439024390244, "goldstein": -10.0, "mentions": 10}}, {"type": "Feature", "geometry": {"type": "Point", "coordinates": [44.9208, 53.5427]}, "properties": {"id": "gdelt-1325255481", "source": "gdelt", "event_type": "Fight", "sub_type": "CAMEO 190", "date": "2026-09-28", "title": "Fight — Grachevka, Penzenskaya Oblast', Russia", "description": "", "fatalities": null, "actors": ["MILITARY"], "country": "RS", "links": ["http://govoritmoskva.ru/news/507327/"], "confidence": 0.8, "tone": -1.35135135135135, "goldstein": -10.0, "mentions": 10}}, {"type": "Feature", "geometry": {"type": "Point", "coordinates": [45.0, 25.0]}, "properties": {"id": "gdelt-1325255492", "source": "gdelt", "event_type": "Fight", "sub_type": "CAMEO 195", "date": "2026-09-28", "title": "Fight — Saudi Arabia", "description": "", "fatalities": null, "actors": ["SAUDI"], "country": "SA", "links": ["https://www.tercerainformacion.es/articulo/internacional/28/09/2026/por-tercera-vez-un-ataque-saudita-destruye-escuela-en-taiz-yemen/"], "confidence": 0.8, "tone": -8.87573964497042, "goldstein": -10.0, "mentions": 10}}, {"type": "Feature", "geometry": {"type": "Point", "coordinates": [-4.0, 54.0]}, "properties": {"id": "gdelt-1325255495", "source": "gdelt", "event_type": "Fight", "sub_type": "CAMEO 190", "date": "2026-09-28", "title": "Fight — United Kingdom", "description": "", "fatalities": null, "actors": ["MILITIA"], "country": "UK", "links": ["https://blogs.diariovasco.com/correo-historia/2026/09/28/el-poder-de-un-simple-cuadro-de-la-guerra-de-independencia-de-estados-unidos-al-sangriento-agosto-de-1914/"], "confidence": 0.8, "tone": -3.10021629416006, "goldstein": -10.0, "mentions": 10}}, {"type": "Feature", "geometry": {"type": "Point", "coordinates": [116.388, 39.9289]}, "properties": {"id": "gdelt-1325255506", "source": "gdelt", "event_type": "Coerce", "sub_type": "CAMEO 173", "date": "2026-09-28", "title": "Coerce — Beijing, Beijing, China", "description": "", "fatalities": null, "actors": ["AFRICA", "RUSSIAN"], "country": "CH", "links": ["https://www.ecodibergamo.it/stories/premium/editoriale/ora-gli-usa-hanno-bisogno-della-cina-o_3960619_11/"], "confidence": 0.8, "tone": -0.16181229773463, "goldstein": -5.0, "mentions": 10}}, {"type": "Feature", "geometry": {"type": "Point", "coordinates": [2.0, 46.0]}, "properties": {"id": "gdelt-1325255508", "source": "gdelt", "event_type": "Protest", "sub_type": "CAMEO 144", "date": "2026-09-28", "title": "Protest — France", "description": "", "fatalities": null, "actors": ["FARMER"], "country": "FR", "links": ["https://www.ansa.it/sito/notizie/cronaca/2026/09/28/in-sicilia-e-calabria-la-protesta-degli-agricoltori-contro-il-caro-carburante_9ed2a515-249d-4ded-9649-f4e23765fa9c.html"], "confidence": 0.8, "tone": -4.85436893203883, "goldstein": -7.5, "mentions": 10}}, {"type": "Feature", "geometry": {"type": "Point", "coordinates": [51.5148, 35.75]}, "properties": {"id": "gdelt-1325255509", "source": "gdelt", "event_type": "Fight", "sub_type": "CAMEO 190", "date": "2026-09-28", "title": "Fight — Tehran, Tehran, Iran", "description": "", "fatalities": null, "actors": ["FARMER"], "country": "IR", "links": ["https://www.blesk.cz/clanek/zpravy-svet/849152/utok-na-americkou-zakladnu-odhalila-nahodou-farmarka-pet-muzu-je-ve-vazbe.html"], "confidence": 0.7, "tone": -5.48961424332344, "goldstein": -10.0, "mentions": 8}}, {"type": "Feature", "geometry": {"type": "Point", "coordinates": [51.5148, 35.75]}, "properties": {"id": "gdelt-1325255510", "source": "gdelt", "event_type": "Fight", "sub_type": "CAMEO 190", "date": "2026-09-28", "title": "Fight — Tehran, Tehran, Iran", "description": "", "fatalities": null, "actors": ["FARMER"], "country": "IR", "links": ["https://www.blesk.cz/clanek/zpravy-svet/849152/utok-na-americkou-zakladnu-odhalila-nahodou-farmarka-pet-muzu-je-ve-vazbe.html"], "confidence": 0.4, "tone": -5.48961424332344, "goldstein": -10.0, "mentions": 2}}, {"type": "Feature", "geometry": {"type": "Point", "coordinates": [12.4833, 41.9]}, "properties": {"id": "gdelt-1325255511", "source": "gdelt", "event_type": "Protest", "sub_type": "CAMEO 141", "date": "2026-09-28", "title": "Protest — Rome, Lazio, Italy", "description": "", "fatalities": null, "actors": ["FARMER", "SICILY"], "country": "IT", "links": ["https://www.ansa.it/sito/notizie/cronaca/2026/09/28/in-sicilia-e-calabria-la-protesta-degli-agricoltori-contro-il-caro-carburante_9ed2a515-249d-4ded-9649-f4e23765fa9c.html"], "confidence": 0.7, "tone": -4.85436893203883, "goldstein": -6.5, "mentions": 8}}, {"type": "Feature", "geometry": {"type": "Point", "coordinates": [22.0, 39.0]}, "properties": {"id": "gdelt-1325255512", "source": "gdelt", "event_type": "Protest", "sub_type": "CAMEO 141", "date": "2026-09-28", "title": "Protest — Greece", "description": "", "fatalities": null, "actors": ["FARMER", "ITALY"], "country": "GR", "links": ["https://www.ansa.it/sito/notizie/cronaca/2026/09/28/in-sicilia-e-calabria-la-protesta-degli-agricoltori-contro-il-caro-carburante_9ed2a515-249d-4ded-9649-f4e23765fa9c.html"], "confidence": 0.4, "tone": -4.85436893203883, "goldstein": -6.5, "mentions": 2}}, {"type": "Feature", "geometry": {"type": "Point", "coordinates": [90.0215, 22.0215]}, "properties": {"id": "gdelt-1325255526", "source": "gdelt", "event_type": "Coerce", "sub_type": "CAMEO 1721", "date": "2026-09-28", "title": "Coerce — Padma, Barisal, Bangladesh", "description": "", "fatalities": null, "actors": ["BANGLADESH"], "country": "BG", "links": ["https://hindi.moneycontrol.com/india/will-kolkata-not-get-padma-hilsa-for-durga-puja-bangladesh-has-halted-both-exports-to-and-imports-from-india-article-2443597.html"], "confidence": 0.8, "tone": -0.96805421103582, "goldstein": -5.0, "mentions": 10}}, {"type": "Feature", "geometry": {"type": "Point", "coordinates": [34.75, 31.5]}, "properties": {"id": "gdelt-1325255565", "source": "gdelt", "event_type": "Fight", "sub_type": "CAMEO 192", "date": "2026-09-28", "title": "Fight — Israel", "description": "", "fatalities": null, "actors": ["COMPANY", "ISRAEL"], "country": "IS", "links": ["https://www.globes.co.il/news/article.aspx?did=1001557721"], "confidence": 0.8, "tone": -0.77220077220078, "goldstein": -9.5, "mentions": 10}}, {"type": "Feature", "geometry": {"type": "Point", "coordinates": [138.0, 36.0]}, "properties": {"id": "gdelt-1325255586", "source": "gdelt", "event_type": "Fight", "sub_type": "CAMEO 190", "date": "2026-09-28", "title": "Fight — Japan", "description": "", "fatalities": null, "actors": ["CHINESE", "JAPAN"], "country": "JA", "links": ["https://www.penzcentrum.hu/vilag/20260928/kiderult-peking-sotet-terve-fu-alatt-vagnak-el-tajvan-amerikai-tamogatasat-1206282"], "confidence": 0.7, "tone": -3.88349514563107, "goldstein": -10.0, "mentions": 8}}, {"type": "Feature", "geometry": {"type": "Point", "coordinates": [72.8258, 18.975]}, "properties": {"id": "gdelt-1325255598", "source": "gdelt", "event_type": "Coerce", "sub_type": "CAMEO 173", "date": "2026-09-28", "title": "Coerce — Mumbai, Maharashtra, India", "description": "", "fatalities": null, "actors": ["POLICE"], "country": "IN", "links": ["https://www.mathrubhumi.com/movies-music/news/rakul-preet-singh-tax-raid-mumbai-mr24qu05"], "confidence": 0.8, "tone": -4.82758620689656, "goldstein": -5.0, "mentions": 10}}, {"type": "Feature", "geometry": {"type": "Point", "coordinates": [28.0833, -26.2]}, "properties": {"id": "gdelt-1325255599", "source": "gdelt", "event_type": "Assault", "sub_type": "CAMEO 182", "date": "2026-09-28", "title": "Assault — Johannesburg, Gauteng, South Africa", "description": "", "fatalities": null, "actors": ["POLICE"], "country": "SF", "links": ["https://bragatv.pt/onze-mulheres-encontradas-mortas-em-10-semanas-na-africa-do-sul/"], "confidence": 0.8, "tone": -5.68181818181818, "goldstein": -9.5, "mentions": 10}}, {"type": "Feature", "geometry": {"type": "Point", "coordinates": [34.75, 31.5]}, "properties": {"id": "gdelt-1325255600", "source": "gdelt", "event_type": "Fight", "sub_type": "CAMEO 191", "date": "2026-09-28", "title": "Fight — Israel", "description": "", "fatalities": null, "actors": ["PRISON"], "country": "IS", "links": ["https://tmi.maariv.co.il/celebs-news/article-1371461"], "confidence": 0.8, "tone": -0.45045045045046, "goldstein": -9.5, "mentions": 10}}, {"type": "Feature", "geometry": {"type": "Point", "coordinates": [24.0305, 49.8407]}, "properties": {"id": "gdelt-1325255601", "source": "gdelt", "event_type": "Fight", "sub_type": "CAMEO 193", "date": "2026-09-28", "title": "Fight — Lviv, L'vivs'ka Oblast', Ukraine", "description": "", "fatalities": null, "actors": ["POLICE"], "country": "UP", "links": ["https://zaxid.net/viyskoviy_postrilami_u_povitrya_namagavsya_pripiniti_konflikt_na_vul_lichakivskiy_u_lvovi_n1646682"], "confidence": 0.8, "tone": -9.24855491329475, "goldstein": -10.0, "mentions": 10}}, {"type": "Feature", "geometry": {"type": "Point", "coordinates": [-4.0, 40.0]}, "properties": {"id": "gdelt-1325255602", "source": "gdelt", "event_type": "Fight", "sub_type": "CAMEO 192", "date": "2026-09-28", "title": "Fight — Spain", "description": "", "fatalities": null, "actors": ["POLICE", "MIGRANT"], "country": "SP", "links": ["https://www.larazon.es/espana/policias-denuncian-que-administraciones-estan-normalizando-inseguridad-ceuta-exige-respuesta-urgente_202609286aba4f7282932a3cf91c290f.html"], "confidence": 0.9, "tone": -7.02179176755448, "goldstein": -9.5, "mentions": 20}}, {"type": "Feature", "geometry": {"type": "Point", "coordinates": [12.833333, 42.833333]}, "properties": {"id": "gdelt-1325255617", "source": "gdelt", "event_type": "Coerce", "sub_type": "CAMEO 173", "date": "2026-09-28", "title": "Coerce — Italy", "description": "", "fatalities": null, "actors": ["POLICE", "SOMALI"], "country": "IT", "links": ["https://www.bolognatoday.it/cronaca/cavallo-ritorno-furto-telefono-cellulare.html"], "confidence": 0.8, "tone": -3.77358490566038, "goldstein": -5.0, "mentions": 10}}, {"type": "Feature", "geometry": {"type": "Point", "coordinates": [44.5136, 40.1811]}, "properties": {"id": "gdelt-1325255620", "source": "gdelt", "event_type": "Fight", "sub_type": "CAMEO 190", "date": "2026-09-28", "title": "Fight — Yerevan, Yerevan*, Armenia", "description": "", "fatalities": null, "actors": ["CRIMINAL", "YEREVAN"], "country": "AM", "links": ["https://1prime.ru/20260928/armenija-873713951.html"], "confidence": 0.8, "tone": -9.62962962962966, "goldstein": -10.0, "mentions": 10}}, {"type": "Feature", "geometry": {"type": "Point", "coordinates": [100.0, 60.0]}, "properties": {"id": "gdelt-1325255642", "source": "gdelt", "event_type": "Coerce", "sub_type": "CAMEO 172", "date": "2026-09-28", "title": "Coerce — Russia", "description": "", "fatalities": null, "actors": ["TOURIST"], "country": "RS", "links": ["https://lenta.ru/news/2026/09/28/rossiyan-zaderzhali-za-podzhog-dorogi-v-tailande/"], "confidence": 0.8, "tone": -6.83760683760684, "goldstein": -5.0, "mentions": 10}}, {"type": "Feature", "geometry": {"type": "Point", "coordinates": [-98.5795, 39.828175]}, "properties": {"id": "gdelt-1325255643", "source": "gdelt", "event_type": "Fight", "sub_type": "CAMEO 190", "date": "2026-09-28", "title": "Fight — United States", "description": "", "fatalities": null, "actors": ["VILLAGE"], "country": "US", "links": ["https://international.sindonews.com/read/1754555/41/jika-seorang-petani-tak-melapor-999-ada-serangan-besar-di-pangkalan-militer-as-di-inggris-1790582975"], "confidence": 0.8, "tone": -5.86734693877551, "goldstein": -10.0, "mentions": 10}}, {"type": "Feature", "geometry": {"type": "Point", "coordinates": [-0.116667, 51.5]}, "properties": {"id": "gdelt-1325255648", "source": "gdelt", "event_type": "Fight", "sub_type": "CAMEO 190", "date": "2026-09-28", "title": "Fight — London, London, City of, United Kingdom", "description": "", "fatalities": null, "actors": ["TOURIST", "CASTILLA"], "country": "UK", "links": ["https://www.lacerca.com/noticias/castilla_la_mancha/premia-excelencia-turistica-reivindica-turismo-motor-poblacion-vertebracion-830336-1.html"], "confidence": 0.8, "tone": 3.58632193494579, "goldstein": -10.0, "mentions": 10}}, {"type": "Feature", "geometry": {"type": "Point", "coordinates": [14.55, 52.35]}, "properties": {"id": "gdelt-1325255659", "source": "gdelt", "event_type": "Fight", "sub_type": "CAMEO 190", "date": "2026-09-28", "title": "Fight — Frankfurt, Brandenburg, Germany", "description": "", "fatalities": null, "actors": ["FRANKFURT"], "country": "GM", "links": ["https://www.adnkronos.com/cultura/fritz-bauer-e-il-processo-ad-auschwitz-di-ronen-steinke_4xrGLLsESEErktb05fnWdQ"], "confidence": 0.8, "tone": -4.41400304414003, "goldstein": -10.0, "mentions": 10}}, {"type": "Feature", "geometry": {"type": "Point", "coordinates": [25.6056, 49.5559]}, "properties": {"id": "gdelt-1325255686", "source": "gdelt", "event_type": "Coerce", "sub_type": "CAMEO 173", "date": "2026-09-28", "title": "Coerce — Ternopil, Ternopil's'ka Oblast', Ukraine", "description": "", "fatalities": null, "actors": ["SCHOOL"], "country": "UP", "links": ["https://zaxid.net/v_spetsshkoli_na_ternopilshhini_rozsliduyut_ymovrine_seksualne_nasilstvo_mizh_ditmi_n1646653"], "confidence": 0.8, "tone": -4.48717948717949, "goldstein": -5.0, "mentions": 10}}, {"type": "Feature", "geometry": {"type": "Point", "coordinates": [-98.5795, 39.828175]}, "properties": {"id": "gdelt-1325255723", "source": "gdelt", "event_type": "Fight", "sub_type": "CAMEO 192", "date": "2026-09-28", "title": "Fight — United States", "description": "", "fatalities": null, "actors": ["SEVILLE", "HOSPITAL"], "country": "US", "links": ["https://www.abc.es/sevilla/ciudad/jose-luis-sanz-anula-agenda-dia-encontrarse-20260928131428-nts.html"], "confidence": 0.8, "tone": -2.04081632653062, "goldstein": -9.5, "mentions": 10}}, {"type": "Feature", "geometry": {"type": "Point", "coordinates": [39.0833, 6.03333]}, "properties": {"id": "gdelt-1325255724", "source": "gdelt", "event_type": "Coerce", "sub_type": "CAMEO 173", "date": "2026-09-28", "title": "Coerce — Ababa, Oromiya, Ethiopia", "description": "", "fatalities": null, "actors": ["ETHIOPIAN"], "country": "ET", "links": ["https://www.tercerainformacion.es/articulo/internacional/28/09/2026/sudan-rechaza-acusaciones-de-etiopia-y-denuncia-apoyo-a-las-far/"], "confidence": 0.8, "tone": -5.31914893617021, "goldstein": -5.0, "mentions": 10}}, {"type": "Feature", "geometry": {"type": "Point", "coordinates": [39.0833, 6.03333]}, "properties": {"id": "gdelt-1325255725", "source": "gdelt", "event_type": "Fight", "sub_type": "CAMEO 190", "date": "2026-09-28", "title": "Fight — Ababa, Oromiya, Ethiopia", "description": "", "fatalities": null, "actors": ["ETHIOPIAN"], "country": "ET", "links": ["https://www.tercerainformacion.es/articulo/internacional/28/09/2026/sudan-rechaza-acusaciones-de-etiopia-y-denuncia-apoyo-a-las-far/"], "confidence": 0.8, "tone": -5.31914893617021, "goldstein": -10.0, "mentions": 10}}, {"type": "Feature", "geometry": {"type": "Point", "coordinates": [25.0, 46.0]}, "properties": {"id": "gdelt-1325255742", "source": "gdelt", "event_type": "Force posture", "sub_type": "CAMEO 154", "date": "2026-09-28", "title": "Force posture — Romania", "description": "", "fatalities": null, "actors": ["EUROPE"], "country": "RO", "links": ["https://www.enikos.gr/international/apeiles-lavrof-apo-ton-oie-proeidopoiei-tin-evropi-me-syntomo-kai-diaforetiko-polemo-an-epitethei-sti-rosia/2651156/"], "confidence": 0.7, "tone": -6.1711079943899, "goldstein": -7.2, "mentions": 8}}, {"type": "Feature", "geometry": {"type": "Point", "coordinates": [-18.0, 65.0]}, "properties": {"id": "gdelt-1325255743", "source": "gdelt", "event_type": "Assault", "sub_type": "CAMEO 1821", "date": "2026-09-28", "title": "Assault — Iceland", "description": "", "fatalities": null, "actors": ["EUROPE"], "country": "IC", "links": ["https://hu.euronews.com/2026/09/28/mennyire-sikeres-europa-a-nemek-kozotti-egyenlotlenseg-csokkenteseben"], "confidence": 0.8, "tone": 0.19193857965451, "goldstein": -9.0, "mentions": 10}}, {"type": "Feature", "geometry": {"type": "Point", "coordinates": [37.6156, 55.7522]}, "properties": {"id": "gdelt-1325255752", "source": "gdelt", "event_type": "Coerce", "sub_type": "CAMEO 172", "date": "2026-09-28", "title": "Coerce — Moscow, Moskva, Russia", "description": "", "fatalities": null, "actors": ["EUROPEAN", "RUSSIA"], "country": "RS", "links": ["https://www.tyzden.sk/svet/82394/ukrajina-online-rusky-utok-na-trhovisko-na-predmesti-kyjeva-ma-najmenej-dve-obete/"], "confidence": 0.4, "tone": -6.41666666666667, "goldstein": -5.0, "mentions": 2}}, {"type": "Feature", "geometry": {"type": "Point", "coordinates": [37.6156, 55.7522]}, "properties": {"id": "gdelt-1325255753", "source": "gdelt", "event_type": "Coerce", "sub_type": "CAMEO 172", "date": "2026-09-28", "title": "Coerce — Moscow, Moskva, Russia", "description": "", "fatalities": null, "actors": ["EUROPEAN", "RUSSIA"], "country": "RS", "links": ["https://www.tyzden.sk/svet/82394/ukrajina-online-rusky-utok-na-trhovisko-na-predmesti-kyjeva-ma-najmenej-dve-obete/"], "confidence": 0.7, "tone": -6.41666666666667, "goldstein": -5.0, "mentions": 8}}, {"type": "Feature", "geometry": {"type": "Point", "coordinates": [37.6156, 55.7522]}, "properties": {"id": "gdelt-1325255759", "source": "gdelt", "event_type": "Force posture", "sub_type": "CAMEO 150", "date": "2026-09-28", "title": "Force posture — Kremlin, Moskva, Russia", "description": "", "fatalities": null, "actors": ["FINNISH", "RUSSIAN"], "country": "RS", "links": ["https://dnevnik.hr/vijesti/svijet/uzbuna-u-europi-obavjestajci-otkrili-sto-rusija-sprema-pokrece-se-hitan-sigurnosni-protokol---1004292.html"], "confidence": 0.8, "tone": -4.09638554216867, "goldstein": -7.2, "mentions": 10}}, {"type": "Feature", "geometry": {"type": "Point", "coordinates": [-4.0, 54.0]}, "properties": {"id": "gdelt-1325255771", "source": "gdelt", "event_type": "Coerce", "sub_type": "CAMEO 172", "date": "2026-09-28", "title": "Coerce — United Kingdom", "description": "", "fatalities": null, "actors": ["UNITED KINGDOM", "BUSINESS"], "country": "UK", "links": ["https://www.korabel.ru/news/comments/v_velikobritanii_inostrannym_firmam_zapretyat_stroit_doki_dlya_atomnyh_podvodnyh_lodok.html"], "confidence": 0.8, "tone": 1.98019801980198, "goldstein": -5.0, "mentions": 10}}, {"type": "Feature", "geometry": {"type": "Point", "coordinates": [-3.68333, 40.4]}, "properties": {"id": "gdelt-1325255815", "source": "gdelt", "event_type": "Force posture", "sub_type": "CAMEO 152", "date": "2026-09-28", "title": "Force posture — Madrid, Madrid, Spain", "description": "", "fatalities": null, "actors": ["MAYOR"], "country": "SP", "links": ["https://cronicadecantabria.com/cr/almeida-asegura-que-con-snchez-las-maricrmenes-se-multiplicarn-y-receta-generar-vivienda-nueva-y-aligerar-trmites/"], "confidence": 0.8, "tone": -1.51515151515152, "goldstein": -7.2, "mentions": 10}}, {"type": "Feature", "geometry": {"type": "Point", "coordinates": [51.5148, 35.75]}, "properties": {"id": "gdelt-1325255817", "source": "gdelt", "event_type": "Fight", "sub_type": "CAMEO 190", "date": "2026-09-28", "title": "Fight — Tehran, Tehran, Iran", "description": "", "fatalities": null, "actors": ["MINIST"], "country": "IR", "links": ["https://www.razon.com.mx:443/mundo/2026/09/28/eu-retomara-el-dialogo-con-iran-tras-su-rechazo-a-reabrir-el-estrecho/"], "confidence": 0.4, "tone": -4.34782608695652, "goldstein": -10.0, "mentions": 2}}, {"type": "Feature", "geometry": {"type": "Point", "coordinates": [73.1667, 33.7]}, "properties": {"id": "gdelt-1325255837", "source": "gdelt", "event_type": "Coerce", "sub_type": "CAMEO 173", "date": "2026-09-28", "title": "Coerce — Islamabad, Islamabad, Pakistan", "description": "", "fatalities": null, "actors": ["AUTHORITIES", "CHINA"], "country": "PK", "links": ["https://hirunews.lk/491164/illegal-call-centers-raided-in-pakistan-212-arrested-including-chinese-nationals"], "confidence": 0.8, "tone": -9.38967136150237, "goldstein": -5.0, "mentions": 10}}, {"type": "Feature", "geometry": {"type": "Point", "coordinates": [12.833333, 42.833333]}, "properties": {"id": "gdelt-1325255855", "source": "gdelt", "event_type": "Coerce", "sub_type": "CAMEO 173", "date": "2026-09-28", "title": "Coerce — Italy", "description": "", "fatalities": null, "actors": ["SECRETARIAT", "ITALIAN"], "country": "IT", "links": ["https://www.pugliain.net/303070-fratelli-italia-cerignola-franco-reddavide/"], "confidence": 0.8, "tone": 1.06382978723404, "goldstein": -5.0, "mentions": 10}}, {"type": "Feature", "geometry": {"type": "Point", "coordinates": [73.4167, 18.0833]}, "properties": {"id": "gdelt-1325255913", "source": "gdelt", "event_type": "Assault", "sub_type": "CAMEO 180", "date": "2026-09-28", "title": "Assault — Konkan, Maharashtra, India", "description": "", "fatalities": null, "actors": ["MAHARASHTRA"], "country": "IN", "links": ["https://www.tarunmitra.in/state/maharashtra/sanjay-raut-alleges-land-scam-worth-rs-900-crore-in/article-165035"], "confidence": 0.8, "tone": -5.92417061611374, "goldstein": -9.0, "mentions": 10}}, {"type": "Feature", "geometry": {"type": "Point", "coordinates": [53.0, 32.0]}, "properties": {"id": "gdelt-1325255918", "source": "gdelt", "event_type": "Fight", "sub_type": "CAMEO 190", "date": "2026-09-28", "title": "Fight — Iran", "description": "", "fatalities": null, "actors": ["IRAN"], "country": "IR", "links": ["https://www.vikatan.com/government-and-politics/economy/iran-us-tensions-put-global-economy-at-risk-through-hormuz"], "confidence": 0.4, "tone": -1.44927536231884, "goldstein": -10.0, "mentions": 2}}, {"type": "Feature", "geometry": {"type": "Point", "coordinates": [53.0, 32.0]}, "properties": {"id": "gdelt-1325255922", "source": "gdelt", "event_type": "Fight", "sub_type": "CAMEO 190", "date": "2026-09-28", "title": "Fight — Iran", "description": "", "fatalities": null, "actors": ["IRAN", "ARMY"], "country": "IR", "links": ["https://www.haberler.com/guncel/abd-nin-londra-buyukelciligi-fairford-ussu-ne-20278398-haberi/"], "confidence": 0.7, "tone": -6.29370629370629, "goldstein": -10.0, "mentions": 8}}, {"type": "Feature", "geometry": {"type": "Point", "coordinates": [53.0, 32.0]}, "properties": {"id": "gdelt-1325255923", "source": "gdelt", "event_type": "Fight", "sub_type": "CAMEO 190", "date": "2026-09-28", "title": "Fight — Iran", "description": "", "fatalities": null, "actors": ["IRAN", "ARMY"], "country": "IR", "links": ["https://www.haberler.com/guncel/abd-nin-londra-buyukelciligi-fairford-ussu-ne-20278398-haberi/"], "confidence": 0.4, "tone": -6.29370629370629, "goldstein": -10.0, "mentions": 2}}, {"type": "Feature", "geometry": {"type": "Point", "coordinates": [37.6156, 55.7522]}, "properties": {"id": "gdelt-1325255924", "source": "gdelt", "event_type": "Fight", "sub_type": "CAMEO 194", "date": "2026-09-28", "title": "Fight — Kremlin, Moskva, Russia", "description": "", "fatalities": null, "actors": ["IRAN", "MARINES"], "country": "RS", "links": ["https://www.b92.net/info/svet/271435/iran-raketom-pogodio-americke-marince-u-ormuskom-moreuzu/vest"], "confidence": 0.8, "tone": -6.76691729323308, "goldstein": -10.0, "mentions": 10}}, {"type": "Feature", "geometry": {"type": "Point", "coordinates": [-74.9384, 42.1497]}, "properties": {"id": "gdelt-1325255927", "source": "gdelt", "event_type": "Coerce", "sub_type": "CAMEO 174", "date": "2026-09-28", "title": "Coerce — New York, United States", "description": "", "fatalities": null, "actors": ["IRAN", "NEW YORK"], "country": "US", "links": ["https://www.haber7.com/dunya/haber/3663325-tahrandan-trumpa-ters-kose-muzakere-beklentisi-sonucsuz-kaldi"], "confidence": 0.7, "tone": -1.4388489208633, "goldstein": -5.0, "mentions": 8}}, {"type": "Feature", "geometry": {"type": "Point", "coordinates": [-18.0, 65.0]}, "properties": {"id": "gdelt-1325255933", "source": "gdelt", "event_type": "Assault", "sub_type": "CAMEO 1821", "date": "2026-09-28", "title": "Assault — Iceland", "description": "", "fatalities": null, "actors": ["ICELAND"], "country": "IC", "links": ["https://hu.euronews.com/2026/09/28/mennyire-sikeres-europa-a-nemek-kozotti-egyenlotlenseg-csokkenteseben"], "confidence": 0.8, "tone": 0.19193857965451, "goldstein": -9.0, "mentions": 10}}, {"type": "Feature", "geometry": {"type": "Point", "coordinates": [53.0, 32.0]}, "properties": {"id": "gdelt-1325255940", "source": "gdelt", "event_type": "Fight", "sub_type": "CAMEO 190", "date": "2026-09-28", "title": "Fight — Iran", "description": "", "fatalities": null, "actors": ["ISRAEL", "ARMY"], "country": "IR", "links": ["https://www.haberler.com/guncel/abd-nin-londra-buyukelciligi-fairford-ussu-ne-20278398-haberi/"], "confidence": 0.8, "tone": -6.29370629370629, "goldstein": -10.0, "mentions": 10}}, {"type": "Feature", "geometry": {"type": "Point", "coordinates": [26.0, 64.0]}, "properties": {"id": "gdelt-1325255942", "source": "gdelt", "event_type": "Fight", "sub_type": "CAMEO 190", "date": "2026-09-28", "title": "Fight — Finland", "description": "", "fatalities": null, "actors": ["ISRAELI"], "country": "FI", "links": ["https://www.abc.com.py/internacionales/2026/09/28/ministro-afirma-que-finlandia-debe-cooperar-con-israel-en-defensa-nos-guste-o-no/"], "confidence": 0.5, "tone": -2.98165137614679, "goldstein": -10.0, "mentions": 4}}, {"type": "Feature", "geometry": {"type": "Point", "coordinates": [26.0, 64.0]}, "properties": {"id": "gdelt-1325255943", "source": "gdelt", "event_type": "Fight", "sub_type": "CAMEO 190", "date": "2026-09-28", "title": "Fight — Finland", "description": "", "fatalities": null, "actors": ["ISRAELI", "ISRAEL"], "country": "FI", "links": ["https://www.abc.com.py/internacionales/2026/09/28/ministro-afirma-que-finlandia-debe-cooperar-con-israel-en-defensa-nos-guste-o-no/"], "confidence": 0.4, "tone": -2.98165137614679, "goldstein": -10.0, "mentions": 2}}, {"type": "Feature", "geometry": {"type": "Point", "coordinates": [72.8258, 18.975]}, "properties": {"id": "gdelt-1325255974", "source": "gdelt", "event_type": "Protest", "sub_type": "CAMEO 142", "date": "2026-09-28", "title": "Protest — Bombay, Maharashtra, India", "description": "", "fatalities": null, "actors": ["ADVOCATE"], "country": "IN", "links": ["https://www.tarunmitra.in/state/family-members-go-on-hunger-strike-in-iit-bombay-student/article-165029"], "confidence": 0.8, "tone": -3.38983050847457, "goldstein": -6.5, "mentions": 10}}, {"type": "Feature", "geometry": {"type": "Point", "coordinates": [-68.0039, 10.1806]}, "properties": {"id": "gdelt-1325255975", "source": "gdelt", "event_type": "Coerce", "sub_type": "CAMEO 173", "date": "2026-09-28", "title": "Coerce — Valencia, Carabobo, Venezuela", "description": "", "fatalities": null, "actors": ["LAWYER"], "country": "VE", "links": ["https://www.elplural.com/politica/espana/genova-mantiene-suspenso-designacion-perez-llorca-candidato-dudas-entorno_401426102"], "confidence": 0.8, "tone": -1.89274447949526, "goldstein": -5.0, "mentions": 10}}, {"type": "Feature", "geometry": {"type": "Point", "coordinates": [-8.0, 39.5]}, "properties": {"id": "gdelt-1325255976", "source": "gdelt", "event_type": "Assault", "sub_type": "CAMEO 186", "date": "2026-09-28", "title": "Assault — Portugal", "description": "", "fatalities": null, "actors": ["DISTRICT COURT"], "country": "PO", "links": ["https://www.aftonbladet.se/nyheter/a/Rr77qd/aftonbladet-direkt?pinnedEntry=1497347"], "confidence": 0.8, "tone": -4.34298440979955, "goldstein": -10.0, "mentions": 10}}, {"type": "Feature", "geometry": {"type": "Point", "coordinates": [73.0, 3.2]}, "properties": {"id": "gdelt-1325256020", "source": "gdelt", "event_type": "Fight", "sub_type": "CAMEO 193", "date": "2026-09-28", "title": "Fight — Maldives", "description": "", "fatalities": null, "actors": ["MALDIVE"], "country": "MV", "links": ["https://www.zazoom.it/2026-09-28/aurora-ramazzotti-chic-e-romantica-con-goffredo-cerza-prima-di-ballando-2026/19732803/"], "confidence": 0.5, "tone": 9.61038961038958, "goldstein": -10.0, "mentions": 4}}, {"type": "Feature", "geometry": {"type": "Point", "coordinates": [37.6156, 55.7522]}, "properties": {"id": "gdelt-1325256027", "source": "gdelt", "event_type": "Protest", "sub_type": "CAMEO 143", "date": "2026-09-28", "title": "Protest — Moscow, Moskva, Russia", "description": "", "fatalities": null, "actors": ["PUBLISHING HOUSE"], "country": "RS", "links": ["https://rb.ru/news/izdatelstvo-individuum-prekratit-rabotu-spustya-11-let-no-ranee-anonsirovannye-knigi-vsyo-ravno-vyjdut/"], "confidence": 0.8, "tone": 0.0, "goldstein": -6.5, "mentions": 10}}, {"type": "Feature", "geometry": {"type": "Point", "coordinates": [-5.66202, 40.9681]}, "properties": {"id": "gdelt-1325256029", "source": "gdelt", "event_type": "Fight", "sub_type": "CAMEO 193", "date": "2026-09-28", "title": "Fight — Salamanca, Castilla y LeóP, Spain", "description": "", "fatalities": null, "actors": ["WRITER"], "country": "SP", "links": ["https://www.larazon.es/television/series/alberto-caballero-despide-muertos-conquistar-36-millones-espectadores-serie-desgaste_202609286aba4b155e0dc70596adb803.html"], "confidence": 0.8, "tone": -0.5464480874317, "goldstein": -10.0, "mentions": 10}}, {"type": "Feature", "geometry": {"type": "Point", "coordinates": [44.9208, 53.5427]}, "properties": {"id": "gdelt-1325256047", "source": "gdelt", "event_type": "Fight", "sub_type": "CAMEO 190", "date": "2026-09-28", "title": "Fight — Grachevka, Penzenskaya Oblast', Russia", "description": "", "fatalities": null, "actors": ["MILITARY"], "country": "RS", "links": ["http://govoritmoskva.ru/news/507327/"], "confidence": 0.8, "tone": -1.35135135135135, "goldstein": -10.0, "mentions": 10}}, {"type": "Feature", "geometry": {"type": "Point", "coordinates": [53.0, 32.0]}, "properties": {"id": "gdelt-1325256064", "source": "gdelt", "event_type": "Protest", "sub_type": "CAMEO 141", "date": "2026-09-28", "title": "Protest — Iran", "description": "", "fatalities": null, "actors": ["ARMY", "IRANIAN"], "country": "IR", "links": ["https://hu.euronews.com/2026/09/28/az-egyesult-kiralysag-terrorelharitoi-vizsgaljak-van-e-irani-szal-a-raf-bazis-elleni-tamad"], "confidence": 0.8, "tone": -2.32142857142857, "goldstein": -6.5, "mentions": 10}}, {"type": "Feature", "geometry": {"type": "Point", "coordinates": [37.6156, 55.7522]}, "properties": {"id": "gdelt-1325256069", "source": "gdelt", "event_type": "Force posture", "sub_type": "CAMEO 150", "date": "2026-09-28", "title": "Force posture — Kremlin, Moskva, Russia", "description": "", "fatalities": null, "actors": ["MILITARY", "RUSSIA"], "country": "RS", "links": ["https://www.enikos.gr/international/apeiles-lavrof-apo-ton-oie-proeidopoiei-tin-evropi-me-syntomo-kai-diaforetiko-polemo-an-epitethei-sti-rosia/2651156/"], "confidence": 0.5, "tone": -6.1711079943899, "goldstein": -7.2, "mentions": 4}}, {"type": "Feature", "geometry": {"type": "Point", "coordinates": [28.0, 53.0]}, "properties": {"id": "gdelt-1325256070", "source": "gdelt", "event_type": "Force posture", "sub_type": "CAMEO 150", "date": "2026-09-28", "title": "Force posture — Belarus", "description": "", "fatalities": null, "actors": ["MILITARY", "RUSSIA"], "country": "BO", "links": ["https://www.enikos.gr/international/apeiles-lavrof-apo-ton-oie-proeidopoiei-tin-evropi-me-syntomo-kai-diaforetiko-polemo-an-epitethei-sti-rosia/2651156/"], "confidence": 0.4, "tone": -6.1711079943899, "goldstein": -7.2, "mentions": 2}}, {"type": "Feature", "geometry": {"type": "Point", "coordinates": [28.0, 53.0]}, "properties": {"id": "gdelt-1325256071", "source": "gdelt", "event_type": "Force posture", "sub_type": "CAMEO 150", "date": "2026-09-28", "title": "Force posture — Belarus", "description": "", "fatalities": null, "actors": ["MILITARY", "RUSSIA"], "country": "BO", "links": ["https://www.enikos.gr/international/apeiles-lavrof-apo-ton-oie-proeidopoiei-tin-evropi-me-syntomo-kai-diaforetiko-polemo-an-epitethei-sti-rosia/2651156/"], "confidence": 0.4, "tone": -6.1711079943899, "goldstein": -7.2, "mentions": 2}}, {"type": "Feature", "geometry": {"type": "Point", "coordinates": [15.0, 62.0]}, "properties": {"id": "gdelt-1325256084", "source": "gdelt", "event_type": "Fight", "sub_type": "CAMEO 192", "date": "2026-09-28", "title": "Fight — Sweden", "description": "", "fatalities": null, "actors": ["PROTESTER"], "country": "SW", "links": ["https://www.elplural.com/extratele/manifestantes-sol-denuncian-mananeros-360-bertrand-ndongo-ha-rociado-gas-pimienta_401449102"], "confidence": 0.8, "tone": -6.26702997275204, "goldstein": -9.5, "mentions": 10}}, {"type": "Feature", "geometry": {"type": "Point", "coordinates": [28.8575, 47.0056]}, "properties": {"id": "gdelt-1325256085", "source": "gdelt", "event_type": "Protest", "sub_type": "CAMEO 141", "date": "2026-09-28", "title": "Protest — Chisinau, Chisinau, Moldova", "description": "", "fatalities": null, "actors": ["THE OPPOSITION", "CHISINAU"], "country": "MD", "links": ["https://1prime.ru/20260928/moldaviya-873714603.html"], "confidence": 0.8, "tone": -4.38247011952191, "goldstein": -6.5, "mentions": 10}}, {"type": "Feature", "geometry": {"type": "Point", "coordinates": [20.0, 52.0]}, "properties": {"id": "gdelt-1325256090", "source": "gdelt", "event_type": "Fight", "sub_type": "CAMEO 193", "date": "2026-09-28", "title": "Fight — Poland", "description": "", "fatalities": null, "actors": ["POLAND", "RUSSIA"], "country": "PL", "links": ["https://sud.ua/uk/news/abroad/373408-dostatno-danykh-radara-polshcha-zminyt-pravyla-vidkryttia-vohniu-po-dronakh-i-raketakh-iz-rosii"], "confidence": 0.8, "tone": -1.73160173160173, "goldstein": -10.0, "mentions": 10}}, {"type": "Feature", "geometry": {"type": "Point", "coordinates": [-0.116667, 51.5]}, "properties": {"id": "gdelt-1325256104", "source": "gdelt", "event_type": "Protest", "sub_type": "CAMEO 140", "date": "2026-09-28", "title": "Protest — London, London, City of, United Kingdom", "description": "", "fatalities": null, "actors": ["PALESTINIAN", "LIVERPOOL"], "country": "UK", "links": ["https://middle-east-online.com/%D9%84%D9%86%D8%AF%D9%86-%D8%AA%D8%B9%D8%AF%D9%84-%D8%A8%D9%88%D8%B5%D9%84%D8%AA%D9%87%D8%A7-%D9%83%D9%86%D8%AA%D9%85-%D8%B9%D9%84%D9%89-%D8%AD%D9%82-%D8%A8%D8%B4%D8%A3%D9%86-%D8%BA%D8%B2%D8%A9"], "confidence": 0.8, "tone": -3.29489291598023, "goldstein": -6.5, "mentions": 10}}, {"type": "Feature", "geometry": {"type": "Point", "coordinates": [10.0, 56.0]}, "properties": {"id": "gdelt-1325256109", "source": "gdelt", "event_type": "Coerce", "sub_type": "CAMEO 173", "date": "2026-09-28", "title": "Coerce — Denmark", "description": "", "fatalities": null, "actors": ["POLITICIAN", "PARAMILITARY"], "country": "DA", "links": ["https://www.adnkronos.com/cultura/fritz-bauer-e-il-processo-ad-auschwitz-di-ronen-steinke_4xrGLLsESEErktb05fnWdQ"], "confidence": 0.8, "tone": -4.41400304414003, "goldstein": -5.0, "mentions": 10}}, {"type": "Feature", "geometry": {"type": "Point", "coordinates": [29.6667, 45.3333]}, "properties": {"id": "gdelt-1325256130", "source": "gdelt", "event_type": "Fight", "sub_type": "CAMEO 193", "date": "2026-09-28", "title": "Fight — Danube, Romania (general), Romania", "description": "", "fatalities": null, "actors": ["ROMANIAN", "RUSSIAN"], "country": "RO", "links": ["https://spidersweb.pl/2026/09/cel-powietrzny-wtargna-w-przestrzen-nato.html"], "confidence": 0.6000000000000001, "tone": -4.1304347826087, "goldstein": -10.0, "mentions": 6}}, {"type": "Feature", "geometry": {"type": "Point", "coordinates": [100.0, 60.0]}, "properties": {"id": "gdelt-1325256131", "source": "gdelt", "event_type": "Fight", "sub_type": "CAMEO 193", "date": "2026-09-28", "title": "Fight — Russia", "description": "", "fatalities": null, "actors": ["ROMANIAN", "RUSSIAN"], "country": "RS", "links": ["https://spidersweb.pl/2026/09/cel-powietrzny-wtargna-w-przestrzen-nato.html"], "confidence": 0.4, "tone": -4.1304347826087, "goldstein": -10.0, "mentions": 2}}, {"type": "Feature", "geometry": {"type": "Point", "coordinates": [30.5167, 50.4333]}, "properties": {"id": "gdelt-1325256154", "source": "gdelt", "event_type": "Protest", "sub_type": "CAMEO 141", "date": "2026-09-28", "title": "Protest — Kiev, Ukraine (general), Ukraine", "description": "", "fatalities": null, "actors": ["VLADIMIR"], "country": "UP", "links": ["https://www.bbc.com/ukrainian/articles/cr89jz57z1j5o"], "confidence": 0.8, "tone": -4.29447852760737, "goldstein": -6.5, "mentions": 10}}, {"type": "Feature", "geometry": {"type": "Point", "coordinates": [37.6156, 55.7522]}, "properties": {"id": "gdelt-1325256155", "source": "gdelt", "event_type": "Assault", "sub_type": "CAMEO 1822", "date": "2026-09-28", "title": "Assault — Moscow, Moskva, Russia", "description": "", "fatalities": null, "actors": ["MOSCOW"], "country": "RS", "links": ["https://pt.euronews.com/2026/09/28/russia-planeia-construir-sete-superprisoes-apesar-da-guerra-estar-a-reduzir-numero-de-deti"], "confidence": 0.9, "tone": -5.40123456790124, "goldstein": -9.0, "mentions": 18}}, {"type": "Feature", "geometry": {"type": "Point", "coordinates": [82.9344, 55.0411]}, "properties": {"id": "gdelt-1325256156", "source": "gdelt", "event_type": "Fight", "sub_type": "CAMEO 190", "date": "2026-09-28", "title": "Fight — Novosibirsk, Novosibirskaya Oblast', Russia", "description": "", "fatalities": null, "actors": ["MOSCOW"], "country": "RS", "links": ["https://www.interfax.ru/moscow/1118875"], "confidence": 0.8, "tone": -15.1832460732984, "goldstein": -10.0, "mentions": 10}}, {"type": "Feature", "geometry": {"type": "Point", "coordinates": [100.0, 60.0]}, "properties": {"id": "gdelt-1325256157", "source": "gdelt", "event_type": "Fight", "sub_type": "CAMEO 193", "date": "2026-09-28", "title": "Fight — Russia", "description": "", "fatalities": null, "actors": ["RUSSIA"], "country": "RS", "links": ["https://www.agoravox.fr/tribune-libre/article/france-travail-l-aventure-c-est-l-272421"], "confidence": 0.7, "tone": -0.29308323563892, "goldstein": -10.0, "mentions": 8}}, {"type": "Feature", "geometry": {"type": "Point", "coordinates": [37.6156, 55.7522]}, "properties": {"id": "gdelt-1325256160", "source": "gdelt", "event_type": "Fight", "sub_type": "CAMEO 190", "date": "2026-09-28", "title": "Fight — Moscow, Moskva, Russia", "description": "", "fatalities": null, "actors": ["RUSSIAN", "INDUSTRY"], "country": "RS", "links": ["https://rb.ru/news/izdatelstvo-individuum-prekratit-rabotu-spustya-11-let-no-ranee-anonsirovannye-knigi-vsyo-ravno-vyjdut/"], "confidence": 0.5, "tone": 0.0, "goldstein": -10.0, "mentions": 4}}, {"type": "Feature", "geometry": {"type": "Point", "coordinates": [37.6156, 55.7522]}, "properties": {"id": "gdelt-1325256178", "source": "gdelt", "event_type": "Assault", "sub_type": "CAMEO 180", "date": "2026-09-28", "title": "Assault — Moscow, Moskva, Russia", "description": "", "fatalities": null, "actors": ["RUSSIAN", "EUROPE"], "country": "RS", "links": ["https://www.enikos.gr/international/apeiles-lavrof-apo-ton-oie-proeidopoiei-tin-evropi-me-syntomo-kai-diaforetiko-polemo-an-epitethei-sti-rosia/2651156/"], "confidence": 0.75, "tone": -6.1711079943899, "goldstein": -9.0, "mentions": 9}}, {"type": "Feature", "geometry": {"type": "Point", "coordinates": [28.0, 53.0]}, "properties": {"id": "gdelt-1325256179", "source": "gdelt", "event_type": "Assault", "sub_type": "CAMEO 180", "date": "2026-09-28", "title": "Assault — Belarus", "description": "", "fatalities": null, "actors": ["RUSSIAN", "EUROPE"], "country": "BO", "links": ["https://www.enikos.gr/international/apeiles-lavrof-apo-ton-oie-proeidopoiei-tin-evropi-me-syntomo-kai-diaforetiko-polemo-an-epitethei-sti-rosia/2651156/"], "confidence": 0.35, "tone": -6.1711079943899, "goldstein": -9.0, "mentions": 1}}, {"type": "Feature", "geometry": {"type": "Point", "coordinates": [100.0, 60.0]}, "properties": {"id": "gdelt-1325256184", "source": "gdelt", "event_type": "Force posture", "sub_type": "CAMEO 150", "date": "2026-09-28", "title": "Force posture — Russia", "description": "", "fatalities": null, "actors": ["RUSSIAN", "ROMANIA"], "country": "RS", "links": ["https://spidersweb.pl/2026/09/cel-powietrzny-wtargna-w-przestrzen-nato.html"], "confidence": 0.7, "tone": -4.1304347826087, "goldstein": -7.2, "mentions": 8}}, {"type": "Feature", "geometry": {"type": "Point", "coordinates": [30.7386, 46.4639]}, "properties": {"id": "gdelt-1325256199", "source": "gdelt", "event_type": "Fight", "sub_type": "CAMEO 190", "date": "2026-09-28", "title": "Fight — Odessa, Odes'ka Oblast, Ukraine", "description": "", "fatalities": null, "actors": ["RUSSIA", "UKRAINIAN"], "country": "UP", "links": ["https://www.alo.rs/vesti/ukrajina/16971289/rusi-dodaju-gas-najveci-napadi-na-kijev-i-harkov-veliki-broj-mrtvih.html"], "confidence": 0.4, "tone": -3.85304659498208, "goldstein": -10.0, "mentions": 2}}, {"type": "Feature", "geometry": {"type": "Point", "coordinates": [37.6156, 55.7522]}, "properties": {"id": "gdelt-1325256200", "source": "gdelt", "event_type": "Fight", "sub_type": "CAMEO 190", "date": "2026-09-28", "title": "Fight — Moscow, Moskva, Russia", "description": "", "fatalities": null, "actors": ["RUSSIA", "UKRAINE"], "country": "RS", "links": ["https://www.alo.rs/vesti/ukrajina/16971289/rusi-dodaju-gas-najveci-napadi-na-kijev-i-harkov-veliki-broj-mrtvih.html"], "confidence": 0.4, "tone": -3.85304659498208, "goldstein": -10.0, "mentions": 2}}, {"type": "Feature", "geometry": {"type": "Point", "coordinates": [30.5167, 50.4333]}, "properties": {"id": "gdelt-1325256201", "source": "gdelt", "event_type": "Fight", "sub_type": "CAMEO 194", "date": "2026-09-28", "title": "Fight — Kiev, Ukraine (general), Ukraine", "description": "", "fatalities": null, "actors": ["RUSSIAN", "UKRAINE"], "country": "UP", "links": ["https://www.tyzden.sk/svet/82394/ukrajina-online-rusky-utok-na-trhovisko-na-predmesti-kyjeva-ma-najmenej-dve-obete/"], "confidence": 0.4, "tone": -6.41666666666667, "goldstein": -10.0, "mentions": 2}}, {"type": "Feature", "geometry": {"type": "Point", "coordinates": [100.0, 60.0]}, "properties": {"id": "gdelt-1325256202", "source": "gdelt", "event_type": "Fight", "sub_type": "CAMEO 195", "date": "2026-09-28", "title": "Fight — Russia", "description": "", "fatalities": null, "actors": ["RUSSIAN", "UKRAINE"], "country": "RS", "links": ["https://spidersweb.pl/2026/09/cel-powietrzny-wtargna-w-przestrzen-nato.html"], "confidence": 0.6000000000000001, "tone": -4.1304347826087, "goldstein": -10.0, "mentions": 6}}, {"type": "Feature", "geometry": {"type": "Point", "coordinates": [32.0, 49.0]}, "properties": {"id": "gdelt-1325256203", "source": "gdelt", "event_type": "Fight", "sub_type": "CAMEO 195", "date": "2026-09-28", "title": "Fight — Ukraine", "description": "", "fatalities": null, "actors": ["RUSSIAN", "UKRAINE"], "country": "UP", "links": ["https://spidersweb.pl/2026/09/cel-powietrzny-wtargna-w-przestrzen-nato.html"], "confidence": 0.4, "tone": -4.1304347826087, "goldstein": -10.0, "mentions": 2}}, {"type": "Feature", "geometry": {"type": "Point", "coordinates": [37.6156, 55.7522]}, "properties": {"id": "gdelt-1325256207", "source": "gdelt", "event_type": "Fight", "sub_type": "CAMEO 190", "date": "2026-09-28", "title": "Fight — Moscow, Moskva, Russia", "description": "", "fatalities": null, "actors": ["RUSSIAN", "UNITED STATES"], "country": "RS", "links": ["https://www.tyzden.sk/svet/82394/ukrajina-online-rusky-utok-na-trhovisko-na-predmesti-kyjeva-ma-najmenej-dve-obete/"], "confidence": 0.35, "tone": -6.41666666666667, "goldstein": -10.0, "mentions": 1}}, {"type": "Feature", "geometry": {"type": "Point", "coordinates": [37.6156, 55.7522]}, "properties": {"id": "gdelt-1325256208", "source": "gdelt", "event_type": "Fight", "sub_type": "CAMEO 190", "date": "2026-09-28", "title": "Fight — Moscow, Moskva, Russia", "description": "", "fatalities": null, "actors": ["RUSSIAN", "UNITED STATES"], "country": "RS", "links": ["https://www.tyzden.sk/svet/82394/ukrajina-online-rusky-utok-na-trhovisko-na-predmesti-kyjeva-ma-najmenej-dve-obete/"], "confidence": 0.35, "tone": -6.41666666666667, "goldstein": -10.0, "mentions": 1}}, {"type": "Feature", "geometry": {"type": "Point", "coordinates": [37.6156, 55.7522]}, "properties": {"id": "gdelt-1325256215", "source": "gdelt", "event_type": "Assault", "sub_type": "CAMEO 1822", "date": "2026-09-28", "title": "Assault — Moscow, Moskva, Russia", "description": "", "fatalities": null, "actors": ["RUSSIAN"], "country": "RS", "links": ["https://pt.euronews.com/2026/09/28/russia-planeia-construir-sete-superprisoes-apesar-da-guerra-estar-a-reduzir-numero-de-deti"], "confidence": 0.6000000000000001, "tone": -5.40123456790124, "goldstein": -9.0, "mentions": 6}}, {"type": "Feature", "geometry": {"type": "Point", "coordinates": [37.6156, 55.7522]}, "properties": {"id": "gdelt-1325256221", "source": "gdelt", "event_type": "Assault", "sub_type": "CAMEO 1822", "date": "2026-09-28", "title": "Assault — Moscow, Moskva, Russia", "description": "", "fatalities": null, "actors": ["RUSSIAN", "RUSSIA"], "country": "RS", "links": ["https://pt.euronews.com/2026/09/28/russia-planeia-construir-sete-superprisoes-apesar-da-guerra-estar-a-reduzir-numero-de-deti"], "confidence": 0.5, "tone": -5.40123456790124, "goldstein": -9.0, "mentions": 4}}, {"type": "Feature", "geometry": {"type": "Point", "coordinates": [37.6156, 55.7522]}, "properties": {"id": "gdelt-1325256224", "source": "gdelt", "event_type": "Fight", "sub_type": "CAMEO 190", "date": "2026-09-28", "title": "Fight — Moscow, Moskva, Russia", "description": "", "fatalities": null, "actors": ["RUSSIAN", "INDUSTRY"], "country": "RS", "links": ["https://rb.ru/news/izdatelstvo-individuum-prekratit-rabotu-spustya-11-let-no-ranee-anonsirovannye-knigi-vsyo-ravno-vyjdut/"], "confidence": 0.6000000000000001, "tone": 0.0, "goldstein": -10.0, "mentions": 6}}, {"type": "Feature", "geometry": {"type": "Point", "coordinates": [-98.5795, 39.828175]}, "properties": {"id": "gdelt-1325256239", "source": "gdelt", "event_type": "Fight", "sub_type": "CAMEO 190", "date": "2026-09-28", "title": "Fight — United States", "description": "", "fatalities": null, "actors": ["INTELLIGENCE"], "country": "US", "links": ["https://www.inewsgr.com/351/i-Nvidia-lansare-platforma-asfaleias-gia-tin-apotropi-epitheseon-apo-tous-praktores-tis-technitis-noimosynis.htm"], "confidence": 0.8, "tone": -1.63043478260869, "goldstein": -10.0, "mentions": 10}}, {"type": "Feature", "geometry": {"type": "Point", "coordinates": [15.0, 62.0]}, "properties": {"id": "gdelt-1325256241", "source": "gdelt", "event_type": "Coerce", "sub_type": "CAMEO 1712", "date": "2026-09-28", "title": "Coerce — Sweden", "description": "", "fatalities": null, "actors": ["SWEDEN"], "country": "SW", "links": ["https://www.elplural.com/extratele/manifestantes-sol-denuncian-mananeros-360-bertrand-ndongo-ha-rociado-gas-pimienta_401449102"], "confidence": 0.6000000000000001, "tone": -6.26702997275204, "goldstein": -9.2, "mentions": 6}}, {"type": "Feature", "geometry": {"type": "Point", "coordinates": [17.6333, 59.85]}, "properties": {"id": "gdelt-1325256242", "source": "gdelt", "event_type": "Coerce", "sub_type": "CAMEO 173", "date": "2026-09-28", "title": "Coerce — Uppsala, Uppsala Lan, Sweden", "description": "", "fatalities": null, "actors": ["UPPSALA"], "country": "SW", "links": ["https://www.aftonbladet.se/nyheter/a/Rr77qd/aftonbladet-direkt?pinnedEntry=1497357"], "confidence": 0.9, "tone": -4.43655494829383, "goldstein": -5.0, "mentions": 30}}, {"type": "Feature", "geometry": {"type": "Point", "coordinates": [10.5, 51.5]}, "properties": {"id": "gdelt-1325256243", "source": "gdelt", "event_type": "Coerce", "sub_type": "CAMEO 173", "date": "2026-09-28", "title": "Coerce — Germany", "description": "", "fatalities": null, "actors": ["UPPSALA"], "country": "GM", "links": ["https://www.aftonbladet.se/nyheter/a/Rr77qd/aftonbladet-direkt?pinnedEntry=1497359"], "confidence": 0.9, "tone": -4.23424682788317, "goldstein": -5.0, "mentions": 70}}, {"type": "Feature", "geometry": {"type": "Point", "coordinates": [-98.5795, 39.828175]}, "properties": {"id": "gdelt-1325256266", "source": "gdelt", "event_type": "Assault", "sub_type": "CAMEO 180", "date": "2026-09-28", "title": "Assault — United States", "description": "", "fatalities": null, "actors": ["FIGHTER"], "country": "US", "links": ["https://international.sindonews.com/read/1754555/41/jika-seorang-petani-tak-melapor-999-ada-serangan-besar-di-pangkalan-militer-as-di-inggris-1790582975"], "confidence": 0.8, "tone": -5.86734693877551, "goldstein": -9.0, "mentions": 10}}, {"type": "Feature", "geometry": {"type": "Point", "coordinates": [25.6056, 49.5559]}, "properties": {"id": "gdelt-1325256279", "source": "gdelt", "event_type": "Coerce", "sub_type": "CAMEO 172", "date": "2026-09-28", "title": "Coerce — Ternopil, Ternopil's'ka Oblast', Ukraine", "description": "", "fatalities": null, "actors": ["UKRAINE"], "country": "UP", "links": ["https://zaxid.net/v_spetsshkoli_na_ternopilshhini_rozsliduyut_ymovrine_seksualne_nasilstvo_mizh_ditmi_n1646653"], "confidence": 0.6000000000000001, "tone": -4.48717948717949, "goldstein": -5.0, "mentions": 6}}, {"type": "Feature", "geometry": {"type": "Point", "coordinates": [30.5167, 50.4333]}, "properties": {"id": "gdelt-1325256295", "source": "gdelt", "event_type": "Fight", "sub_type": "CAMEO 190", "date": "2026-09-28", "title": "Fight — Kiev, Ukraine (general), Ukraine", "description": "", "fatalities": null, "actors": ["KIEV", "RUSSIAN"], "country": "UP", "links": ["https://www.unian.net/war/rossiyskiy-dron-popal-v-zdanie-nacionalnoy-akademii-nauk-ukrainy-v-kieve-novosti-kieva-13512432.html"], "confidence": 0.7, "tone": -5.23255813953488, "goldstein": -10.0, "mentions": 8}}, {"type": "Feature", "geometry": {"type": "Point", "coordinates": [30.7386, 46.4639]}, "properties": {"id": "gdelt-1325256296", "source": "gdelt", "event_type": "Fight", "sub_type": "CAMEO 190", "date": "2026-09-28", "title": "Fight — Odessa, Odes'ka Oblast, Ukraine", "description": "", "fatalities": null, "actors": ["UKRAINIAN", "RUSSIA"], "country": "UP", "links": ["https://www.monitorulbt.ro/national/2026/09/28/graul-se-scumpeste-pe-fondul-atacurilor-din-marea-neagra-romania-printre-alternativele-cautate-de-importatori/"], "confidence": 0.7, "tone": -2.87026406429392, "goldstein": -10.0, "mentions": 8}}, {"type": "Feature", "geometry": {"type": "Point", "coordinates": [57.0, 21.0]}, "properties": {"id": "gdelt-1325256320", "source": "gdelt", "event_type": "Assault", "sub_type": "CAMEO 186", "date": "2026-09-28", "title": "Assault — Oman", "description": "", "fatalities": null, "actors": ["UNITED STATES"], "country": "MU", "links": ["https://fakty.ua/479383-iran-predupredil-sudohodnye-kompanii-o-riske-gibeli-lyudej-v-ormuzskom-prolive"], "confidence": 0.8, "tone": -7.66871165644171, "goldstein": -10.0, "mentions": 10}}, {"type": "Feature", "geometry": {"type": "Point", "coordinates": [-4.0, 54.0]}, "properties": {"id": "gdelt-1325256323", "source": "gdelt", "event_type": "Assault", "sub_type": "CAMEO 180", "date": "2026-09-28", "title": "Assault — United Kingdom", "description": "", "fatalities": null, "actors": ["UNITED STATES", "LONDON"], "country": "UK", "links": ["https://www.haberler.com/guncel/abd-nin-londra-buyukelciligi-fairford-ussu-ne-20278398-haberi/"], "confidence": 0.8, "tone": -6.29370629370629, "goldstein": -9.0, "mentions": 10}}, {"type": "Feature", "geometry": {"type": "Point", "coordinates": [53.0, 32.0]}, "properties": {"id": "gdelt-1325256329", "source": "gdelt", "event_type": "Fight", "sub_type": "CAMEO 190", "date": "2026-09-28", "title": "Fight — Iran", "description": "", "fatalities": null, "actors": ["UNITED STATES", "ARMY"], "country": "IR", "links": ["https://www.haberler.com/guncel/abd-nin-londra-buyukelciligi-fairford-ussu-ne-20278398-haberi/"], "confidence": 0.4, "tone": -6.29370629370629, "goldstein": -10.0, "mentions": 2}}, {"type": "Feature", "geometry": {"type": "Point", "coordinates": [53.0, 32.0]}, "properties": {"id": "gdelt-1325256330", "source": "gdelt", "event_type": "Fight", "sub_type": "CAMEO 190", "date": "2026-09-28", "title": "Fight — Iran", "description": "", "fatalities": null, "actors": ["UNITED STATES", "ARMY"], "country": "IR", "links": ["https://www.haberler.com/guncel/abd-nin-londra-buyukelciligi-fairford-ussu-ne-20278398-haberi/"], "confidence": 0.7, "tone": -6.29370629370629, "goldstein": -10.0, "mentions": 8}}, {"type": "Feature", "geometry": {"type": "Point", "coordinates": [45.0, 25.0]}, "properties": {"id": "gdelt-1325256351", "source": "gdelt", "event_type": "Fight", "sub_type": "CAMEO 195", "date": "2026-09-28", "title": "Fight — Saudi Arabia", "description": "", "fatalities": null, "actors": ["YEMENI", "SAUDI ARABIA"], "country": "SA", "links": ["https://www.tercerainformacion.es/articulo/internacional/28/09/2026/por-tercera-vez-un-ataque-saudita-destruye-escuela-en-taiz-yemen/"], "confidence": 0.4, "tone": -8.87573964497042, "goldstein": -10.0, "mentions": 2}}, {"type": "Feature", "geometry": {"type": "Point", "coordinates": [37.6156, 55.7522]}, "properties": {"id": "gdelt-1325257578", "source": "gdelt", "event_type": "Coerce", "sub_type": "CAMEO 173", "date": "2025-09-28", "title": "Coerce — Moscow, Moskva, Russia", "description": "", "fatalities": null, "actors": ["UKRAINIAN", "RUSSIAN"], "country": "RS", "links": ["https://www.zazoom.it/2026-09-28/al-via-la-missione-a-mosca-del-cardinale-zuppi/19732884/"], "confidence": 0.8, "tone": -3.1390134529148, "goldstein": -5.0, "mentions": 10}}, {"type": "Feature", "geometry": {"type": "Point", "coordinates": [105.0, 35.0]}, "properties": {"id": "gdelt-1325257591", "source": "gdelt", "event_type": "Fight", "sub_type": "CAMEO 190", "date": "2026-09-28", "title": "Fight — China", "description": "", "fatalities": null, "actors": ["CHINESE"], "country": "CH", "links": ["https://www.phonandroid.com/quatorze-ans-de-charges-et-decharges-plus-tard-ces-batteries-refusent-toujours-de-mourir.html"], "confidence": 0.7, "tone": 0.0, "goldstein": -10.0, "mentions": 8}}, {"type": "Feature", "geometry": {"type": "Point", "coordinates": [2.0, 46.0]}, "properties": {"id": "gdelt-1325257594", "source": "gdelt", "event_type": "Fight", "sub_type": "CAMEO 192", "date": "2026-09-28", "title": "Fight — France", "description": "", "fatalities": null, "actors": ["POLICE"], "country": "FR", "links": ["https://defimedia.info/allegations-de-relations-sexuelles-au-poste-de-police-de-sodnac-les-zones-dombre-qui-embarrassent"], "confidence": 0.8, "tone": -2.46085011185682, "goldstein": -9.5, "mentions": 10}}, {"type": "Feature", "geometry": {"type": "Point", "coordinates": [9.2, 45.4667]}, "properties": {"id": "gdelt-1325257610", "source": "gdelt", "event_type": "Fight", "sub_type": "CAMEO 190", "date": "2026-09-28", "title": "Fight — Milan, Lombardia, Italy", "description": "", "fatalities": null, "actors": ["PEASANT"], "country": "IT", "links": ["http://www.arte.it/calendario-arte/milano/mostra-i-brueghel-le-origini-dei-generi-pittorici-in-europa-104322"], "confidence": 0.8, "tone": 1.70068027210884, "goldstein": -10.0, "mentions": 10}}, {"type": "Feature", "geometry": {"type": "Point", "coordinates": [30.2642, 59.8944]}, "properties": {"id": "gdelt-1325257611", "source": "gdelt", "event_type": "Fight", "sub_type": "CAMEO 190", "date": "2026-09-28", "title": "Fight — Leningrad, Sankt-Peterburg, Russia", "description": "", "fatalities": null, "actors": ["VILLAGE"], "country": "RS", "links": ["https://www.fontanka.ru/2026/09/28/76665600/"], "confidence": 0.8, "tone": -5.97014925373134, "goldstein": -10.0, "mentions": 10}}, {"type": "Feature", "geometry": {"type": "Point", "coordinates": [34.3333, 31.4167]}, "properties": {"id": "gdelt-1325257612", "source": "gdelt", "event_type": "Fight", "sub_type": "CAMEO 195", "date": "2026-09-28", "title": "Fight — Gaza, Israel (general), Israel", "description": "", "fatalities": null, "actors": ["CITIZEN"], "country": "IS", "links": ["https://shasha.ps/home/%D8%B4%D9%87%D9%8A%D8%AF%D8%A9-%D9%88%D9%85%D8%B5%D8%A7%D8%A8%D9%88%D9%86-%D9%81%D9%8A-%D9%82%D8%B5%D9%81-%D9%84%D9%84%D8%A7%D8%AD%D8%AA%D9%84%D8%A7%D9%84"], "confidence": 0.8, "tone": -9.67741935483872, "goldstein": -10.0, "mentions": 10}}, {"type": "Feature", "geometry": {"type": "Point", "coordinates": [23.75, 38.0333]}, "properties": {"id": "gdelt-1325257635", "source": "gdelt", "event_type": "Fight", "sub_type": "CAMEO 190", "date": "2026-09-28", "title": "Fight — Nea Ionia, Perifereia Attikis, Greece", "description": "", "fatalities": null, "actors": ["FIREFIGHTER"], "country": "GR", "links": ["https://www.thetoc.gr/koinwnia/article/nea-ionia-emprismo-blepei-i-elas-gia-tin-fotia-stin-kafeteria---to-skoteino-parelthon-kai-o-pithanos-ekbiasmos/"], "confidence": 0.9, "tone": -5.46528803545052, "goldstein": -10.0, "mentions": 20}}, {"type": "Feature", "geometry": {"type": "Point", "coordinates": [105.0, 35.0]}, "properties": {"id": "gdelt-1325257686", "source": "gdelt", "event_type": "Fight", "sub_type": "CAMEO 190", "date": "2026-09-28", "title": "Fight — China", "description": "", "fatalities": null, "actors": ["ARMED GROUP"], "country": "CH", "links": ["https://www.radiookapi.net/2026/09/28/actualite/securite/au-moins-16-miliciens-tues-dans-des-affrontements-entre-la-crp-et-la"], "confidence": 0.9, "tone": -2.8735632183908, "goldstein": -10.0, "mentions": 30}}, {"type": "Feature", "geometry": {"type": "Point", "coordinates": [2.0, 46.0]}, "properties": {"id": "gdelt-1325257688", "source": "gdelt", "event_type": "Coerce", "sub_type": "CAMEO 174", "date": "2026-09-28", "title": "Coerce — France", "description": "", "fatalities": null, "actors": ["UKRAINE"], "country": "FR", "links": ["https://m.kauno.diena.lt/naujienos/pasaulis/ekonomika-ir-politika/popiezius-leonas-xiv-valstybiu-santykiai-tampa-vis-maziau-civilizuoti-1776652"], "confidence": 0.9, "tone": -1.00849721869388, "goldstein": -5.0, "mentions": 30}}, {"type": "Feature", "geometry": {"type": "Point", "coordinates": [20.4833, 41.8153]}, "properties": {"id": "gdelt-1325257697", "source": "gdelt", "event_type": "Fight", "sub_type": "CAMEO 190", "date": "2026-09-28", "title": "Fight — Radomir, DibëAL, Albania", "description": "", "fatalities": null, "actors": ["ALBANIAN"], "country": "AL", "links": ["https://www.radiokosovaelire.com/gjykimi-ne-mungese-ndaj-21-te-akuzuarve-per-krime-lufte-vazhdon-mes-tyre-edhe-ish-zyrtare-serbe/"], "confidence": 0.6000000000000001, "tone": -13.2743362831858, "goldstein": -10.0, "mentions": 6}}, {"type": "Feature", "geometry": {"type": "Point", "coordinates": [20.4833, 41.8153]}, "properties": {"id": "gdelt-1325257698", "source": "gdelt", "event_type": "Fight", "sub_type": "CAMEO 190", "date": "2026-09-28", "title": "Fight — Radomir, DibëAL, Albania", "description": "", "fatalities": null, "actors": ["ALBANIAN", "ALBANIA"], "country": "AL", "links": ["https://www.radiokosovaelire.com/gjykimi-ne-mungese-ndaj-21-te-akuzuarve-per-krime-lufte-vazhdon-mes-tyre-edhe-ish-zyrtare-serbe/"], "confidence": 0.5, "tone": -13.2743362831858, "goldstein": -10.0, "mentions": 4}}, {"type": "Feature", "geometry": {"type": "Point", "coordinates": [4.33333, 50.8333]}, "properties": {"id": "gdelt-1325257706", "source": "gdelt", "event_type": "Coerce", "sub_type": "CAMEO 172", "date": "2026-09-28", "title": "Coerce — Brussels, Bruxelles-Capitale, Belgium", "description": "", "fatalities": null, "actors": ["AUSTRIAN"], "country": "BE", "links": ["https://ria.ru/20260928/es-2120715977.html"], "confidence": 0.7, "tone": 1.05263157894737, "goldstein": -5.0, "mentions": 8}}, {"type": "Feature", "geometry": {"type": "Point", "coordinates": [13.333333, 47.333333]}, "properties": {"id": "gdelt-1325257707", "source": "gdelt", "event_type": "Coerce", "sub_type": "CAMEO 172", "date": "2026-09-28", "title": "Coerce — Austria", "description": "", "fatalities": null, "actors": ["AUSTRIAN"], "country": "AU", "links": ["https://ria.ru/20260928/es-2120715977.html"], "confidence": 0.7, "tone": 1.05263157894737, "goldstein": -5.0, "mentions": 8}}, {"type": "Feature", "geometry": {"type": "Point", "coordinates": [-4.45972, 11.459]}, "properties": {"id": "gdelt-1325257714", "source": "gdelt", "event_type": "Fight", "sub_type": "CAMEO 193", "date": "2026-09-28", "title": "Fight — Samandeni, Region des Hauts-Bassins, Burkina Faso", "description": "", "fatalities": null, "actors": ["BURKINA FASO"], "country": "UV", "links": ["https://burkina24.com/2026/09/28/le-capitaine-ibrahim-traore-devoile-sa-strategie-economique-certains-produits-seront-exclusivement-importes-par-letat/"], "confidence": 0.8, "tone": 0.169779286927, "goldstein": -10.0, "mentions": 10}}, {"type": "Feature", "geometry": {"type": "Point", "coordinates": [27.5667, 53.9]}, "properties": {"id": "gdelt-1325257718", "source": "gdelt", "event_type": "Fight", "sub_type": "CAMEO 190", "date": "2026-09-28", "title": "Fight — Minsk, Belarus (general), Belarus", "description": "", "fatalities": null, "actors": ["BELARUS", "ARMY"], "country": "BO", "links": ["https://iz.ru/2174771/lukashenko-naznachil-belogo-novym-glavoi-genshtaba-belorussii-izi"], "confidence": 0.8, "tone": 0.0, "goldstein": -10.0, "mentions": 10}}, {"type": "Feature", "geometry": {"type": "Point", "coordinates": [28.0, 53.0]}, "properties": {"id": "gdelt-1325257719", "source": "gdelt", "event_type": "Fight", "sub_type": "CAMEO 190", "date": "2026-09-28", "title": "Fight — Belarus", "description": "", "fatalities": null, "actors": ["BELARUS", "BELARUS"], "country": "BO", "links": ["https://www.kommersant.ru/doc/8988612"], "confidence": 0.4, "tone": 0.0, "goldstein": -10.0, "mentions": 2}}, {"type": "Feature", "geometry": {"type": "Point", "coordinates": [12.833333, 42.833333]}, "properties": {"id": "gdelt-1325257745", "source": "gdelt", "event_type": "Fight", "sub_type": "CAMEO 192", "date": "2026-09-28", "title": "Fight — Italy", "description": "", "fatalities": null, "actors": ["COMPANY"], "country": "IT", "links": ["https://www.lastampa.it/tech/2026/09/28/news/google_multa_milioni_privacy_gdpr_garante_irlanda_dati_utenti_sanzione-15751217/"], "confidence": 0.8, "tone": -1.92539109506619, "goldstein": -9.5, "mentions": 10}}, {"type": "Feature", "geometry": {"type": "Point", "coordinates": [34.0, 45.0]}, "properties": {"id": "gdelt-1325257808", "source": "gdelt", "event_type": "Coerce", "sub_type": "CAMEO 1712", "date": "2026-09-28", "title": "Coerce — Crimea, Krym, Avtonomna Respublika, Ukraine", "description": "", "fatalities": null, "actors": ["PRISON"], "country": "UP", "links": ["https://life.ru/p/podozhgli-vyshku-i-ostavili-nadpisi-v-tveri-pare-dali-42-goda-kolonii-na-dvoih"], "confidence": 0.8, "tone": -5.65217391304348, "goldstein": -9.2, "mentions": 10}}, {"type": "Feature", "geometry": {"type": "Point", "coordinates": [10.2255, 56.1534]}, "properties": {"id": "gdelt-1325257809", "source": "gdelt", "event_type": "Coerce", "sub_type": "CAMEO 173", "date": "2026-09-28", "title": "Coerce — Arhus, Midtjylland, Denmark", "description": "", "fatalities": null, "actors": ["PRISON"], "country": "DA", "links": ["https://www.nettavisen.no/nyheter/avslort-da-han-ble-funnet-i-kusinens-seng/s/5-95-3219216"], "confidence": 0.8, "tone": -3.56164383561644, "goldstein": -5.0, "mentions": 10}}, {"type": "Feature", "geometry": {"type": "Point", "coordinates": [23.7333, 37.9833]}, "properties": {"id": "gdelt-1325257810", "source": "gdelt", "event_type": "Coerce", "sub_type": "CAMEO 173", "date": "2026-09-28", "title": "Coerce — Athens, AttikíR, Greece", "description": "", "fatalities": null, "actors": ["PRISON"], "country": "GR", "links": ["https://www.newsbeast.gr/world/arthro/13385854/i-zizel-peliko-protagonistei-se-ekstrateia-kata-tis-chimikis-ypotagis-mastiga-pou-epireazei-tous-pantes"], "confidence": 0.8, "tone": -3.89610389610389, "goldstein": -5.0, "mentions": 10}}, {"type": "Feature", "geometry": {"type": "Point", "coordinates": [20.8019, 41.1172]}, "properties": {"id": "gdelt-1325257811", "source": "gdelt", "event_type": "Assault", "sub_type": "CAMEO 180", "date": "2026-09-28", "title": "Assault — Ohrid, Ohrid, Macedonia", "description": "", "fatalities": null, "actors": ["POLICE"], "country": "MK", "links": ["https://time.mk/c/4e6db39f10/tepacka-megju-dvajca-braka-i-nivnata-majka-vo-suto-orizari.html"], "confidence": 0.4, "tone": -2.80898876404494, "goldstein": -9.0, "mentions": 2}}, {"type": "Feature", "geometry": {"type": "Point", "coordinates": [72.6662, 33.5482]}, "properties": {"id": "gdelt-1325257812", "source": "gdelt", "event_type": "Assault", "sub_type": "CAMEO 181", "date": "2026-09-28", "title": "Assault — Dhok, Punjab, Pakistan", "description": "", "fatalities": null, "actors": ["POLICE"], "country": "PK", "links": ["https://jang.com.pk/news/1619744"], "confidence": 0.8, "tone": -7.63888888888888, "goldstein": -9.0, "mentions": 10}}, {"type": "Feature", "geometry": {"type": "Point", "coordinates": [2.33333, 48.8667]}, "properties": {"id": "gdelt-1325257814", "source": "gdelt", "event_type": "Fight", "sub_type": "CAMEO 193", "date": "2026-09-28", "title": "Fight — Paris, France (general), France", "description": "", "fatalities": null, "actors": ["POLICE"], "country": "FR", "links": ["https://www.tgrthaber.com/gundem/10-alana-1-bedava-daltonlarin-avrupanin-kalbindeki-kampanyali-silah-ticaretine-darbe-3361967"], "confidence": 0.8, "tone": -3.72526193247963, "goldstein": -10.0, "mentions": 10}}, {"type": "Feature", "geometry": {"type": "Point", "coordinates": [20.8019, 41.1172]}, "properties": {"id": "gdelt-1325257818", "source": "gdelt", "event_type": "Assault", "sub_type": "CAMEO 180", "date": "2026-09-28", "title": "Assault — Ohrid, Ohrid, Macedonia", "description": "", "fatalities": null, "actors": ["POLICE", "MACEDONIA"], "country": "MK", "links": ["https://time.mk/c/4e6db39f10/tepacka-megju-dvajca-braka-i-nivnata-majka-vo-suto-orizari.html"], "confidence": 0.4, "tone": -2.80898876404494, "goldstein": -9.0, "mentions": 2}}, {"type": "Feature", "geometry": {"type": "Point", "coordinates": [21.4333, 42.0]}, "properties": {"id": "gdelt-1325257819", "source": "gdelt", "event_type": "Assault", "sub_type": "CAMEO 180", "date": "2026-09-28", "title": "Assault — Skopje, Macedonia (general), Macedonia", "description": "", "fatalities": null, "actors": ["POLICE", "MACEDONIA"], "country": "MK", "links": ["https://time.mk/c/4e6db39f10/tepacka-megju-dvajca-braka-i-nivnata-majka-vo-suto-orizari.html"], "confidence": 0.4, "tone": -2.80898876404494, "goldstein": -9.0, "mentions": 2}}, {"type": "Feature", "geometry": {"type": "Point", "coordinates": [20.8019, 41.1172]}, "properties": {"id": "gdelt-1325257820", "source": "gdelt", "event_type": "Assault", "sub_type": "CAMEO 180", "date": "2026-09-28", "title": "Assault — Ohrid, Ohrid, Macedonia", "description": "", "fatalities": null, "actors": ["POLICE", "MACEDONIA"], "country": "MK", "links": ["https://time.mk/c/4e6db39f10/tepacka-megju-dvajca-braka-i-nivnata-majka-vo-suto-orizari.html"], "confidence": 0.5, "tone": -2.80898876404494, "goldstein": -9.0, "mentions": 4}}, {"type": "Feature", "geometry": {"type": "Point", "coordinates": [28.3496, 57.8136]}, "properties": {"id": "gdelt-1325257822", "source": "gdelt", "event_type": "Fight", "sub_type": "CAMEO 190", "date": "2026-09-28", "title": "Fight — Pskov, Pskovskaya Oblast', Russia", "description": "", "fatalities": null, "actors": ["SECURITY FORCE", "PSKOV"], "country": "RS", "links": ["https://informpskov.ru/news/519000.html"], "confidence": 0.8, "tone": -8.7912087912088, "goldstein": -10.0, "mentions": 10}}, {"type": "Feature", "geometry": {"type": "Point", "coordinates": [13.4, 52.5167]}, "properties": {"id": "gdelt-1325257827", "source": "gdelt", "event_type": "Fight", "sub_type": "CAMEO 193", "date": "2026-09-28", "title": "Fight — Berlin, Berlin, Germany", "description": "", "fatalities": null, "actors": ["CRIMINAL", "POLICE"], "country": "GM", "links": ["https://www.berliner-zeitung.de:443/article/blutige-auseinandersetzungen-clan-krawall-muendet-in-schuesse-vor-polizeiwache-10437908"], "confidence": 0.8, "tone": -5.33333333333334, "goldstein": -10.0, "mentions": 10}}, {"type": "Feature", "geometry": {"type": "Point", "coordinates": [44.5858, 48.8047]}, "properties": {"id": "gdelt-1325257829", "source": "gdelt", "event_type": "Fight", "sub_type": "CAMEO 190", "date": "2026-09-28", "title": "Fight — Volgograd, Volgogradskaya Oblast', Russia", "description": "", "fatalities": null, "actors": ["CRIMINAL", "VOLGA"], "country": "RS", "links": ["https://www.5-tv.ru/news/5088717/vse-vuzase-vvolzskom-nasli-telo-zensiny-vholodilnike-posle-zalob-nazapah/"], "confidence": 0.8, "tone": -7.14285714285714, "goldstein": -10.0, "mentions": 10}}, {"type": "Feature", "geometry": {"type": "Point", "coordinates": [23.75, 38.0333]}, "properties": {"id": "gdelt-1325257851", "source": "gdelt", "event_type": "Assault", "sub_type": "CAMEO 180", "date": "2026-09-28", "title": "Assault — Nea Ionia, Perifereia Attikis, Greece", "description": "", "fatalities": null, "actors": ["RESIDENTS"], "country": "GR", "links": ["https://www.thetoc.gr/koinwnia/article/nea-ionia-emprismo-blepei-i-elas-gia-tin-fotia-stin-kafeteria---to-skoteino-parelthon-kai-o-pithanos-ekbiasmos/"], "confidence": 0.5, "tone": -5.46528803545052, "goldstein": -9.0, "mentions": 4}}, {"type": "Feature", "geometry": {"type": "Point", "coordinates": [9.2, 45.4667]}, "properties": {"id": "gdelt-1325257852", "source": "gdelt", "event_type": "Fight", "sub_type": "CAMEO 190", "date": "2026-09-28", "title": "Fight — Milan, Lombardia, Italy", "description": "", "fatalities": null, "actors": ["PEASANT"], "country": "IT", "links": ["http://www.arte.it/calendario-arte/milano/mostra-i-brueghel-le-origini-dei-generi-pittorici-in-europa-104322"], "confidence": 0.8, "tone": 1.70068027210884, "goldstein": -10.0, "mentions": 10}}, {"type": "Feature", "geometry": {"type": "Point", "coordinates": [-4.5, 37.6]}, "properties": {"id": "gdelt-1325257853", "source": "gdelt", "event_type": "Fight", "sub_type": "CAMEO 190", "date": "2026-09-28", "title": "Fight — Andalusia, Spain (general), Spain", "description": "", "fatalities": null, "actors": ["COMMUNITY"], "country": "SP", "links": ["https://www.diariodesevilla.es/andalucia/andalucia-concentra-30-crimenes-machistas-2026_0_2008094028.html"], "confidence": 0.8, "tone": -5.78703703703703, "goldstein": -10.0, "mentions": 10}}, {"type": "Feature", "geometry": {"type": "Point", "coordinates": [22.25, 41.3167]}, "properties": {"id": "gdelt-1325257854", "source": "gdelt", "event_type": "Fight", "sub_type": "CAMEO 190", "date": "2026-09-28", "title": "Fight — Milovan, Macedonia (general), Macedonia", "description": "", "fatalities": null, "actors": ["VILLAGE"], "country": "MK", "links": ["https://www.botasot.info/aktuale-lajme/2532881/4-nga-21-serbet-qe-po-gjykohen-ne-mungese-figurojne-te-vdekur/"], "confidence": 0.8, "tone": -7.21649484536082, "goldstein": -10.0, "mentions": 10}}, {"type": "Feature", "geometry": {"type": "Point", "coordinates": [-4.0, 54.0]}, "properties": {"id": "gdelt-1325257859", "source": "gdelt", "event_type": "Coerce", "sub_type": "CAMEO 173", "date": "2026-09-28", "title": "Coerce — United Kingdom", "description": "", "fatalities": null, "actors": ["RESIDENTS", "UNITED KINGDOM"], "country": "UK", "links": ["https://aktuale.mk/fqinja-heroine-qe-parandaloi-sulmin-e-dyshuar-terrorist-ne-britani-vuri-ne-levizje-policine-dhe-lajmeroi-banoret-e-zones-ne-whatsapp/"], "confidence": 0.8, "tone": -5.8252427184466, "goldstein": -5.0, "mentions": 10}}, {"type": "Feature", "geometry": {"type": "Point", "coordinates": [23.75, 38.0333]}, "properties": {"id": "gdelt-1325257860", "source": "gdelt", "event_type": "Assault", "sub_type": "CAMEO 180", "date": "2026-09-28", "title": "Assault — Nea Ionia, Perifereia Attikis, Greece", "description": "", "fatalities": null, "actors": ["RESIDENTS", "GREECE"], "country": "GR", "links": ["https://www.thetoc.gr/koinwnia/article/nea-ionia-emprismo-blepei-i-elas-gia-tin-fotia-stin-kafeteria---to-skoteino-parelthon-kai-o-pithanos-ekbiasmos/"], "confidence": 0.9, "tone": -5.46528803545052, "goldstein": -9.0, "mentions": 16}}, {"type": "Feature", "geometry": {"type": "Point", "coordinates": [25.4288, 49.196]}, "properties": {"id": "gdelt-1325257865", "source": "gdelt", "event_type": "Assault", "sub_type": "CAMEO 180", "date": "2026-09-28", "title": "Assault — Dobropole, Ternopil's'ka Oblast', Ukraine", "description": "", "fatalities": null, "actors": ["POPULATION", "ARMY"], "country": "UP", "links": ["https://news.mail.ru/svo/72524024/"], "confidence": 0.8, "tone": -6.28019323671497, "goldstein": -9.0, "mentions": 10}}, {"type": "Feature", "geometry": {"type": "Point", "coordinates": [10.5, 51.5]}, "properties": {"id": "gdelt-1325257876", "source": "gdelt", "event_type": "Coerce", "sub_type": "CAMEO 173", "date": "2026-09-28", "title": "Coerce — Germany", "description": "", "fatalities": null, "actors": ["GERMANY", "GREECE"], "country": "GM", "links": ["https://www.voria.gr/node/778401"], "confidence": 0.4, "tone": 4.3103448275862, "goldstein": -5.0, "mentions": 2}}, {"type": "Feature", "geometry": {"type": "Point", "coordinates": [10.5, 51.5]}, "properties": {"id": "gdelt-1325257877", "source": "gdelt", "event_type": "Coerce", "sub_type": "CAMEO 173", "date": "2026-09-28", "title": "Coerce — Germany", "description": "", "fatalities": null, "actors": ["GERMANY", "GREECE"], "country": "GM", "links": ["https://www.voria.gr/node/778401"], "confidence": 0.7, "tone": 4.3103448275862, "goldstein": -5.0, "mentions": 8}}, {"type": "Feature", "geometry": {"type": "Point", "coordinates": [2.33333, 48.8667]}, "properties": {"id": "gdelt-1325257884", "source": "gdelt", "event_type": "Fight", "sub_type": "CAMEO 190", "date": "2026-09-28", "title": "Fight — Paris, France (general), France", "description": "", "fatalities": null, "actors": ["GERMANY", "TURKEY"], "country": "FR", "links": ["https://www.tgrthaber.com/gundem/10-alana-1-bedava-daltonlarin-avrupanin-kalbindeki-kampanyali-silah-ticaretine-darbe-3361967"], "confidence": 0.8, "tone": -3.72526193247963, "goldstein": -10.0, "mentions": 10}}, {"type": "Feature", "geometry": {"type": "Point", "coordinates": [10.0, 62.0]}, "properties": {"id": "gdelt-1325257887", "source": "gdelt", "event_type": "Fight", "sub_type": "CAMEO 190", "date": "2026-09-28", "title": "Fight — Norway", "description": "", "fatalities": null, "actors": ["DANE", "POLICE"], "country": "NO", "links": ["https://www.nettavisen.no/nyheter/avslort-da-han-ble-funnet-i-kusinens-seng/s/5-95-3219216"], "confidence": 0.8, "tone": -3.56164383561644, "goldstein": -10.0, "mentions": 10}}, {"type": "Feature", "geometry": {"type": "Point", "coordinates": [77.0, 20.0]}, "properties": {"id": "gdelt-1325257903", "source": "gdelt", "event_type": "Protest", "sub_type": "CAMEO 141", "date": "2026-09-28", "title": "Protest — India", "description": "", "fatalities": null, "actors": ["STUDENT"], "country": "IN", "links": ["https://www.haberler.com/haberler/toplu-tecavuz-sonrasi-ogrenciler-universiteyi-20278410-haberi/"], "confidence": 0.8, "tone": -7.56972111553785, "goldstein": -6.5, "mentions": 10}}, {"type": "Feature", "geometry": {"type": "Point", "coordinates": [34.911546, 39.059012]}, "properties": {"id": "gdelt-1325257904", "source": "gdelt", "event_type": "Fight", "sub_type": "CAMEO 193", "date": "2026-09-28", "title": "Fight — Turkey", "description": "", "fatalities": null, "actors": ["SCHOOL"], "country": "TU", "links": ["https://www.gea.de/welt/weltspiegel_artikel,-t%C3%BCrkei-lehrer-an-schule-in-osmaniye-erschossen-_arid,7169848.html"], "confidence": 0.8, "tone": -4.03225806451613, "goldstein": -10.0, "mentions": 10}}, {"type": "Feature", "geometry": {"type": "Point", "coordinates": [34.911546, 39.059012]}, "properties": {"id": "gdelt-1325257907", "source": "gdelt", "event_type": "Fight", "sub_type": "CAMEO 193", "date": "2026-09-28", "title": "Fight — Turkey", "description": "", "fatalities": null, "actors": ["SCHOOL", "GAZETTE"], "country": "TU", "links": ["https://www.gea.de/welt/weltspiegel_artikel,-t%C3%BCrkei-lehrer-an-schule-in-osmaniye-erschossen-_arid,7169848.html"], "confidence": 0.8, "tone": -4.03225806451613, "goldstein": -10.0, "mentions": 10}}, {"type": "Feature", "geometry": {"type": "Point", "coordinates": [12.875, 50.237]}, "properties": {"id": "gdelt-1325257910", "source": "gdelt", "event_type": "Force posture", "sub_type": "CAMEO 150", "date": "2026-09-28", "title": "Force posture — Karlovy Vary, Karlovarský, Czech Republic", "description": "", "fatalities": null, "actors": ["COLLEGIAN", "MILITARY"], "country": "EZ", "links": ["https://www.metro.cz/kraje/karlovarsky-kraj/armada-vzdelani-dustojnici-ministerstvo-obrany-karlovy-vary.A260928_095219_metro-vary-zpravy_air"], "confidence": 0.8, "tone": 1.03359173126615, "goldstein": -7.2, "mentions": 10}}, {"type": "Feature", "geometry": {"type": "Point", "coordinates": [31.25, 30.05]}, "properties": {"id": "gdelt-1325257917", "source": "gdelt", "event_type": "Assault", "sub_type": "CAMEO 180", "date": "2026-09-28", "title": "Assault — Cairo, Al Qahirah, Egypt", "description": "", "fatalities": null, "actors": ["CAIRO", "STUDENT"], "country": "EG", "links": ["https://www.shorouknews.com/news/view.aspx?cdate=28092026&id=e5bacbe0-b69b-4df3-8e32-ae0da653ae5d"], "confidence": 0.8, "tone": -13.2183908045977, "goldstein": -9.0, "mentions": 10}}, {"type": "Feature", "geometry": {"type": "Point", "coordinates": [15.5, 45.166667]}, "properties": {"id": "gdelt-1325257922", "source": "gdelt", "event_type": "Fight", "sub_type": "CAMEO 193", "date": "2026-09-28", "title": "Fight — Croatia", "description": "", "fatalities": null, "actors": ["ACTOR"], "country": "HR", "links": ["https://hnonline.sk/pr-clanky/96304706-jednotka-jastrab-startuje-na-tv-joj-milan-ondrik-na-strane-zakona-plejada-znamych-hercov-a-lokacie-od-chorvatska-po-cyprus"], "confidence": 0.8, "tone": -0.16, "goldstein": -10.0, "mentions": 10}}, {"type": "Feature", "geometry": {"type": "Point", "coordinates": [-0.136386, 38.5392]}, "properties": {"id": "gdelt-1325257931", "source": "gdelt", "event_type": "Fight", "sub_type": "CAMEO 190", "date": "2026-09-28", "title": "Fight — Benidorm, Valenciana, Spain", "description": "", "fatalities": null, "actors": ["ANDALUSIA"], "country": "SP", "links": ["https://www.diariodesevilla.es/andalucia/andalucia-concentra-30-crimenes-machistas-2026_0_2008094028.html"], "confidence": 0.8, "tone": -5.78703703703703, "goldstein": -10.0, "mentions": 10}}, {"type": "Feature", "geometry": {"type": "Point", "coordinates": [20.0, 47.0]}, "properties": {"id": "gdelt-1325257952", "source": "gdelt", "event_type": "Coerce", "sub_type": "CAMEO 1712", "date": "2026-09-28", "title": "Coerce — Hungary", "description": "", "fatalities": null, "actors": ["EUROPEAN"], "country": "HU", "links": ["https://www.dw.com/es/hungr%C3%ADa-levanta-la-inmunidad-parlamentaria-del-primer-ministro-p%C3%A9ter-magyar-para-aclarar-la-farsa-en-torno-a-un-m%C3%B3vil-lanzado-al-danubio/a-79456791"], "confidence": 0.8, "tone": -5.80645161290323, "goldstein": -9.2, "mentions": 10}}, {"type": "Feature", "geometry": {"type": "Point", "coordinates": [82.9344, 55.0411]}, "properties": {"id": "gdelt-1325257981", "source": "gdelt", "event_type": "Fight", "sub_type": "CAMEO 190", "date": "2026-09-28", "title": "Fight — Novosibirsk, Novosibirskaya Oblast', Russia", "description": "", "fatalities": null, "actors": ["UNITED KINGDOM"], "country": "RS", "links": ["https://life.ru/p/sk-raskryl-hronologiyu-desyati-ubiystv-manyaka-gaskova"], "confidence": 0.8, "tone": -10.8870967741936, "goldstein": -10.0, "mentions": 10}}, {"type": "Feature", "geometry": {"type": "Point", "coordinates": [-98.5795, 39.828175]}, "properties": {"id": "gdelt-1325257982", "source": "gdelt", "event_type": "Fight", "sub_type": "CAMEO 190", "date": "2026-09-28", "title": "Fight — United States", "description": "", "fatalities": null, "actors": ["UNITED KINGDOM"], "country": "US", "links": ["https://www.volynnews.com/news/all/u-brytaniyi-zapobihly-teraktu-piatero-cholovikiv-zbyralysia-pidirvaty-amerykanski-bombarduvalnyky/"], "confidence": 0.8, "tone": -7.35785953177257, "goldstein": -10.0, "mentions": 10}}, {"type": "Feature", "geometry": {"type": "Point", "coordinates": [-0.116667, 51.5]}, "properties": {"id": "gdelt-1325257985", "source": "gdelt", "event_type": "Coerce", "sub_type": "CAMEO 173", "date": "2026-09-28", "title": "Coerce — London, London, City of, United Kingdom", "description": "", "fatalities": null, "actors": ["LONDON", "RUSSIA"], "country": "UK", "links": ["https://www.tanjug.rs/svet/politika/284711/fsb-pokusaji-stvaranja-marionetskih-organizacija-londona-u-rusiju-osudeni-na-neuspeh/vest"], "confidence": 0.7, "tone": -6.14035087719298, "goldstein": -5.0, "mentions": 8}}, {"type": "Feature", "geometry": {"type": "Point", "coordinates": [-4.0, 54.0]}, "properties": {"id": "gdelt-1325257986", "source": "gdelt", "event_type": "Coerce", "sub_type": "CAMEO 173", "date": "2026-09-28", "title": "Coerce — United Kingdom", "description": "", "fatalities": null, "actors": ["UNITED KINGDOM", "CRIMINAL"], "country": "UK", "links": ["https://preberi.si/content/view/134948753-Izredne-razmere-v-blizini-britanske-vojaske-baze-ljudi-so-evakuirali.html"], "confidence": 0.8, "tone": -10.958904109589, "goldstein": -5.0, "mentions": 10}}, {"type": "Feature", "geometry": {"type": "Point", "coordinates": [-0.116667, 51.5]}, "properties": {"id": "gdelt-1325258040", "source": "gdelt", "event_type": "Coerce", "sub_type": "CAMEO 173", "date": "2026-09-28", "title": "Coerce — London, London, City of, United Kingdom", "description": "", "fatalities": null, "actors": ["PRESIDENT"], "country": "UK", "links": ["https://bitacora.com.uy/la-policia-britanica-investiga-si-los-denuedo-cerca-de-la-almohadilla-aerea-dirigida-por-estados-unidos-frustraron-un-ataque-vinculado-a-iran/"], "confidence": 0.8, "tone": -5.62719812426729, "goldstein": -5.0, "mentions": 10}}, {"type": "Feature", "geometry": {"type": "Point", "coordinates": [13.9379, 48.7943]}, "properties": {"id": "gdelt-1325258041", "source": "gdelt", "event_type": "Fight", "sub_type": "CAMEO 190", "date": "2026-09-28", "title": "Fight — Vltava, Jihoceský, Czech Republic", "description": "", "fatalities": null, "actors": ["PRINCE"], "country": "EZ", "links": ["https://www.lidovky.cz/nazory/svaty-vaclav-stat-ceske-zeme-karel-iv-odkaz-lebka-podoba.A260928_092304_ln_nazory_lval"], "confidence": 0.8, "tone": 0.20161290322581, "goldstein": -10.0, "mentions": 10}}, {"type": "Feature", "geometry": {"type": "Point", "coordinates": [23.75, 38.0333]}, "properties": {"id": "gdelt-1325258042", "source": "gdelt", "event_type": "Fight", "sub_type": "CAMEO 190", "date": "2026-09-28", "title": "Fight — Nea Ionia, Perifereia Attikis, Greece", "description": "", "fatalities": null, "actors": ["FIREFIGHTER"], "country": "GR", "links": ["https://www.thetoc.gr/koinwnia/article/nea-ionia-emprismo-blepei-i-elas-gia-tin-fotia-stin-kafeteria---to-skoteino-parelthon-kai-o-pithanos-ekbiasmos/"], "confidence": 0.9, "tone": -5.46528803545052, "goldstein": -10.0, "mentions": 20}}, {"type": "Feature", "geometry": {"type": "Point", "coordinates": [-8.0, 39.5]}, "properties": {"id": "gdelt-1325258043", "source": "gdelt", "event_type": "Fight", "sub_type": "CAMEO 190", "date": "2026-09-28", "title": "Fight — Portugal", "description": "", "fatalities": null, "actors": ["GOVERNMENT"], "country": "PO", "links": ["https://jornaleconomico.sapo.pt/noticias/montenegro-diz-que-desafio-ja-nao-e-apenas-trazer-mais-turistas-e-gerar-mais-lucros/"], "confidence": 0.8, "tone": 1.35135135135135, "goldstein": -10.0, "mentions": 10}}, {"type": "Feature", "geometry": {"type": "Point", "coordinates": [-4.0, 54.0]}, "properties": {"id": "gdelt-1325258044", "source": "gdelt", "event_type": "Fight", "sub_type": "CAMEO 193", "date": "2026-09-28", "title": "Fight — United Kingdom", "description": "", "fatalities": null, "actors": ["KING"], "country": "UK", "links": ["https://tsn.ua/lady/news/obschestvo/prynts-viliam-pryyniav-vazlyve-rishennia-z-pryvodu-filmu-pro-svoiu-matir-pryntsesu-dianu-3177011.html"], "confidence": 0.8, "tone": 0.0, "goldstein": -10.0, "mentions": 10}}, {"type": "Feature", "geometry": {"type": "Point", "coordinates": [2.33333, 48.8667]}, "properties": {"id": "gdelt-1325258051", "source": "gdelt", "event_type": "Coerce", "sub_type": "CAMEO 173", "date": "2026-09-28", "title": "Coerce — Paris, France (general), France", "description": "", "fatalities": null, "actors": ["CABINET", "CIVILIAN"], "country": "FR", "links": ["https://www.vanitatis.elconfidencial.com/casas-reales/2026-09-28/reyes-condecoraciones-emmanuel-brigitte-macron-viaje-estado-espana_4433479/"], "confidence": 0.8, "tone": 6.62100456621005, "goldstein": -5.0, "mentions": 10}}, {"type": "Feature", "geometry": {"type": "Point", "coordinates": [63.84911, 41.707542]}, "properties": {"id": "gdelt-1325258115", "source": "gdelt", "event_type": "Fight", "sub_type": "CAMEO 190", "date": "2026-09-28", "title": "Fight — Uzbekistan", "description": "", "fatalities": null, "actors": ["HUNGARY"], "country": "UZ", "links": ["https://sanjeevnitoday.com/indias-brilliant-performance-in-chess-olympiad-2026-mens-team-won-silver/"], "confidence": 0.8, "tone": 3.15315315315315, "goldstein": -10.0, "mentions": 10}}, {"type": "Feature", "geometry": {"type": "Point", "coordinates": [51.5148, 35.75]}, "properties": {"id": "gdelt-1325258130", "source": "gdelt", "event_type": "Fight", "sub_type": "CAMEO 194", "date": "2026-09-28", "title": "Fight — Tehran, Tehran, Iran", "description": "", "fatalities": null, "actors": ["IRAN", "KINGDOM"], "country": "IR", "links": ["https://bitacora.com.uy/la-policia-britanica-investiga-si-los-denuedo-cerca-de-la-almohadilla-aerea-dirigida-por-estados-unidos-frustraron-un-ataque-vinculado-a-iran/"], "confidence": 0.8, "tone": -5.62719812426729, "goldstein": -10.0, "mentions": 10}}, {"type": "Feature", "geometry": {"type": "Point", "coordinates": [37.6156, 55.7522]}, "properties": {"id": "gdelt-1325258131", "source": "gdelt", "event_type": "Fight", "sub_type": "CAMEO 194", "date": "2026-09-28", "title": "Fight — Moscow, Moskva, Russia", "description": "", "fatalities": null, "actors": ["IRAN", "MARINES"], "country": "RS", "links": ["https://www.b92.net/svi-komentari/271435"], "confidence": 0.6000000000000001, "tone": -8.03571428571428, "goldstein": -10.0, "mentions": 6}}, {"type": "Feature", "geometry": {"type": "Point", "coordinates": [37.6156, 55.7522]}, "properties": {"id": "gdelt-1325258132", "source": "gdelt", "event_type": "Fight", "sub_type": "CAMEO 194", "date": "2026-09-28", "title": "Fight — Moscow, Moskva, Russia", "description": "", "fatalities": null, "actors": ["IRAN", "MARINES"], "country": "RS", "links": ["https://www.b92.net/svi-komentari/271435"], "confidence": 0.5, "tone": -8.03571428571428, "goldstein": -10.0, "mentions": 4}}, {"type": "Feature", "geometry": {"type": "Point", "coordinates": [-77.0364, 38.8951]}, "properties": {"id": "gdelt-1325258141", "source": "gdelt", "event_type": "Fight", "sub_type": "CAMEO 190", "date": "2026-09-28", "title": "Fight — Washington, District of Columbia, United States", "description": "", "fatalities": null, "actors": ["IRAN", "UNITED STATES"], "country": "US", "links": ["https://sputnikportal.rs/20260928/novac-koji-je-vasington-potrosio-na-sukob-sa-iranom-mogao-bi-da-prehrani-afriku-tokom-cele-godine-1203822824.html"], "confidence": 0.4, "tone": -5.47945205479453, "goldstein": -10.0, "mentions": 2}}, {"type": "Feature", "geometry": {"type": "Point", "coordinates": [-77.0364, 38.8951]}, "properties": {"id": "gdelt-1325258142", "source": "gdelt", "event_type": "Fight", "sub_type": "CAMEO 190", "date": "2026-09-28", "title": "Fight — Washington, District of Columbia, United States", "description": "", "fatalities": null, "actors": ["TEHRAN", "WASHINGTON"], "country": "US", "links": ["https://sputnikportal.rs/20260928/novac-koji-je-vasington-potrosio-na-sukob-sa-iranom-mogao-bi-da-prehrani-afriku-tokom-cele-godine-1203822824.html"], "confidence": 0.7, "tone": -5.47945205479453, "goldstein": -10.0, "mentions": 8}}, {"type": "Feature", "geometry": {"type": "Point", "coordinates": [44.3939, 33.3386]}, "properties": {"id": "gdelt-1325258143", "source": "gdelt", "event_type": "Fight", "sub_type": "CAMEO 190", "date": "2026-09-28", "title": "Fight — Baghdad, Baghdad, Iraq", "description": "", "fatalities": null, "actors": ["IRAQ"], "country": "IZ", "links": ["https://alsat.mk/forcat-amerikane-jane-terhequr-plotesisht-nga-iraku/"], "confidence": 0.7, "tone": -2.43902439024391, "goldstein": -10.0, "mentions": 8}}, {"type": "Feature", "geometry": {"type": "Point", "coordinates": [44.3939, 33.3386]}, "properties": {"id": "gdelt-1325258144", "source": "gdelt", "event_type": "Fight", "sub_type": "CAMEO 190", "date": "2026-09-28", "title": "Fight — Baghdad, Baghdad, Iraq", "description": "", "fatalities": null, "actors": ["IRAQ"], "country": "IZ", "links": ["https://alsat.mk/forcat-amerikane-jane-terhequr-plotesisht-nga-iraku/"], "confidence": 0.4, "tone": -2.43902439024391, "goldstein": -10.0, "mentions": 2}}, {"type": "Feature", "geometry": {"type": "Point", "coordinates": [-18.0, 65.0]}, "properties": {"id": "gdelt-1325258145", "source": "gdelt", "event_type": "Fight", "sub_type": "CAMEO 193", "date": "2026-09-28", "title": "Fight — Iceland", "description": "", "fatalities": null, "actors": ["ICELAND"], "country": "IC", "links": ["https://www.tele.at/sendungsdetails/22846780/castle.html"], "confidence": 0.8, "tone": -2.94117647058823, "goldstein": -10.0, "mentions": 10}}, {"type": "Feature", "geometry": {"type": "Point", "coordinates": [105.0, 35.0]}, "properties": {"id": "gdelt-1325258167", "source": "gdelt", "event_type": "Coerce", "sub_type": "CAMEO 173", "date": "2026-09-28", "title": "Coerce — China", "description": "", "fatalities": null, "actors": ["NAPLES"], "country": "CH", "links": ["https://www.zazoom.it/2026-09-28/sigarette-nascoste-nei-depositi-clandestini-cosi-il-contrabbando-viaggiava-da-napoli-a-foggia-8-indagati/19732881/"], "confidence": 0.8, "tone": -9.92366412213745, "goldstein": -5.0, "mentions": 10}}, {"type": "Feature", "geometry": {"type": "Point", "coordinates": [146.0, 16.0]}, "properties": {"id": "gdelt-1325258168", "source": "gdelt", "event_type": "Assault", "sub_type": "CAMEO 180", "date": "2026-09-28", "title": "Assault — Mauritius", "description": "", "fatalities": null, "actors": ["ITALY"], "country": "MP", "links": ["https://www.leggo.it/italia/cronache/28_settembre_2026_eni_sconto_benzina_esaurita_come_fare-9790707.html"], "confidence": 0.8, "tone": -0.30674846625767, "goldstein": -9.0, "mentions": 10}}, {"type": "Feature", "geometry": {"type": "Point", "coordinates": [13.3667, 38.1167]}, "properties": {"id": "gdelt-1325258169", "source": "gdelt", "event_type": "Fight", "sub_type": "CAMEO 192", "date": "2026-09-28", "title": "Fight — Palermo, Sicilia, Italy", "description": "", "fatalities": null, "actors": ["ITALY"], "country": "IT", "links": ["https://www.ansa.it/piemonte/notizie/2026/09/28/forme-del-reale.-visioni-dal-documentario-italiano_194099ce-cf6a-4397-8a32-e3301ff6e07a.html"], "confidence": 0.8, "tone": 0.340136054421768, "goldstein": -9.5, "mentions": 10}}, {"type": "Feature", "geometry": {"type": "Point", "coordinates": [68.0, 48.0]}, "properties": {"id": "gdelt-1325258200", "source": "gdelt", "event_type": "Coerce", "sub_type": "CAMEO 173", "date": "2026-09-28", "title": "Coerce — Kazakhstan", "description": "", "fatalities": null, "actors": ["DISTRICT COURT", "VICTORIA"], "country": "KZ", "links": ["https://www.kommersant.ru/doc/8988416"], "confidence": 0.5, "tone": -5.72171651495449, "goldstein": -5.0, "mentions": 4}}, {"type": "Feature", "geometry": {"type": "Point", "coordinates": [9.2, 45.4667]}, "properties": {"id": "gdelt-1325258205", "source": "gdelt", "event_type": "Coerce", "sub_type": "CAMEO 173", "date": "2026-09-28", "title": "Coerce — Milan, Lombardia, Italy", "description": "", "fatalities": null, "actors": ["PROSECUTING OFFICER", "MILAN"], "country": "IT", "links": ["https://www.zazoom.it/2026-09-28/milano-raffaele-mascia-condannato-a-ventanni-sparo-a-due-clienti-nella-panetteria-del-padre-a-gambara-e-ne-uccise-uno/19732905/"], "confidence": 0.8, "tone": -15.9217877094972, "goldstein": -5.0, "mentions": 10}}, {"type": "Feature", "geometry": {"type": "Point", "coordinates": [4.33333, 50.8333]}, "properties": {"id": "gdelt-1325258229", "source": "gdelt", "event_type": "Fight", "sub_type": "CAMEO 190", "date": "2026-09-28", "title": "Fight — Brussels, Bruxelles-Capitale, Belgium", "description": "", "fatalities": null, "actors": ["WORKER"], "country": "BE", "links": ["https://hrportugal.sapo.pt/comissao-europeia-quer-mais-direitos-para-trabalhadores-moveis-na-uniao-europeia/"], "confidence": 0.8, "tone": 1.86915887850467, "goldstein": -10.0, "mentions": 10}}, {"type": "Feature", "geometry": {"type": "Point", "coordinates": [32.0, 49.0]}, "properties": {"id": "gdelt-1325258249", "source": "gdelt", "event_type": "Protest", "sub_type": "CAMEO 141", "date": "2026-09-28", "title": "Protest — Ukraine", "description": "", "fatalities": null, "actors": ["PARLIAMENT"], "country": "UP", "links": ["https://espreso.tv/suspilstvo-stefanchuk-sprostuvav-chutki-pro-pripinennya-roboti-radi"], "confidence": 0.8, "tone": -1.03448275862069, "goldstein": -6.5, "mentions": 10}}, {"type": "Feature", "geometry": {"type": "Point", "coordinates": [100.0, 60.0]}, "properties": {"id": "gdelt-1325258265", "source": "gdelt", "event_type": "Coerce", "sub_type": "CAMEO 172", "date": "2026-09-28", "title": "Coerce — Russia", "description": "", "fatalities": null, "actors": ["LITHUANIA"], "country": "RS", "links": ["https://ura.news/news/1053131479"], "confidence": 0.4, "tone": -6.86695278969957, "goldstein": -5.0, "mentions": 2}}, {"type": "Feature", "geometry": {"type": "Point", "coordinates": [32.0, 49.0]}, "properties": {"id": "gdelt-1325258266", "source": "gdelt", "event_type": "Coerce", "sub_type": "CAMEO 172", "date": "2026-09-28", "title": "Coerce — Ukraine", "description": "", "fatalities": null, "actors": ["LITHUANIA"], "country": "UP", "links": ["https://ura.news/news/1053131479"], "confidence": 0.4, "tone": -6.86695278969957, "goldstein": -5.0, "mentions": 2}}, {"type": "Feature", "geometry": {"type": "Point", "coordinates": [35.833333, 33.833333]}, "properties": {"id": "gdelt-1325258280", "source": "gdelt", "event_type": "Fight", "sub_type": "CAMEO 190", "date": "2026-09-28", "title": "Fight — Lebanon", "description": "", "fatalities": null, "actors": ["MEDIA"], "country": "LE", "links": ["https://www.pan.am/ru/626095"], "confidence": 0.8, "tone": -2.53164556962026, "goldstein": -10.0, "mentions": 10}}, {"type": "Feature", "geometry": {"type": "Point", "coordinates": [-98.75, 17.55]}, "properties": {"id": "gdelt-1325258290", "source": "gdelt", "event_type": "Coerce", "sub_type": "CAMEO 174", "date": "2026-09-28", "title": "Coerce — Ayotzinapa, Guerrero, Mexico", "description": "", "fatalities": null, "actors": ["MEXICO"], "country": "MX", "links": ["https://www.proceso.com.mx/nacional/2026/9/28/que-nos-diga-la-verdad-pero-con-pruebas-exigen-a-sheinbaum-antes-de-su-informe-sobre-ayotzinapa-380767.html"], "confidence": 0.8, "tone": -2.8391167192429, "goldstein": -5.0, "mentions": 10}}, {"type": "Feature", "geometry": {"type": "Point", "coordinates": [29.9239, 46.9888]}, "properties": {"id": "gdelt-1325258307", "source": "gdelt", "event_type": "Assault", "sub_type": "CAMEO 180", "date": "2026-09-28", "title": "Assault — Novoselivka, Odes'ka Oblast, Ukraine", "description": "", "fatalities": null, "actors": ["BATTALION"], "country": "UP", "links": ["https://www.volynnews.com/news/all/operatsiia-vivaldi-tretiy-armiyskyy-korpus-zvilnyv-shche-try-sela-na-donbasi/"], "confidence": 0.8, "tone": -5.6701030927835, "goldstein": -9.0, "mentions": 10}}, {"type": "Feature", "geometry": {"type": "Point", "coordinates": [133.424, 45.4794]}, "properties": {"id": "gdelt-1325258308", "source": "gdelt", "event_type": "Fight", "sub_type": "CAMEO 190", "date": "2026-09-28", "title": "Fight — Ussuri, Primorskiy Kray, Russia", "description": "", "fatalities": null, "actors": ["BATTALION"], "country": "RS", "links": ["https://war.obozrevatel.com/section-war/news-tysyachi-vtrat-i-samohubstva-splyvly-tsikavi-dani-pro-rosiysku-dyviziyu-yaka-nastupaye-na-zaporizkomu-napryamku-28-09-2026.html"], "confidence": 0.8, "tone": -10.261569416499, "goldstein": -10.0, "mentions": 10}}, {"type": "Feature", "geometry": {"type": "Point", "coordinates": [20.0, 41.0]}, "properties": {"id": "gdelt-1325258317", "source": "gdelt", "event_type": "Fight", "sub_type": "CAMEO 190", "date": "2026-09-28", "title": "Fight — Albania", "description": "", "fatalities": null, "actors": ["PARAMILITARY", "CIVILIAN"], "country": "AL", "links": ["https://realiteti.net/nuk-cuditem-nga-fjalet-e-tij-por-nga-ata-qe-mehmeti-ia-perplas-faktet-vuciqit-si-nuk-kishte-katastrofe-humanitare-kur/"], "confidence": 0.45, "tone": -6.90690690690691, "goldstein": -10.0, "mentions": 3}}, {"type": "Feature", "geometry": {"type": "Point", "coordinates": [-4.0, 40.0]}, "properties": {"id": "gdelt-1325258321", "source": "gdelt", "event_type": "Protest", "sub_type": "CAMEO 145", "date": "2026-09-28", "title": "Protest — Spain", "description": "", "fatalities": null, "actors": ["ADMIRAL", "CALABRIA"], "country": "SP", "links": ["https://www.thetoc.gr/diethni/article/i-naumaxia-tis-prebezas-to-1538stin-upiresia-tis-propagandas-tis-tourkias-gia-ti-galazia-patrida/"], "confidence": 0.9, "tone": 3.50877192982456, "goldstein": -7.5, "mentions": 12}}, {"type": "Feature", "geometry": {"type": "Point", "coordinates": [-4.0, 40.0]}, "properties": {"id": "gdelt-1325258322", "source": "gdelt", "event_type": "Protest", "sub_type": "CAMEO 145", "date": "2026-09-28", "title": "Protest — Spain", "description": "", "fatalities": null, "actors": ["ADMIRAL", "CALABRIA"], "country": "SP", "links": ["https://www.thetoc.gr/diethni/article/i-naumaxia-tis-prebezas-to-1538stin-upiresia-tis-propagandas-tis-tourkias-gia-ti-galazia-patrida/"], "confidence": 0.7, "tone": 3.50877192982456, "goldstein": -7.5, "mentions": 8}}, {"type": "Feature", "geometry": {"type": "Point", "coordinates": [20.0, 41.0]}, "properties": {"id": "gdelt-1325258326", "source": "gdelt", "event_type": "Fight", "sub_type": "CAMEO 190", "date": "2026-09-28", "title": "Fight — Albania", "description": "", "fatalities": null, "actors": ["MILITARY POLICE"], "country": "AL", "links": ["https://realiteti.net/nuk-cuditem-nga-fjalet-e-tij-por-nga-ata-qe-mehmeti-ia-perplas-faktet-vuciqit-si-nuk-kishte-katastrofe-humanitare-kur/"], "confidence": 0.7, "tone": -6.90690690690691, "goldstein": -10.0, "mentions": 8}}, {"type": "Feature", "geometry": {"type": "Point", "coordinates": [10.2255, 56.1534]}, "properties": {"id": "gdelt-1325258332", "source": "gdelt", "event_type": "Coerce", "sub_type": "CAMEO 173", "date": "2026-09-28", "title": "Coerce — Arhus, Midtjylland, Denmark", "description": "", "fatalities": null, "actors": ["IMAM"], "country": "DA", "links": ["https://www.nettavisen.no/nyheter/avslort-da-han-ble-funnet-i-kusinens-seng/s/5-95-3219216"], "confidence": 0.8, "tone": -3.56164383561644, "goldstein": -5.0, "mentions": 10}}, {"type": "Feature", "geometry": {"type": "Point", "coordinates": [2.0, 46.0]}, "properties": {"id": "gdelt-1325258347", "source": "gdelt", "event_type": "Assault", "sub_type": "CAMEO 1821", "date": "2026-09-28", "title": "Assault — France", "description": "", "fatalities": null, "actors": ["CRUSADER"], "country": "FR", "links": ["https://www.lanacion.com.ar/opinion/cancelacion-nid28092026/"], "confidence": 0.8, "tone": -5.46357615894039, "goldstein": -9.0, "mentions": 10}}, {"type": "Feature", "geometry": {"type": "Point", "coordinates": [20.0, 52.0]}, "properties": {"id": "gdelt-1325258350", "source": "gdelt", "event_type": "Coerce", "sub_type": "CAMEO 172", "date": "2026-09-28", "title": "Coerce — Poland", "description": "", "fatalities": null, "actors": ["POLISH"], "country": "PL", "links": ["https://www.portalsamorzadowy.pl/wydarzenia-lokalne/polskie-domy-w-zasiegu-ataku-dron-moze-doleciec-w-10-sekund,677746.html"], "confidence": 0.8, "tone": -5.04587155963302, "goldstein": -5.0, "mentions": 10}}, {"type": "Feature", "geometry": {"type": "Point", "coordinates": [20.7347, 50.2113]}, "properties": {"id": "gdelt-1325258353", "source": "gdelt", "event_type": "Fight", "sub_type": "CAMEO 193", "date": "2026-09-28", "title": "Fight — Deblin, Malopolskie, Poland", "description": "", "fatalities": null, "actors": ["POLISH", "POLAND"], "country": "PL", "links": ["https://www.portalsamorzadowy.pl/wydarzenia-lokalne/polska-zmienia-procedury-dotyczace-lotnictwa-pilot-podejmie-decyzje-o-zestrzeleniu,677760.html"], "confidence": 0.4, "tone": -3.53846153846154, "goldstein": -10.0, "mentions": 2}}, {"type": "Feature", "geometry": {"type": "Point", "coordinates": [20.7347, 50.2113]}, "properties": {"id": "gdelt-1325258355", "source": "gdelt", "event_type": "Fight", "sub_type": "CAMEO 193", "date": "2026-09-28", "title": "Fight — Deblin, Malopolskie, Poland", "description": "", "fatalities": null, "actors": ["POLISH"], "country": "PL", "links": ["https://www.portalsamorzadowy.pl/wydarzenia-lokalne/polska-zmienia-procedury-dotyczace-lotnictwa-pilot-podejmie-decyzje-o-zestrzeleniu,677760.html"], "confidence": 0.6000000000000001, "tone": -3.53846153846154, "goldstein": -10.0, "mentions": 6}}, {"type": "Feature", "geometry": {"type": "Point", "coordinates": [32.0, 49.0]}, "properties": {"id": "gdelt-1325258362", "source": "gdelt", "event_type": "Coerce", "sub_type": "CAMEO 1712", "date": "2026-09-28", "title": "Coerce — Ukraine", "description": "", "fatalities": null, "actors": ["GAZA"], "country": "UP", "links": ["https://www.haberler.com/haberler/netanyahu-ahlaki-korkaklar-dedi-izlandali-bakanin-20278425-haberi/"], "confidence": 0.8, "tone": -2.74314214463841, "goldstein": -9.2, "mentions": 10}}, {"type": "Feature", "geometry": {"type": "Point", "coordinates": [50.15, 53.2]}, "properties": {"id": "gdelt-1325258395", "source": "gdelt", "event_type": "Coerce", "sub_type": "CAMEO 1712", "date": "2026-09-28", "title": "Coerce — Samara, Samarskaya Oblast', Russia", "description": "", "fatalities": null, "actors": ["VORONEZH"], "country": "RS", "links": ["https://www.amic.ru/news/v-voronezhe-pri-padenii-bpla-postradali-chetyre-cheloveka-v-tom-chisle-troe-detey-593332"], "confidence": 0.8, "tone": -4.41988950276243, "goldstein": -9.2, "mentions": 10}}, {"type": "Feature", "geometry": {"type": "Point", "coordinates": [30.5167, 50.4333]}, "properties": {"id": "gdelt-1325258396", "source": "gdelt", "event_type": "Assault", "sub_type": "CAMEO 180", "date": "2026-09-28", "title": "Assault — Kiev, Ukraine (general), Ukraine", "description": "", "fatalities": null, "actors": ["RUSSIAN"], "country": "UP", "links": ["https://www.objectiv.tv/objectively/2026/09/28/iz-za-atak-bpla-priostanovili-avtobusnoe-soobshhenie-zolochev-harkov/"], "confidence": 0.4, "tone": -3.65853658536585, "goldstein": -9.0, "mentions": 2}}, {"type": "Feature", "geometry": {"type": "Point", "coordinates": [35.0, 43.0]}, "properties": {"id": "gdelt-1325258397", "source": "gdelt", "event_type": "Assault", "sub_type": "CAMEO 180", "date": "2026-09-28", "title": "Assault — Black Sea, Oceans (general), Oceans", "description": "", "fatalities": null, "actors": ["KRASNODAR"], "country": "OS", "links": ["https://www.tgrthaber.com/dunya/volodimir-zelenskiy-o-anlari-paylasti-ukrayna-rusyanin-savunma-tesisleri-vurdu-3361990"], "confidence": 0.7, "tone": -3.71747211895911, "goldstein": -9.0, "mentions": 8}}, {"type": "Feature", "geometry": {"type": "Point", "coordinates": [100.0, 60.0]}, "properties": {"id": "gdelt-1325258398", "source": "gdelt", "event_type": "Assault", "sub_type": "CAMEO 180", "date": "2026-09-28", "title": "Assault — Russia", "description": "", "fatalities": null, "actors": ["KRASNODAR"], "country": "RS", "links": ["https://www.tgrthaber.com/dunya/volodimir-zelenskiy-o-anlari-paylasti-ukrayna-rusyanin-savunma-tesisleri-vurdu-3361990"], "confidence": 0.4, "tone": -3.71747211895911, "goldstein": -9.0, "mentions": 2}}, {"type": "Feature", "geometry": {"type": "Point", "coordinates": [25.1298, 51.7377]}, "properties": {"id": "gdelt-1325258399", "source": "gdelt", "event_type": "Fight", "sub_type": "CAMEO 190", "date": "2026-09-28", "title": "Fight — Dibrova, Volyns'ka Oblast', Ukraine", "description": "", "fatalities": null, "actors": ["RUSSIAN"], "country": "UP", "links": ["https://news.mail.ru/svo/72524382/"], "confidence": 0.7, "tone": -3.91061452513966, "goldstein": -10.0, "mentions": 8}}, {"type": "Feature", "geometry": {"type": "Point", "coordinates": [133.424, 45.4794]}, "properties": {"id": "gdelt-1325258400", "source": "gdelt", "event_type": "Fight", "sub_type": "CAMEO 190", "date": "2026-09-28", "title": "Fight — Ussuri, Primorskiy Kray, Russia", "description": "", "fatalities": null, "actors": ["RUSSIAN"], "country": "RS", "links": ["https://war.obozrevatel.com/section-war/news-tysyachi-vtrat-i-samohubstva-splyvly-tsikavi-dani-pro-rosiysku-dyviziyu-yaka-nastupaye-na-zaporizkomu-napryamku-28-09-2026.html"], "confidence": 0.8, "tone": -10.261569416499, "goldstein": -10.0, "mentions": 10}}, {"type": "Feature", "geometry": {"type": "Point", "coordinates": [60.1083, 55.045]}, "properties": {"id": "gdelt-1325258401", "source": "gdelt", "event_type": "Fight", "sub_type": "CAMEO 190", "date": "2026-09-28", "title": "Fight — Miass, Chelyabinskaya Oblast', Russia", "description": "", "fatalities": null, "actors": ["CHELYABINSK"], "country": "RS", "links": ["https://ura.news/news/1053131452"], "confidence": 0.8, "tone": -2.36686390532545, "goldstein": -10.0, "mentions": 10}}, {"type": "Feature", "geometry": {"type": "Point", "coordinates": [32.0, 49.0]}, "properties": {"id": "gdelt-1325258409", "source": "gdelt", "event_type": "Coerce", "sub_type": "CAMEO 173", "date": "2026-09-28", "title": "Coerce — Ukraine", "description": "", "fatalities": null, "actors": ["TYUMEN", "TERRORIST"], "country": "UP", "links": ["https://ura.news/news/1053131476"], "confidence": 0.4, "tone": -8.5365853658537, "goldstein": -5.0, "mentions": 2}}, {"type": "Feature", "geometry": {"type": "Point", "coordinates": [38.0276, 50.8081]}, "properties": {"id": "gdelt-1325258418", "source": "gdelt", "event_type": "Fight", "sub_type": "CAMEO 190", "date": "2026-09-28", "title": "Fight — Terekhov, Belgorodskaya Oblast', Russia", "description": "", "fatalities": null, "actors": ["RUSSIA", "KHARKIV"], "country": "RS", "links": ["https://www.volynnews.com/news/all/udar-rf-po-bahatopoverkhivtsi-u-kharkovi-kilkist-postrazhdalykh-perevyshchyla-30/"], "confidence": 0.8, "tone": -6.13496932515338, "goldstein": -10.0, "mentions": 10}}, {"type": "Feature", "geometry": {"type": "Point", "coordinates": [100.0, 60.0]}, "properties": {"id": "gdelt-1325258419", "source": "gdelt", "event_type": "Fight", "sub_type": "CAMEO 190", "date": "2026-09-28", "title": "Fight — Russia", "description": "", "fatalities": null, "actors": ["RUSSIAN", "UKRAINE"], "country": "RS", "links": ["https://www.obozrevatel.com/section-rozsliduvannya/news-meshkanets-khersona-zlyvav-vorohu-koordynaty-mists-perebuvannya-ukrayinskykh-viyskovykh-i-poplatyvsya-28-09-2026.html"], "confidence": 0.6000000000000001, "tone": -6.15384615384616, "goldstein": -10.0, "mentions": 6}}, {"type": "Feature", "geometry": {"type": "Point", "coordinates": [37.6156, 55.7522]}, "properties": {"id": "gdelt-1325258420", "source": "gdelt", "event_type": "Fight", "sub_type": "CAMEO 195", "date": "2026-09-28", "title": "Fight — Moscow, Moskva, Russia", "description": "", "fatalities": null, "actors": ["RUSSIA", "UKRAINE"], "country": "RS", "links": ["https://www.ceskenoviny.cz/zpravy/rusky-vzdusny-utok-na-ukrajinske-dnipro-zabil-tri-lidi-uvedl-cinitel/2880145"], "confidence": 0.4, "tone": -10.6217616580311, "goldstein": -10.0, "mentions": 2}}, {"type": "Feature", "geometry": {"type": "Point", "coordinates": [30.5167, 50.4333]}, "properties": {"id": "gdelt-1325258421", "source": "gdelt", "event_type": "Fight", "sub_type": "CAMEO 195", "date": "2026-09-28", "title": "Fight — Kiev, Ukraine (general), Ukraine", "description": "", "fatalities": null, "actors": ["RUSSIA", "UKRAINE"], "country": "UP", "links": ["https://www.ceskenoviny.cz/zpravy/rusky-vzdusny-utok-na-ukrajinske-dnipro-zabil-tri-lidi-uvedl-cinitel/2880145"], "confidence": 0.9, "tone": -10.6217616580311, "goldstein": -10.0, "mentions": 12}}, {"type": "Feature", "geometry": {"type": "Point", "coordinates": [68.0, 48.0]}, "properties": {"id": "gdelt-1325258426", "source": "gdelt", "event_type": "Coerce", "sub_type": "CAMEO 173", "date": "2026-09-28", "title": "Coerce — Kazakhstan", "description": "", "fatalities": null, "actors": ["RUSSIA", "VICTORIA"], "country": "KZ", "links": ["https://www.kommersant.ru/doc/8988416"], "confidence": 0.5, "tone": -5.72171651495449, "goldstein": -5.0, "mentions": 4}}, {"type": "Feature", "geometry": {"type": "Point", "coordinates": [28.0, 53.0]}, "properties": {"id": "gdelt-1325258427", "source": "gdelt", "event_type": "Fight", "sub_type": "CAMEO 190", "date": "2026-09-28", "title": "Fight — Belarus", "description": "", "fatalities": null, "actors": ["VLADIMIR", "BELARUS"], "country": "BO", "links": ["https://www.kommersant.ru/doc/8988612"], "confidence": 0.7, "tone": 0.0, "goldstein": -10.0, "mentions": 8}}, {"type": "Feature", "geometry": {"type": "Point", "coordinates": [39.8261, 21.4267]}, "properties": {"id": "gdelt-1325258429", "source": "gdelt", "event_type": "Assault", "sub_type": "CAMEO 180", "date": "2026-09-28", "title": "Assault — Mecca, Makkah, Saudi Arabia", "description": "", "fatalities": null, "actors": ["MECCA"], "country": "SA", "links": ["https://www.sabah.com.tr/gundem/2026/09/28/son-dakika-tbmm-baskani-kurtulmustan-fon-sorusturmasi-aciklamasi-yapanin-yanina-kar-kalmayacak"], "confidence": 0.8, "tone": 1.67753960857409, "goldstein": -9.0, "mentions": 10}}, {"type": "Feature", "geometry": {"type": "Point", "coordinates": [34.75, 31.5]}, "properties": {"id": "gdelt-1325258462", "source": "gdelt", "event_type": "Coerce", "sub_type": "CAMEO 172", "date": "2026-09-28", "title": "Coerce — Israel", "description": "", "fatalities": null, "actors": ["TURKEY", "ISRAEL"], "country": "IS", "links": ["https://netinternethaber.com/bakan-fidandan-islam-alemine-israil-uyarisi-katliama-karsi-saflari-siklastiralim/"], "confidence": 0.8, "tone": -2.73504273504273, "goldstein": -5.0, "mentions": 10}}, {"type": "Feature", "geometry": {"type": "Point", "coordinates": [31.2849, 51.5055]}, "properties": {"id": "gdelt-1325258477", "source": "gdelt", "event_type": "Assault", "sub_type": "CAMEO 180", "date": "2026-09-28", "title": "Assault — Chernihiv, Chernihivs'ka Oblast', Ukraine", "description": "", "fatalities": null, "actors": ["FIGHTER"], "country": "UP", "links": ["https://espreso.tv/viyna-z-rosiyeyu-operatsiya-vivaldi-biletskiy-povidomiv-pro-zvilnennya-shche-trokh-sil-ta-51-km-kv-na-limanskomu-napryamku"], "confidence": 0.8, "tone": -5.29953917050691, "goldstein": -9.0, "mentions": 10}}, {"type": "Feature", "geometry": {"type": "Point", "coordinates": [29.9239, 46.9888]}, "properties": {"id": "gdelt-1325258478", "source": "gdelt", "event_type": "Assault", "sub_type": "CAMEO 180", "date": "2026-09-28", "title": "Assault — Novoselivka, Odes'ka Oblast, Ukraine", "description": "", "fatalities": null, "actors": ["FIGHTER"], "country": "UP", "links": ["https://www.volynnews.com/news/all/operatsiia-vivaldi-tretiy-armiyskyy-korpus-zvilnyv-shche-try-sela-na-donbasi/"], "confidence": 0.8, "tone": -5.6701030927835, "goldstein": -9.0, "mentions": 10}}, {"type": "Feature", "geometry": {"type": "Point", "coordinates": [29.9239, 46.9888]}, "properties": {"id": "gdelt-1325258479", "source": "gdelt", "event_type": "Fight", "sub_type": "CAMEO 190", "date": "2026-09-28", "title": "Fight — Novoselivka, Odes'ka Oblast, Ukraine", "description": "", "fatalities": null, "actors": ["FIGHTER"], "country": "UP", "links": ["https://www.volynnews.com/news/all/operatsiia-vivaldi-tretiy-armiyskyy-korpus-zvilnyv-shche-try-sela-na-donbasi/"], "confidence": 0.8, "tone": -5.6701030927835, "goldstein": -10.0, "mentions": 10}}, {"type": "Feature", "geometry": {"type": "Point", "coordinates": [105.0, 35.0]}, "properties": {"id": "gdelt-1325258480", "source": "gdelt", "event_type": "Fight", "sub_type": "CAMEO 190", "date": "2026-09-28", "title": "Fight — China", "description": "", "fatalities": null, "actors": ["MILITIA"], "country": "CH", "links": ["https://www.radiookapi.net/2026/09/28/actualite/securite/au-moins-16-miliciens-tues-dans-des-affrontements-entre-la-crp-et-la"], "confidence": 0.9, "tone": -2.8735632183908, "goldstein": -10.0, "mentions": 20}}, {"type": "Feature", "geometry": {"type": "Point", "coordinates": [-0.116667, 51.5]}, "properties": {"id": "gdelt-1325258481", "source": "gdelt", "event_type": "Mass violence", "sub_type": "CAMEO 203", "date": "2026-09-28", "title": "Mass violence — London, London, City of, United Kingdom", "description": "", "fatalities": null, "actors": ["TERRORIST"], "country": "UK", "links": ["https://www.politika.rs/scc/clanak/789057/miliband-buducnost-britanije-je-u-dubljem-partnerstvu-sa-eu"], "confidence": 0.8, "tone": 1.28865979381443, "goldstein": -10.0, "mentions": 10}}, {"type": "Feature", "geometry": {"type": "Point", "coordinates": [37.6156, 55.7522]}, "properties": {"id": "gdelt-1325258487", "source": "gdelt", "event_type": "Fight", "sub_type": "CAMEO 193", "date": "2026-09-28", "title": "Fight — Moscow, Moskva, Russia", "description": "", "fatalities": null, "actors": ["KIEV"], "country": "RS", "links": ["https://www.b92.net/svi-komentari/271402"], "confidence": 0.9, "tone": -8.43811581315832, "goldstein": -10.0, "mentions": 34}}, {"type": "Feature", "geometry": {"type": "Point", "coordinates": [9.2, 45.4667]}, "properties": {"id": "gdelt-1325258488", "source": "gdelt", "event_type": "Fight", "sub_type": "CAMEO 193", "date": "2026-09-28", "title": "Fight — Milan, Lombardia, Italy", "description": "", "fatalities": null, "actors": ["UKRAINIAN"], "country": "IT", "links": ["https://www.leggo.it/italia/milano/28_settembre_2026_raffaele_mascia_condanna_20_anni_omicidio_panetteria_ivan_disar_milano-9789995.html"], "confidence": 0.8, "tone": -8.40579710144925, "goldstein": -10.0, "mentions": 10}}, {"type": "Feature", "geometry": {"type": "Point", "coordinates": [30.5167, 50.4333]}, "properties": {"id": "gdelt-1325258495", "source": "gdelt", "event_type": "Fight", "sub_type": "CAMEO 190", "date": "2026-09-28", "title": "Fight — Kiev, Ukraine (general), Ukraine", "description": "", "fatalities": null, "actors": ["KIEV", "MILITARY"], "country": "UP", "links": ["https://ria.ru/20260928/es-2120716513.html"], "confidence": 0.4, "tone": 1.09289617486339, "goldstein": -10.0, "mentions": 2}}, {"type": "Feature", "geometry": {"type": "Point", "coordinates": [32.0, 49.0]}, "properties": {"id": "gdelt-1325258502", "source": "gdelt", "event_type": "Fight", "sub_type": "CAMEO 195", "date": "2026-09-28", "title": "Fight — Ukraine", "description": "", "fatalities": null, "actors": ["UKRAINE", "RUSSIA"], "country": "UP", "links": ["https://www.tgrthaber.com/dunya/volodimir-zelenskiy-o-anlari-paylasti-ukrayna-rusyanin-savunma-tesisleri-vurdu-3361990"], "confidence": 0.8, "tone": -3.71747211895911, "goldstein": -10.0, "mentions": 10}}, {"type": "Feature", "geometry": {"type": "Point", "coordinates": [-4.0, 54.0]}, "properties": {"id": "gdelt-1325258512", "source": "gdelt", "event_type": "Assault", "sub_type": "CAMEO 1821", "date": "2026-09-28", "title": "Assault — United Kingdom", "description": "", "fatalities": null, "actors": ["MIAMI", "UNITED KINGDOM"], "country": "UK", "links": ["https://tsn.ua/glamur/ukrayinska-model-zdyvuvala-iak-nadokuchav-skandalnyy-brat-teyt-shcho-vin-yiy-vypysuvav-i-yiyi-reaktsiia-3176999.html"], "confidence": 0.4, "tone": -0.23419203747073, "goldstein": -9.0, "mentions": 2}}, {"type": "Feature", "geometry": {"type": "Point", "coordinates": [-4.0, 54.0]}, "properties": {"id": "gdelt-1325258513", "source": "gdelt", "event_type": "Assault", "sub_type": "CAMEO 1821", "date": "2026-09-28", "title": "Assault — United Kingdom", "description": "", "fatalities": null, "actors": ["MIAMI", "UNITED KINGDOM"], "country": "UK", "links": ["https://tsn.ua/glamur/ukrayinska-model-zdyvuvala-iak-nadokuchav-skandalnyy-brat-teyt-shcho-vin-yiy-vypysuvav-i-yiyi-reaktsiia-3176999.html"], "confidence": 0.7, "tone": -0.23419203747073, "goldstein": -9.0, "mentions": 8}}, {"type": "Feature", "geometry": {"type": "Point", "coordinates": [93.2402, 53.7823]}, "properties": {"id": "gdelt-1325258544", "source": "gdelt", "event_type": "Fight", "sub_type": "CAMEO 190", "date": "2026-09-28", "title": "Fight — Gorlovka, Krasnoyarskiy Kray, Russia", "description": "", "fatalities": null, "actors": ["SLAVIC"], "country": "RS", "links": ["https://news.mail.ru/svo/72486017/"], "confidence": 0.8, "tone": -1.4367816091954, "goldstein": -10.0, "mentions": 10}}, {"type": "Feature", "geometry": {"type": "Point", "coordinates": [25.4288, 49.196]}, "properties": {"id": "gdelt-1325258545", "source": "gdelt", "event_type": "Fight", "sub_type": "CAMEO 192", "date": "2026-09-28", "title": "Fight — Dobropole, Ternopil's'ka Oblast', Ukraine", "description": "", "fatalities": null, "actors": ["SLAVIC", "RUSSIAN"], "country": "UP", "links": ["https://news.mail.ru/svo/72486017/"], "confidence": 0.4, "tone": -1.4367816091954, "goldstein": -9.5, "mentions": 2}}, {"type": "Feature", "geometry": {"type": "Point", "coordinates": [25.4288, 49.196]}, "properties": {"id": "gdelt-1325258546", "source": "gdelt", "event_type": "Fight", "sub_type": "CAMEO 192", "date": "2026-09-28", "title": "Fight — Dobropole, Ternopil's'ka Oblast', Ukraine", "description": "", "fatalities": null, "actors": ["SLAVIC", "RUSSIA"], "country": "UP", "links": ["https://news.mail.ru/svo/72486017/"], "confidence": 0.4, "tone": -1.4367816091954, "goldstein": -9.5, "mentions": 2}}, {"type": "Feature", "geometry": {"type": "Point", "coordinates": [93.2402, 53.7823]}, "properties": {"id": "gdelt-1325258547", "source": "gdelt", "event_type": "Fight", "sub_type": "CAMEO 192", "date": "2026-09-28", "title": "Fight — Gorlovka, Krasnoyarskiy Kray, Russia", "description": "", "fatalities": null, "actors": ["SLAVIC", "RUSSIAN"], "country": "RS", "links": ["https://news.mail.ru/svo/72486017/"], "confidence": 0.6000000000000001, "tone": -1.4367816091954, "goldstein": -9.5, "mentions": 6}}]}